user_id,episode,similarity_level,Trust_the_agent,feedback_score,prev_agent,update_agent,prev_agent_last_score,update_agent_last_score,prev_agent_mean_score,update_agent_mean_score,choice,good_choice,good_choice_last,choice_time,examples_shown,board_index,improved_from_base,improved_from_base_last,improved_from_prev_last,improved_from_prev_mean,final_agent,final_agent_score
62e023ae6d022e4d7bfc5db1,4,2,1,1.0,AllColorsLL1_0526,AllColorsLL2_0604,7.1,6.9,3.26,2.34,1.0,0.0,0.0,7.0,1.0,2.0,-1.0,-1.0,False,False,AllColorsLL2_0604,5.0
6553a9fad9d3c60da28bea04,1,0,0,,AllColorsLL1_0526,AllColorsLH_0617,-8.9,1.6,3.26,4.42,1.0,1.0,1.0,0.0,0.0,14.0,1.0,1.0,True,True,NoRedLH3_0612,13.1
6553a9fad9d3c60da28bea04,2,0,0,,AllColorsLH_0617,NoRedLH3_0612,7.8,8.7,4.42,4.62,1.0,1.0,1.0,0.0,0.0,2.0,1.0,1.0,True,True,NoRedLH3_0612,13.1
6553a9fad9d3c60da28bea04,3,0,0,,NoRedLH3_0612,AllColorsLH_0617,2.7,5.9,4.62,4.42,1.0,0.0,1.0,0.0,0.0,1.0,1.0,1.0,True,False,NoRedLH3_0612,13.1
6553a9fad9d3c60da28bea04,4,0,0,,AllColorsLH_0617,NoRedLH3_0612,10.2,11.7,4.42,4.62,1.0,1.0,1.0,0.0,0.0,3.0,1.0,1.0,True,True,NoRedLH3_0612,13.1
6553a9fad9d3c60da28bea04,5,0,0,,NoRedLH3_0612,NoRedLH3_0612,4.6,7.7,4.62,4.13,1.0,0.0,1.0,0.0,0.0,10.0,1.0,1.0,True,False,NoRedLH3_0612,13.1
56aa0d98402d62000a6f8ae5,4,2,0,2.0,AllColorsLL1_0526,AllColorsLL2_0604,5.7,6.1,3.26,2.34,0.0,1.0,0.0,12.0,1.0,17.0,-1.0,1.0,True,False,AllColorsLL1_0526,13.4
6674bd2b56aae0985600d533,1,1,0,1.0,AllColorsLL1_0526,AllColorsLH_0617,2.7,7.8,3.26,4.42,0.0,0.0,0.0,25.0,2.0,9.0,1.0,1.0,True,True,OnlyBlueLL_0625,4.7
6674bd2b56aae0985600d533,2,1,0,4.0,AllColorsLL1_0526,OnlyBlueLL_0625,7.3,8.6,3.26,2.45,1.0,0.0,1.0,11.0,1.0,8.0,-1.0,1.0,True,False,OnlyBlueLL_0625,4.7
6674bd2b56aae0985600d533,3,1,0,5.0,OnlyBlueLL_0625,OnlyBlueLH_0706,4.7,4.7,2.45,4.13,0.0,0.0,1.0,38.0,4.0,4.0,1.0,1.0,True,True,OnlyBlueLL_0625,4.7
6674bd2b56aae0985600d533,4,1,0,7.0,OnlyBlueLL_0625,OnlyGreenLL_0429,7.4,1.5,2.45,-0.79,0.0,1.0,1.0,25.0,4.0,5.0,-1.0,-1.0,False,False,OnlyBlueLL_0625,4.7
6674bd2b56aae0985600d533,5,1,0,10.0,OnlyBlueLL_0625,OnlyGreenLL_0429,-1.3,2.5,2.45,-0.79,0.0,1.0,0.0,12.0,4.0,1.0,-1.0,1.0,True,False,OnlyBlueLL_0625,4.7
5d684971f5868700184eab81,1,2,1,1.0,AllColorsLL1_0526,AllColorsLL2_0604,5.4,10.7,3.26,2.34,0.0,1.0,0.0,39.0,1.0,13.0,-1.0,1.0,True,False,AllColorsLH_0617,13.3
5d684971f5868700184eab81,3,2,1,2.0,AllColorsLL1_0526,AllColorsLH_0617,1.8,5.9,3.26,4.42,1.0,1.0,1.0,9.0,1.0,1.0,1.0,1.0,True,True,AllColorsLH_0617,13.3
5ce7fd368020d30018f9d7a5,1,4,0,3.0,AllColorsLL1_0526,AllColorsLL2_0604,1.8,0.3,3.26,2.34,1.0,0.0,0.0,23.0,3.0,9.0,-1.0,-1.0,False,False,NoRedLH3_0612,13.1
5ce7fd368020d30018f9d7a5,2,4,0,4.0,AllColorsLL2_0604,AllColorsLH_0617,2.5,7.8,2.34,4.42,1.0,1.0,1.0,11.0,1.0,4.0,1.0,1.0,True,True,NoRedLH3_0612,13.1
5ce7fd368020d30018f9d7a5,3,4,0,5.0,AllColorsLH_0617,AllColorsLL1_0526,8.5,3.5,4.42,3.26,1.0,0.0,0.0,13.0,1.0,5.0,0.0,0.0,False,False,NoRedLH3_0612,13.1
5ce7fd368020d30018f9d7a5,4,4,0,16.0,AllColorsLL1_0526,AllColorsLH_0617,-2.0,-7.0,3.26,4.42,1.0,1.0,0.0,8.0,1.0,14.0,1.0,-1.0,False,True,NoRedLH3_0612,13.1
5ce7fd368020d30018f9d7a5,5,4,0,17.0,AllColorsLH_0617,NoRedLH3_0612,6.5,7.8,4.42,4.62,1.0,1.0,1.0,13.0,1.0,4.0,1.0,1.0,True,True,NoRedLH3_0612,13.1
59baf1a2178f1b0001828a26,1,1,0,1.0,AllColorsLL1_0526,AllColorsLH_0617,2.7,7.8,3.26,4.42,1.0,1.0,1.0,20.0,1.0,9.0,1.0,1.0,True,True,NoRedLH3_0612,13.1
59baf1a2178f1b0001828a26,2,1,0,1.0,AllColorsLH_0617,NoRedLH3_0612,10.2,10.6,4.42,4.62,1.0,1.0,1.0,22.0,4.0,5.0,1.0,1.0,True,True,NoRedLH3_0612,13.1
59baf1a2178f1b0001828a26,3,1,0,2.0,NoRedLH3_0612,AllColorsLH_0617,6.5,5.4,4.62,4.42,0.0,1.0,1.0,18.0,4.0,17.0,1.0,-1.0,False,False,NoRedLH3_0612,13.1
59baf1a2178f1b0001828a26,4,1,0,3.0,NoRedLH3_0612,AllColorsLH_0617,4.6,2.1,4.62,4.42,0.0,1.0,1.0,38.0,3.0,10.0,1.0,-1.0,False,False,NoRedLH3_0612,13.1
5cfd68599d3b5700198ab635,1,0,0,,AllColorsLL1_0526,AllColorsLH_0617,3.5,8.5,3.26,4.42,1.0,1.0,1.0,0.0,0.0,16.0,1.0,1.0,True,True,NoRedLH3_0612,13.1
5cfd68599d3b5700198ab635,2,0,0,,AllColorsLH_0617,NoRedLH3_0612,7.8,8.7,4.42,4.62,1.0,1.0,1.0,0.0,0.0,2.0,1.0,1.0,True,True,NoRedLH3_0612,13.1
5cfd68599d3b5700198ab635,3,0,0,,NoRedLH3_0612,AllColorsLH_0617,7.8,7.8,4.62,4.42,1.0,0.0,1.0,0.0,0.0,9.0,1.0,1.0,True,False,NoRedLH3_0612,13.1
5cfd68599d3b5700198ab635,4,0,0,,AllColorsLH_0617,NoRedLH3_0612,5.4,6.5,4.42,4.62,1.0,1.0,1.0,0.0,0.0,17.0,1.0,1.0,True,True,NoRedLH3_0612,13.1
5cfd68599d3b5700198ab635,5,0,0,,NoRedLH3_0612,NoRedLH3_0612,6.4,4.7,4.62,4.13,1.0,0.0,0.0,0.0,0.0,4.0,1.0,1.0,False,False,NoRedLH3_0612,13.1
58404fd8ad98e40001ce915f,1,4,1,6.0,AllColorsLL1_0526,AllColorsLH_0617,-2.0,-7.0,3.26,4.42,1.0,1.0,0.0,29.0,1.0,11.0,1.0,-1.0,False,True,OnlyBlueLL_0625,4.7
58404fd8ad98e40001ce915f,2,4,1,6.0,AllColorsLH_0617,AllColorsLL1_0526,2.1,2.3,4.42,3.26,1.0,0.0,1.0,19.0,1.0,16.0,0.0,0.0,True,False,OnlyBlueLL_0625,4.7
58404fd8ad98e40001ce915f,3,4,1,7.0,AllColorsLL1_0526,OnlyBlueLL_0625,5.7,-5.0,3.26,2.45,1.0,0.0,0.0,14.0,1.0,12.0,-1.0,-1.0,False,False,OnlyBlueLL_0625,4.7
58404fd8ad98e40001ce915f,4,4,1,7.0,OnlyBlueLL_0625,OnlyBlueLH_0706,4.7,4.7,2.45,4.13,1.0,1.0,1.0,14.0,1.0,9.0,1.0,1.0,True,True,OnlyBlueLL_0625,4.7
58404fd8ad98e40001ce915f,5,4,1,8.0,OnlyBlueLH_0706,OnlyBlueLL_0625,4.5,7.4,4.13,2.45,1.0,0.0,1.0,15.0,1.0,3.0,-1.0,-1.0,True,False,OnlyBlueLL_0625,4.7
67dae759471e30afd08ad225,1,1,1,1.0,AllColorsLL1_0526,AllColorsLL2_0604,5.4,10.7,3.26,2.34,1.0,0.0,1.0,37.0,1.0,13.0,-1.0,1.0,True,False,OnlyBlueLH_0706,11.8
67dae759471e30afd08ad225,2,1,1,2.0,AllColorsLL2_0604,OnlyBlueLL_0625,9.1,7.4,2.34,2.45,1.0,1.0,0.0,23.0,2.0,5.0,-1.0,-1.0,False,True,OnlyBlueLH_0706,11.8
67dae759471e30afd08ad225,3,1,1,3.0,OnlyBlueLL_0625,OnlyBlueLH_0706,-2.5,-5.0,2.45,4.13,1.0,1.0,0.0,13.0,1.0,14.0,1.0,1.0,False,True,OnlyBlueLH_0706,11.8
67dae759471e30afd08ad225,4,1,1,4.0,OnlyBlueLH_0706,NoRedLH3_0612,8.1,7.8,4.13,4.62,0.0,0.0,1.0,12.0,1.0,9.0,1.0,1.0,False,True,OnlyBlueLH_0706,11.8
67dae759471e30afd08ad225,5,1,1,4.0,OnlyBlueLH_0706,NoRedLH3_0612,10.0,11.7,4.13,4.62,0.0,0.0,0.0,12.0,1.0,3.0,1.0,1.0,True,True,OnlyBlueLH_0706,11.8
650b03136ab3d4c832d98b71,1,3,0,8.0,AllColorsLL1_0526,AllColorsLH_0617,-8.9,1.6,3.26,4.42,0.0,0.0,0.0,61.0,4.0,15.0,1.0,1.0,True,True,AllColorsLL1_0526,13.4
671bbaf1bec15d847b871b9b,1,0,1,,AllColorsLL1_0526,AllColorsLH_0617,2.1,5.8,3.26,4.42,1.0,1.0,1.0,0.0,0.0,11.0,1.0,1.0,True,True,NoRedLH1_0612,5.0
671bbaf1bec15d847b871b9b,2,0,1,,AllColorsLH_0617,NoRedLH3_0612,6.5,7.8,4.42,4.62,1.0,1.0,1.0,0.0,0.0,12.0,1.0,1.0,True,True,NoRedLH1_0612,5.0
671bbaf1bec15d847b871b9b,3,0,1,,NoRedLH3_0612,NoRedLH1_0612,4.4,5.0,4.62,5.25,1.0,1.0,1.0,0.0,0.0,16.0,1.0,1.0,True,True,NoRedLH1_0612,5.0
671bbaf1bec15d847b871b9b,4,0,1,,NoRedLH1_0612,NoRedLH1_0612,4.5,4.5,5.25,5.25,1.0,1.0,1.0,0.0,0.0,6.0,1.0,1.0,True,True,NoRedLH1_0612,5.0
6720fbc84253185973cbe564,1,2,0,1.0,AllColorsLL1_0526,OnlyBlueLL_0625,7.3,8.6,3.26,2.45,1.0,0.0,1.0,62.0,4.0,8.0,-1.0,1.0,True,False,NoRedLH3_0612,13.1
6720fbc84253185973cbe564,2,2,0,2.0,OnlyBlueLL_0625,OnlyBlueLH_0706,7.4,4.5,2.45,4.13,1.0,1.0,0.0,37.0,4.0,5.0,1.0,-1.0,False,True,NoRedLH3_0612,13.1
6720fbc84253185973cbe564,3,2,0,4.0,OnlyBlueLH_0706,NoRedLH3_0612,8.1,7.8,4.13,4.62,1.0,1.0,0.0,55.0,4.0,9.0,1.0,1.0,False,True,NoRedLH3_0612,13.1
6720fbc84253185973cbe564,4,2,0,4.0,NoRedLH3_0612,AllColorsLH_0617,2.7,5.9,4.62,4.42,1.0,0.0,1.0,148.0,4.0,1.0,1.0,1.0,True,False,NoRedLH3_0612,13.1
6720fbc84253185973cbe564,5,2,0,6.0,AllColorsLH_0617,NoRedLH3_0612,3.5,-6.0,4.42,4.62,1.0,1.0,0.0,24.0,4.0,15.0,1.0,-1.0,False,True,NoRedLH3_0612,13.1
67919517904684e49fc1556b,1,3,0,1.0,AllColorsLL1_0526,AllColorsLH_0617,2.1,5.8,3.26,4.42,0.0,0.0,0.0,32.0,2.0,15.0,1.0,1.0,True,True,AllColorsLH_0617,13.3
67919517904684e49fc1556b,2,3,0,2.0,AllColorsLL1_0526,AllColorsLH_0617,8.9,10.2,3.26,4.42,1.0,1.0,1.0,54.0,1.0,15.0,1.0,1.0,True,True,AllColorsLH_0617,13.3
67919517904684e49fc1556b,5,3,0,3.0,AllColorsLH_0617,NoRedLH3_0612,3.5,-6.0,4.42,4.62,0.0,0.0,1.0,21.0,1.0,12.0,1.0,-1.0,False,True,AllColorsLH_0617,13.3
66a4fa7405982fe08190da12,1,3,1,2.0,AllColorsLL1_0526,AllColorsLL2_0604,7.1,6.9,3.26,2.34,1.0,0.0,0.0,67.0,2.0,3.0,-1.0,-1.0,False,False,NoRedLH1_0612,5.0
66a4fa7405982fe08190da12,2,3,1,3.0,AllColorsLL2_0604,AllColorsLH_0617,-2.0,-7.0,2.34,4.42,1.0,1.0,0.0,29.0,1.0,9.0,1.0,-1.0,False,True,NoRedLH1_0612,5.0
66a4fa7405982fe08190da12,3,3,1,3.0,AllColorsLH_0617,NoRedLH3_0612,5.9,2.7,4.42,4.62,1.0,1.0,0.0,39.0,1.0,12.0,1.0,1.0,False,True,NoRedLH1_0612,5.0
66a4fa7405982fe08190da12,4,3,1,4.0,NoRedLH3_0612,AllColorsLH_0617,6.4,-0.0,4.62,4.42,0.0,1.0,1.0,39.0,1.0,3.0,1.0,-1.0,False,False,NoRedLH1_0612,5.0
66a4fa7405982fe08190da12,5,3,1,4.0,NoRedLH3_0612,NoRedLH1_0612,9.8,8.4,4.62,5.25,1.0,1.0,0.0,37.0,1.0,9.0,1.0,1.0,False,True,NoRedLH1_0612,5.0
66293ce3dba0764775195e58,1,1,0,2.0,AllColorsLL1_0526,AllColorsLH_0617,2.7,7.8,3.26,4.42,1.0,1.0,1.0,70.0,2.0,9.0,1.0,1.0,True,True,NoRedLH3_0612,13.1
66293ce3dba0764775195e58,2,1,0,6.0,AllColorsLH_0617,OnlyBlueLH_0706,7.8,4.6,4.42,4.13,1.0,0.0,0.0,31.0,1.0,2.0,1.0,-1.0,False,False,NoRedLH3_0612,13.1
66293ce3dba0764775195e58,3,1,0,6.0,OnlyBlueLH_0706,NoRedLH3_0612,3.5,7.8,4.13,4.62,1.0,1.0,1.0,35.0,1.0,12.0,1.0,1.0,True,True,NoRedLH3_0612,13.1
60819ba1a8862e33495f8914,1,0,0,,AllColorsLL1_0526,OnlyBlueLL_0625,7.1,4.6,3.26,2.45,1.0,0.0,0.0,0.0,0.0,2.0,-1.0,-1.0,False,False,AllColorsLH_0617,13.3
60819ba1a8862e33495f8914,2,0,0,,OnlyBlueLL_0625,OnlyBlueLH_0706,-2.5,-5.0,2.45,4.13,1.0,1.0,0.0,0.0,0.0,14.0,1.0,1.0,False,True,AllColorsLH_0617,13.3
60819ba1a8862e33495f8914,3,0,0,,OnlyBlueLH_0706,NoRedLH3_0612,3.8,6.1,4.13,4.62,1.0,1.0,1.0,0.0,0.0,6.0,1.0,1.0,True,True,AllColorsLH_0617,13.3
60819ba1a8862e33495f8914,4,0,0,,NoRedLH3_0612,AllColorsLH_0617,6.4,6.3,4.62,4.42,1.0,0.0,0.0,0.0,0.0,4.0,1.0,1.0,False,False,AllColorsLH_0617,13.3
60819ba1a8862e33495f8914,5,0,0,,AllColorsLH_0617,AllColorsLH_0617,5.9,6.1,4.42,5.25,1.0,1.0,1.0,0.0,0.0,1.0,1.0,1.0,True,True,AllColorsLH_0617,13.3
675330fb23080b9ae3ec8239,2,1,1,1.0,AllColorsLL1_0526,AllColorsLH_0617,2.7,7.8,3.26,4.42,1.0,1.0,1.0,88.0,1.0,9.0,1.0,1.0,True,True,NoRedLH3_0612,13.1
675330fb23080b9ae3ec8239,3,1,1,1.0,AllColorsLH_0617,NoRedLH3_0612,5.4,6.5,4.42,4.62,1.0,1.0,1.0,50.0,1.0,17.0,1.0,1.0,True,True,NoRedLH3_0612,13.1
675330fb23080b9ae3ec8239,4,1,1,3.0,NoRedLH3_0612,NoRedLH2_0618,7.8,7.9,4.62,3.98,1.0,0.0,1.0,38.0,1.0,12.0,1.0,1.0,True,False,NoRedLH3_0612,13.1
675330fb23080b9ae3ec8239,5,1,1,3.0,NoRedLH2_0618,NoRedLH3_0612,6.1,6.1,3.98,4.62,1.0,1.0,1.0,8.0,1.0,6.0,1.0,1.0,True,True,NoRedLH3_0612,13.1
667f5aad932eb7cb591a28ca,2,4,0,4.0,AllColorsLL1_0526,AllColorsLL2_0604,2.7,2.5,3.26,2.34,0.0,1.0,1.0,23.0,1.0,11.0,-1.0,-1.0,False,False,AllColorsLL1_0526,13.4
5e52a8ee0033f9000b01e91b,1,3,0,3.0,AllColorsLL1_0526,AllColorsLH_0617,2.7,7.8,3.26,4.42,1.0,1.0,1.0,17.0,1.0,15.0,1.0,1.0,True,True,NoRedLH3_0612,13.1
5e52a8ee0033f9000b01e91b,2,3,0,4.0,AllColorsLH_0617,NoRedLH3_0612,8.9,9.8,4.42,4.62,1.0,1.0,1.0,50.0,1.0,12.0,1.0,1.0,True,True,NoRedLH3_0612,13.1
66b4d2ee1ac8c5e9060a6930,1,3,1,1.0,AllColorsLL1_0526,AllColorsLH_0617,2.1,5.8,3.26,4.42,1.0,1.0,1.0,58.0,2.0,15.0,1.0,1.0,True,True,NoRedLH3_0612,13.1
66b4d2ee1ac8c5e9060a6930,3,3,1,2.0,AllColorsLH_0617,NoRedLH3_0612,10.2,11.7,4.42,4.62,1.0,1.0,1.0,29.0,1.0,12.0,1.0,1.0,True,True,NoRedLH3_0612,13.1
66b4d2ee1ac8c5e9060a6930,4,3,1,2.0,NoRedLH3_0612,AllColorsLH_0617,10.6,10.2,4.62,4.42,1.0,0.0,0.0,44.0,2.0,3.0,1.0,1.0,False,False,NoRedLH3_0612,13.1
66b4d2ee1ac8c5e9060a6930,5,3,1,2.0,AllColorsLH_0617,NoRedLH3_0612,5.9,2.7,4.42,4.62,1.0,1.0,0.0,18.0,1.0,12.0,1.0,1.0,False,True,NoRedLH3_0612,13.1
5d332957d0635b00013bd785,1,3,1,1.0,AllColorsLL1_0526,AllColorsLH_0617,9.3,10.2,3.26,4.42,0.0,0.0,0.0,28.0,4.0,15.0,1.0,1.0,True,True,NoRedLH3_0612,13.1
5d332957d0635b00013bd785,2,3,1,2.0,AllColorsLL1_0526,AllColorsLH_0617,3.5,8.5,3.26,4.42,1.0,1.0,1.0,31.0,1.0,15.0,1.0,1.0,True,True,NoRedLH3_0612,13.1
5d332957d0635b00013bd785,4,3,1,3.0,AllColorsLH_0617,NoRedLH3_0612,6.5,7.8,4.42,4.62,1.0,1.0,1.0,17.0,1.0,12.0,1.0,1.0,True,True,NoRedLH3_0612,13.1
6095e6bff657f30496a59d0e,1,2,0,1.0,AllColorsLL1_0526,OnlyBlueLL_0625,5.7,-5.0,3.26,2.45,0.0,1.0,1.0,18.0,1.0,17.0,-1.0,-1.0,False,False,NoRedLH3_0612,13.1
6095e6bff657f30496a59d0e,2,2,0,2.0,AllColorsLL1_0526,AllColorsLH_0617,1.8,5.9,3.26,4.42,0.0,0.0,0.0,12.0,1.0,1.0,1.0,1.0,True,True,NoRedLH3_0612,13.1
6095e6bff657f30496a59d0e,3,2,0,3.0,AllColorsLL1_0526,OnlyBlueLL_0625,-8.9,-2.5,3.26,2.45,1.0,0.0,1.0,50.0,4.0,14.0,-1.0,1.0,True,False,NoRedLH3_0612,13.1
6095e6bff657f30496a59d0e,4,2,0,4.0,OnlyBlueLL_0625,OnlyBlueLH_0706,4.8,4.8,2.45,4.13,1.0,1.0,1.0,28.0,3.0,11.0,1.0,1.0,True,True,NoRedLH3_0612,13.1
6095e6bff657f30496a59d0e,5,2,0,5.0,OnlyBlueLH_0706,NoRedLH3_0612,4.7,6.4,4.13,4.62,1.0,1.0,1.0,9.0,1.0,4.0,1.0,1.0,True,True,NoRedLH3_0612,13.1
6643a8837540ee80f2d5be45,1,0,1,,AllColorsLL1_0526,OnlyBlueLL_0625,5.4,7.1,3.26,2.45,1.0,0.0,1.0,0.0,0.0,13.0,-1.0,1.0,True,False,AllColorsLH_0617,13.3
6643a8837540ee80f2d5be45,2,0,1,,OnlyBlueLL_0625,OnlyBlueLH_0706,4.8,4.8,2.45,4.13,1.0,1.0,1.0,0.0,0.0,11.0,1.0,1.0,True,True,AllColorsLH_0617,13.3
6643a8837540ee80f2d5be45,3,0,1,,OnlyBlueLH_0706,NoRedLH3_0612,3.0,-6.0,4.13,4.62,1.0,1.0,0.0,0.0,0.0,15.0,1.0,-1.0,False,True,AllColorsLH_0617,13.3
6643a8837540ee80f2d5be45,4,0,1,,NoRedLH3_0612,AllColorsLH_0617,10.6,10.2,4.62,4.42,1.0,0.0,0.0,0.0,0.0,5.0,1.0,1.0,False,False,AllColorsLH_0617,13.3
6643a8837540ee80f2d5be45,5,0,1,,AllColorsLH_0617,AllColorsLH_0617,8.9,8.4,4.42,5.25,1.0,1.0,0.0,0.0,0.0,8.0,1.0,1.0,False,True,AllColorsLH_0617,13.3
663fc7f72fe5d2acae3176f2,1,4,0,1.0,AllColorsLL1_0526,AllColorsLH_0617,1.8,5.9,3.26,4.42,1.0,1.0,1.0,43.0,2.0,12.0,1.0,1.0,True,True,AllColorsLH_0617,13.3
663fc7f72fe5d2acae3176f2,2,4,0,2.0,AllColorsLH_0617,NoRedLH3_0612,7.8,7.8,4.42,4.62,1.0,1.0,1.0,18.0,1.0,8.0,1.0,1.0,True,True,AllColorsLH_0617,13.3
663fc7f72fe5d2acae3176f2,4,4,0,2.0,NoRedLH3_0612,AllColorsLH_0617,6.1,-7.0,4.62,4.42,0.0,1.0,1.0,37.0,1.0,5.0,1.0,-1.0,False,False,AllColorsLH_0617,13.3
663fc7f72fe5d2acae3176f2,5,4,0,3.0,NoRedLH3_0612,AllColorsLH_0617,6.4,6.3,4.62,4.42,1.0,0.0,0.0,20.0,1.0,10.0,1.0,1.0,False,False,AllColorsLH_0617,13.3
5e0a8de6b6385332d7cae588,1,1,0,5.0,AllColorsLL1_0526,AllColorsLL2_0604,5.7,6.1,3.26,2.34,1.0,0.0,1.0,25.0,4.0,17.0,-1.0,1.0,True,False,NoRedLH3_0612,13.1
5e0a8de6b6385332d7cae588,2,1,0,7.0,AllColorsLL2_0604,AllColorsLL1_0526,2.2,6.0,2.34,3.26,1.0,1.0,1.0,28.0,4.0,18.0,0.0,0.0,True,True,NoRedLH3_0612,13.1
5e0a8de6b6385332d7cae588,3,1,0,12.0,AllColorsLL1_0526,OnlyBlueLL_0625,-2.0,3.9,3.26,2.45,1.0,0.0,1.0,28.0,3.0,6.0,-1.0,1.0,True,False,NoRedLH3_0612,13.1
5e0a8de6b6385332d7cae588,4,1,0,13.0,OnlyBlueLL_0625,OnlyBlueLH_0706,4.6,4.6,2.45,4.13,1.0,1.0,1.0,39.0,4.0,2.0,1.0,-1.0,True,True,NoRedLH3_0612,13.1
5e0a8de6b6385332d7cae588,5,1,0,13.0,OnlyBlueLH_0706,NoRedLH3_0612,4.8,6.3,4.13,4.62,1.0,1.0,1.0,18.0,3.0,11.0,1.0,1.0,True,True,NoRedLH3_0612,13.1
5adb9688e0feeb0001ca9622,1,3,0,2.0,AllColorsLL1_0526,AllColorsLL2_0604,7.1,6.9,3.26,2.34,0.0,1.0,1.0,2.0,1.0,3.0,-1.0,-1.0,False,False,NoRedLH3_0612,13.1
5adb9688e0feeb0001ca9622,2,3,0,4.0,AllColorsLL1_0526,AllColorsLH_0617,1.1,3.5,3.26,4.42,1.0,1.0,1.0,120.0,1.0,15.0,1.0,1.0,True,True,NoRedLH3_0612,13.1
5adb9688e0feeb0001ca9622,3,3,0,5.0,AllColorsLH_0617,NoRedLH3_0612,6.5,7.8,4.42,4.62,1.0,1.0,1.0,7.0,1.0,12.0,1.0,1.0,True,True,NoRedLH3_0612,13.1
651c1d7524852e9f9d614ce3,1,0,0,,AllColorsLL1_0526,AllColorsLH_0617,2.1,5.8,3.26,4.42,1.0,1.0,1.0,0.0,0.0,11.0,1.0,1.0,True,True,AllColorsLH_0617,13.3
651c1d7524852e9f9d614ce3,2,0,0,,AllColorsLH_0617,AllColorsLH_0617,2.1,7.7,4.42,4.13,1.0,0.0,1.0,0.0,0.0,10.0,1.0,1.0,True,False,AllColorsLH_0617,13.3
679007d689cfa2445155da14,1,3,0,9.0,AllColorsLL1_0526,OnlyBlueLL_0625,4.3,4.7,3.26,2.45,0.0,1.0,0.0,31.0,1.0,2.0,-1.0,1.0,True,False,AllColorsLL1_0526,13.4
679007d689cfa2445155da14,2,3,0,11.0,AllColorsLL1_0526,AllColorsLL2_0604,-8.9,-6.0,3.26,2.34,0.0,1.0,0.0,24.0,1.0,3.0,-1.0,1.0,True,False,AllColorsLL1_0526,13.4
679007d689cfa2445155da14,4,3,0,14.0,AllColorsLL1_0526,OnlyBlueLL_0625,1.1,-0.6,3.26,2.45,0.0,1.0,1.0,19.0,1.0,2.0,-1.0,-1.0,False,False,AllColorsLL1_0526,13.4
67be04f9cae8554d5724b744,1,0,1,,AllColorsLL1_0526,AllColorsLL2_0604,5.4,10.7,3.26,2.34,1.0,0.0,1.0,0.0,0.0,13.0,-1.0,1.0,True,False,NoRedLL_0616,8.6
67be04f9cae8554d5724b744,2,0,1,,AllColorsLL2_0604,OnlyBlueLL_0625,5.4,0.5,2.34,2.45,1.0,1.0,0.0,0.0,0.0,12.0,-1.0,-1.0,False,True,NoRedLL_0616,8.6
67be04f9cae8554d5724b744,3,0,1,,OnlyBlueLL_0625,NoRedLL_G_0617,8.6,8.6,2.45,4.62,1.0,1.0,1.0,0.0,0.0,8.0,1.0,1.0,True,True,NoRedLL_0616,8.6
67be04f9cae8554d5724b744,4,0,1,,NoRedLL_G_0617,NoRedLL_0616,5.4,5.8,4.62,5.0,1.0,1.0,1.0,0.0,0.0,16.0,1.0,1.0,True,True,NoRedLL_0616,8.6
67be04f9cae8554d5724b744,5,0,1,,NoRedLL_0616,NoRedLL_0616,8.0,4.8,5.0,4.13,1.0,0.0,0.0,0.0,0.0,11.0,1.0,1.0,False,False,NoRedLL_0616,8.6
665c651563503064d1dbba1b,1,0,0,,AllColorsLL1_0526,OnlyBlueLL_0625,7.3,8.6,3.26,2.45,1.0,0.0,1.0,0.0,0.0,8.0,-1.0,1.0,True,False,NoRedLH2_0618,13.3
665c651563503064d1dbba1b,2,0,0,,OnlyBlueLL_0625,OnlyGreenLL_0429,4.6,5.5,2.45,-0.79,1.0,0.0,1.0,0.0,0.0,2.0,-1.0,-1.0,True,False,NoRedLH2_0618,13.3
665c651563503064d1dbba1b,3,0,0,,OnlyGreenLL_0429,NoRedLL_G_0617,4.3,6.5,-0.79,4.62,1.0,1.0,1.0,0.0,0.0,4.0,1.0,1.0,True,True,NoRedLH2_0618,13.3
665c651563503064d1dbba1b,4,0,0,,NoRedLL_G_0617,NoRedLH2_0618,7.3,-3.0,4.62,3.98,1.0,0.0,0.0,0.0,0.0,13.0,1.0,-1.0,False,False,NoRedLH2_0618,13.3
665c651563503064d1dbba1b,5,0,0,,NoRedLH2_0618,NoRedLH2_0618,6.1,3.8,3.98,4.13,1.0,1.0,0.0,0.0,0.0,6.0,1.0,1.0,False,True,NoRedLH2_0618,13.3
5a5e3821acc75b00017a9158,1,4,0,1.0,AllColorsLL1_0526,AllColorsLH_0617,5.4,6.5,3.26,4.42,1.0,1.0,1.0,41.0,2.0,15.0,1.0,1.0,True,True,NoRedLH3_0612,13.1
5a5e3821acc75b00017a9158,2,4,0,2.0,AllColorsLH_0617,NoRedLH3_0612,8.9,9.8,4.42,4.62,0.0,0.0,0.0,31.0,4.0,1.0,1.0,1.0,True,True,NoRedLH3_0612,13.1
5a5e3821acc75b00017a9158,3,4,0,2.0,AllColorsLH_0617,NoRedLH3_0612,5.9,2.7,4.42,4.62,1.0,1.0,0.0,25.0,4.0,4.0,1.0,1.0,False,True,NoRedLH3_0612,13.1
5a5e3821acc75b00017a9158,4,4,0,2.0,NoRedLH3_0612,AllColorsLH_0617,4.4,8.5,4.62,4.42,0.0,1.0,0.0,32.0,4.0,3.0,1.0,1.0,True,False,NoRedLH3_0612,13.1
5a5e3821acc75b00017a9158,5,4,0,3.0,NoRedLH3_0612,AllColorsLH_0617,6.4,-0.0,4.62,4.42,0.0,1.0,1.0,43.0,4.0,3.0,1.0,-1.0,False,False,NoRedLH3_0612,13.1
67cdb9db623de444e19e6fe6,1,4,0,1.0,AllColorsLL1_0526,OnlyBlueLL_0625,8.9,7.4,3.26,2.45,1.0,0.0,0.0,23.0,1.0,10.0,-1.0,-1.0,False,False,OnlyBlueLH_0706,11.8
67cdb9db623de444e19e6fe6,2,4,0,3.0,OnlyBlueLL_0625,NoRedLL_G_0617,4.3,4.3,2.45,4.62,0.0,0.0,1.0,20.0,1.0,6.0,1.0,-1.0,True,True,OnlyBlueLH_0706,11.8
67cdb9db623de444e19e6fe6,3,4,0,6.0,OnlyBlueLL_0625,OnlyBlueLH_0706,-0.6,3.0,2.45,4.13,1.0,1.0,1.0,18.0,1.0,2.0,1.0,1.0,True,True,OnlyBlueLH_0706,11.8
641384b3dffcf39ec42d3c23,1,3,1,2.0,AllColorsLL1_0526,OnlyBlueLL_0625,7.1,4.6,3.26,2.45,1.0,0.0,0.0,18.0,1.0,2.0,-1.0,-1.0,False,False,NoRedLH3_0612,13.1
641384b3dffcf39ec42d3c23,2,3,1,3.0,OnlyBlueLL_0625,NoRedLL_G_0617,4.7,6.5,2.45,4.62,1.0,1.0,1.0,31.0,1.0,9.0,1.0,1.0,True,True,NoRedLH3_0612,13.1
641384b3dffcf39ec42d3c23,3,3,1,5.0,NoRedLL_G_0617,NoRedLH3_0612,4.1,4.6,4.62,4.62,1.0,1.0,1.0,14.0,1.0,3.0,1.0,1.0,True,True,NoRedLH3_0612,13.1
641384b3dffcf39ec42d3c23,4,3,1,5.0,NoRedLH3_0612,AllColorsLH_0617,2.7,5.9,4.62,4.42,1.0,0.0,1.0,38.0,1.0,3.0,1.0,1.0,True,False,NoRedLH3_0612,13.1
641384b3dffcf39ec42d3c23,5,3,1,5.0,AllColorsLH_0617,NoRedLH3_0612,5.8,6.3,4.42,4.62,1.0,1.0,1.0,49.0,1.0,12.0,1.0,1.0,True,True,NoRedLH3_0612,13.1
58a5cf959e040a0001399f07,1,2,1,5.0,AllColorsLL1_0526,AllColorsLH_0617,2.1,5.8,3.26,4.42,1.0,1.0,1.0,57.0,4.0,11.0,1.0,1.0,True,True,NoRedLH3_0612,13.1
58a5cf959e040a0001399f07,2,2,1,6.0,AllColorsLH_0617,AllColorsLL1_0526,10.2,8.9,4.42,3.26,0.0,1.0,1.0,28.0,1.0,5.0,0.0,0.0,False,False,NoRedLH3_0612,13.1
58a5cf959e040a0001399f07,3,2,1,10.0,AllColorsLH_0617,NoRedLH3_0612,6.5,7.8,4.42,4.62,1.0,1.0,1.0,29.0,2.0,12.0,1.0,1.0,True,True,NoRedLH3_0612,13.1
5e3ddcf95556b204cb143eab,1,0,0,,AllColorsLL1_0526,OnlyBlueLL_0625,-8.9,-2.5,3.26,2.45,1.0,0.0,1.0,0.0,0.0,14.0,-1.0,1.0,True,False,OnlyGreenLL_0429,-5.4
5e3ddcf95556b204cb143eab,2,0,0,,OnlyBlueLL_0625,OnlyBlueLH_0706,4.8,4.8,2.45,4.13,1.0,1.0,1.0,0.0,0.0,11.0,1.0,1.0,True,True,OnlyGreenLL_0429,-5.4
5e3ddcf95556b204cb143eab,3,0,0,,OnlyBlueLH_0706,OnlyBlueLL_0625,3.0,-0.6,4.13,2.45,1.0,0.0,0.0,0.0,0.0,15.0,-1.0,-1.0,False,False,OnlyGreenLL_0429,-5.4
5e3ddcf95556b204cb143eab,4,0,0,,OnlyBlueLL_0625,OnlyGreenLL_0429,-1.3,2.5,2.45,-0.79,1.0,0.0,1.0,0.0,0.0,1.0,-1.0,1.0,True,False,OnlyGreenLL_0429,-5.4
5e3ddcf95556b204cb143eab,5,0,0,,OnlyGreenLL_0429,OnlyGreenLL_0429,0.6,6.4,-0.79,5.25,1.0,1.0,1.0,0.0,0.0,18.0,1.0,1.0,True,True,OnlyGreenLL_0429,-5.4
67607e34fb2abbf20ec24851,1,0,0,,AllColorsLL1_0526,AllColorsLL2_0604,5.7,6.1,3.26,2.34,1.0,0.0,1.0,0.0,0.0,17.0,-1.0,1.0,True,False,AllColorsLH_0617,13.3
67607e34fb2abbf20ec24851,2,0,0,,AllColorsLL2_0604,AllColorsLH_0617,-2.0,-7.0,2.34,4.42,1.0,1.0,0.0,0.0,0.0,6.0,1.0,-1.0,False,True,AllColorsLH_0617,13.3
67607e34fb2abbf20ec24851,3,0,0,,AllColorsLH_0617,NoRedLH3_0612,10.2,10.6,4.42,4.62,1.0,1.0,1.0,0.0,0.0,5.0,1.0,1.0,True,True,AllColorsLH_0617,13.3
67607e34fb2abbf20ec24851,4,0,0,,NoRedLH3_0612,AllColorsLH_0617,4.4,8.5,4.62,4.42,1.0,0.0,1.0,0.0,0.0,16.0,1.0,1.0,True,False,AllColorsLH_0617,13.3
67607e34fb2abbf20ec24851,5,0,0,,AllColorsLH_0617,AllColorsLH_0617,5.8,8.2,4.42,5.25,1.0,1.0,1.0,0.0,0.0,11.0,1.0,1.0,True,True,AllColorsLH_0617,13.3
5a7226d9f660ae0001a9a547,1,1,0,2.0,AllColorsLL1_0526,OnlyBlueLL_0625,5.4,0.5,3.26,2.45,0.0,1.0,1.0,37.0,1.0,12.0,-1.0,-1.0,False,False,AllColorsLL1_0526,13.4
5a7226d9f660ae0001a9a547,3,1,0,3.0,AllColorsLL1_0526,AllColorsLL2_0604,5.7,6.1,3.26,2.34,1.0,0.0,1.0,15.0,1.0,17.0,-1.0,1.0,True,False,AllColorsLL1_0526,13.4
5a7226d9f660ae0001a9a547,4,1,0,5.0,AllColorsLL2_0604,AllColorsLH_0617,-2.0,-7.0,2.34,4.42,0.0,0.0,1.0,40.0,1.0,6.0,1.0,-1.0,False,True,AllColorsLL1_0526,13.4
5a7226d9f660ae0001a9a547,5,1,0,5.0,AllColorsLL2_0604,AllColorsLL1_0526,8.9,7.3,2.34,3.26,1.0,1.0,0.0,9.0,1.0,8.0,0.0,0.0,False,True,AllColorsLL1_0526,13.4
6787af1aae2fd79b72583f09,1,4,0,8.0,AllColorsLL1_0526,AllColorsLL2_0604,2.3,-8.0,3.26,2.34,1.0,0.0,0.0,14.0,1.0,12.0,-1.0,-1.0,False,False,AllColorsLH_0617,13.3
6787af1aae2fd79b72583f09,2,4,0,8.0,AllColorsLL2_0604,AllColorsLL1_0526,8.9,7.3,2.34,3.26,1.0,1.0,0.0,69.0,4.0,4.0,0.0,0.0,False,True,AllColorsLH_0617,13.3
6787af1aae2fd79b72583f09,4,4,0,21.0,AllColorsLL1_0526,AllColorsLH_0617,-2.0,-7.0,3.26,4.42,1.0,1.0,0.0,104.0,1.0,14.0,1.0,-1.0,False,True,AllColorsLH_0617,13.3
665a1158d75699007466a154,1,2,0,1.0,AllColorsLL1_0526,OnlyBlueLL_0625,1.8,-1.3,3.26,2.45,0.0,1.0,1.0,9.0,1.0,1.0,-1.0,-1.0,False,False,OnlyBlueLL_0625,4.7
665a1158d75699007466a154,2,2,0,2.0,AllColorsLL1_0526,AllColorsLL2_0604,5.4,5.4,3.26,2.34,1.0,0.0,1.0,11.0,1.0,12.0,-1.0,0.0,True,False,OnlyBlueLL_0625,4.7
665a1158d75699007466a154,3,2,0,3.0,AllColorsLL2_0604,OnlyBlueLL_0625,2.5,2.4,2.34,2.45,1.0,1.0,0.0,25.0,1.0,9.0,-1.0,-1.0,False,True,OnlyBlueLL_0625,4.7
665a1158d75699007466a154,4,2,0,4.0,OnlyBlueLL_0625,OnlyBlueLH_0706,4.6,4.6,2.45,4.13,0.0,0.0,1.0,46.0,1.0,2.0,1.0,-1.0,True,True,OnlyBlueLL_0625,4.7
665a1158d75699007466a154,5,2,0,5.0,OnlyBlueLL_0625,OnlyBlueLH_0706,4.3,4.1,2.45,4.13,0.0,0.0,1.0,8.0,1.0,18.0,1.0,-1.0,False,True,OnlyBlueLL_0625,4.7
6658b2c33d4c39023821ce21,1,1,0,3.0,AllColorsLL1_0526,AllColorsLH_0617,5.4,-3.0,3.26,4.42,0.0,0.0,1.0,41.0,4.0,13.0,1.0,-1.0,False,True,NoRedLH3_0612,13.1
6658b2c33d4c39023821ce21,2,1,0,4.0,AllColorsLL1_0526,AllColorsLH_0617,8.9,10.2,3.26,4.42,1.0,1.0,1.0,17.0,2.0,5.0,1.0,1.0,True,True,NoRedLH3_0612,13.1
6658b2c33d4c39023821ce21,4,1,0,5.0,AllColorsLH_0617,NoRedLH3_0612,6.3,6.4,4.42,4.62,1.0,1.0,1.0,13.0,1.0,4.0,1.0,1.0,True,True,NoRedLH3_0612,13.1
5ff07b5ee7a1d23e719e421e,1,4,1,2.0,AllColorsLL1_0526,AllColorsLH_0617,1.1,3.5,3.26,4.42,1.0,1.0,1.0,36.0,1.0,4.0,1.0,1.0,True,True,AllColorsLH_0617,13.3
6053e01a6a8e8516ba7d47a7,1,2,0,2.0,AllColorsLL1_0526,OnlyBlueLL_0625,5.4,7.1,3.26,2.45,0.0,1.0,0.0,22.0,1.0,13.0,-1.0,1.0,True,False,AllColorsLL1_0526,13.4
5fae8e8b0722ba03b781d40b,1,3,0,1.0,AllColorsLL1_0526,AllColorsLH_0617,9.3,10.2,3.26,4.42,1.0,1.0,1.0,,1.0,15.0,1.0,1.0,True,True,NoRedLH2_0618,13.3
5fae8e8b0722ba03b781d40b,2,3,0,1.0,AllColorsLH_0617,NoRedLH3_0612,3.5,-6.0,4.42,4.62,1.0,1.0,0.0,23.0,1.0,12.0,1.0,-1.0,False,True,NoRedLH2_0618,13.3
5fae8e8b0722ba03b781d40b,3,3,0,2.0,NoRedLH3_0612,NoRedLH2_0618,7.8,7.9,4.62,3.98,1.0,0.0,1.0,55.0,1.0,1.0,1.0,1.0,True,False,NoRedLH2_0618,13.3
5e51dc7483c96c2148353e25,1,3,0,1.0,AllColorsLL1_0526,AllColorsLH_0617,5.4,6.5,3.26,4.42,1.0,1.0,1.0,54.0,1.0,15.0,1.0,1.0,True,True,NoRedLH3_0612,13.1
5e51dc7483c96c2148353e25,3,3,0,2.0,AllColorsLH_0617,NoRedLH3_0612,6.3,6.4,4.42,4.62,1.0,1.0,1.0,34.0,1.0,12.0,1.0,1.0,True,True,NoRedLH3_0612,13.1
5e51dc7483c96c2148353e25,4,3,0,3.0,NoRedLH3_0612,AllColorsLH_0617,4.6,2.1,4.62,4.42,0.0,1.0,1.0,18.0,1.0,3.0,1.0,-1.0,False,False,NoRedLH3_0612,13.1
67665f7b0329bd3e30515ad2,1,0,0,,AllColorsLL1_0526,AllColorsLH_0617,3.5,8.5,3.26,4.42,1.0,1.0,1.0,0.0,0.0,16.0,1.0,1.0,True,True,AllColorsLH_0617,13.3
67665f7b0329bd3e30515ad2,2,0,0,,AllColorsLH_0617,NoRedLH3_0612,7.8,8.7,4.42,4.62,1.0,1.0,1.0,0.0,0.0,2.0,1.0,1.0,True,True,AllColorsLH_0617,13.3
67665f7b0329bd3e30515ad2,3,0,0,,NoRedLH3_0612,AllColorsLH_0617,6.5,5.4,4.62,4.42,1.0,0.0,0.0,0.0,0.0,17.0,1.0,-1.0,False,False,AllColorsLH_0617,13.3
67665f7b0329bd3e30515ad2,4,0,0,,AllColorsLH_0617,AllColorsLH_0617,8.9,8.4,4.42,5.25,1.0,1.0,0.0,0.0,0.0,8.0,1.0,1.0,False,True,AllColorsLH_0617,13.3
67a8fa10b4db1990f7372f01,1,2,1,1.0,AllColorsLL1_0526,AllColorsLH_0617,3.5,8.5,3.26,4.42,1.0,1.0,1.0,13.0,1.0,16.0,1.0,1.0,True,True,NoRedLH3_0612,13.1
67a8fa10b4db1990f7372f01,2,2,1,1.0,AllColorsLH_0617,AllColorsLL1_0526,2.1,2.3,4.42,3.26,0.0,1.0,0.0,10.0,1.0,10.0,0.0,0.0,True,False,NoRedLH3_0612,13.1
67a8fa10b4db1990f7372f01,3,2,1,1.0,AllColorsLH_0617,AllColorsLL1_0526,6.5,5.4,4.42,3.26,0.0,1.0,1.0,6.0,1.0,12.0,0.0,0.0,False,False,NoRedLH3_0612,13.1
67a8fa10b4db1990f7372f01,5,2,1,2.0,AllColorsLH_0617,NoRedLH3_0612,10.2,11.7,4.42,4.62,1.0,1.0,1.0,10.0,1.0,3.0,1.0,1.0,True,True,NoRedLH3_0612,13.1
5f356cbffb4cea5170d04fd9@email.prolific.com,1,4,0,2.0,AllColorsLL1_0526,AllColorsLH_0617,2.7,7.8,3.26,4.42,1.0,1.0,1.0,39.0,1.0,3.0,1.0,1.0,True,True,NoRedLH3_0612,13.1
5f356cbffb4cea5170d04fd9@email.prolific.com,2,4,0,3.0,AllColorsLH_0617,NoRedLH3_0612,3.5,-6.0,4.42,4.62,1.0,1.0,0.0,29.0,1.0,4.0,1.0,-1.0,False,True,NoRedLH3_0612,13.1
5f356cbffb4cea5170d04fd9@email.prolific.com,3,4,0,4.0,NoRedLH3_0612,AllColorsLH_0617,6.4,6.3,4.62,4.42,0.0,1.0,1.0,25.0,1.0,12.0,1.0,1.0,False,False,NoRedLH3_0612,13.1
59479251f236120001ecf9a2,1,3,0,3.0,AllColorsLL1_0526,AllColorsLH_0617,3.5,8.5,3.26,4.42,1.0,1.0,1.0,21.0,1.0,15.0,1.0,1.0,True,True,NoRedLH3_0612,13.1
59479251f236120001ecf9a2,2,3,0,4.0,AllColorsLH_0617,NoRedLH3_0612,10.2,10.6,4.42,4.62,0.0,0.0,0.0,45.0,1.0,12.0,1.0,1.0,True,True,NoRedLH3_0612,13.1
59479251f236120001ecf9a2,3,3,0,4.0,AllColorsLH_0617,AllColorsLL1_0526,5.8,2.1,4.42,3.26,0.0,1.0,1.0,163.0,1.0,4.0,0.0,0.0,False,False,NoRedLH3_0612,13.1
59479251f236120001ecf9a2,4,3,0,4.0,AllColorsLH_0617,NoRedLH3_0612,3.5,-6.0,4.42,4.62,1.0,1.0,0.0,33.0,4.0,12.0,1.0,-1.0,False,True,NoRedLH3_0612,13.1
59e7232f24d7bf00012f112e,2,0,1,,AllColorsLL1_0526,AllColorsLH_0617,9.3,10.2,3.26,4.42,1.0,1.0,1.0,0.0,0.0,3.0,1.0,1.0,True,True,AllColorsLH_0617,13.3
59e7232f24d7bf00012f112e,4,0,1,,AllColorsLH_0617,AllColorsLH_0617,5.4,6.5,4.42,5.25,1.0,1.0,1.0,0.0,0.0,17.0,1.0,1.0,True,True,AllColorsLH_0617,13.3
67a96562e2b052e6c15ed963,1,2,0,4.0,AllColorsLL1_0526,AllColorsLL2_0604,-8.9,-6.0,3.26,2.34,1.0,0.0,1.0,13.0,1.0,8.0,-1.0,1.0,True,False,NoRedLH3_0612,13.1
67a96562e2b052e6c15ed963,2,2,0,9.0,AllColorsLL2_0604,AllColorsLH_0617,2.1,5.8,2.34,4.42,1.0,1.0,1.0,11.0,1.0,11.0,1.0,1.0,True,True,NoRedLH3_0612,13.1
67a96562e2b052e6c15ed963,3,2,0,12.0,AllColorsLH_0617,OnlyBlueLH_0706,6.5,3.5,4.42,4.13,0.0,1.0,1.0,8.0,1.0,12.0,1.0,-1.0,False,False,NoRedLH3_0612,13.1
67a96562e2b052e6c15ed963,4,2,0,14.0,AllColorsLH_0617,NoRedLH3_0612,2.1,4.6,4.42,4.62,1.0,1.0,1.0,13.0,1.0,10.0,1.0,1.0,True,True,NoRedLH3_0612,13.1
67a96562e2b052e6c15ed963,5,2,0,14.0,NoRedLH3_0612,NoRedLH1_0612,4.4,5.0,4.62,5.25,0.0,0.0,0.0,8.0,1.0,16.0,1.0,1.0,True,True,NoRedLH3_0612,13.1
5ff4ebaadd8cf1c332708eea,1,1,0,2.0,AllColorsLL1_0526,AllColorsLH_0617,8.9,10.2,3.26,4.42,1.0,1.0,1.0,24.0,1.0,5.0,1.0,1.0,True,True,NoRedLH3_0612,13.1
5ff4ebaadd8cf1c332708eea,2,1,0,2.0,AllColorsLH_0617,AllColorsLL1_0526,2.1,2.3,4.42,3.26,0.0,1.0,0.0,34.0,3.0,10.0,0.0,0.0,True,False,NoRedLH3_0612,13.1
5ff4ebaadd8cf1c332708eea,3,1,0,4.0,AllColorsLH_0617,NoRedLH3_0612,10.2,11.7,4.42,4.62,1.0,1.0,1.0,16.0,1.0,3.0,1.0,1.0,True,True,NoRedLH3_0612,13.1
5ff4ebaadd8cf1c332708eea,4,1,0,4.0,NoRedLH3_0612,NoRedLH1_0612,4.4,5.0,4.62,5.25,1.0,1.0,1.0,33.0,4.0,16.0,1.0,1.0,True,True,NoRedLH3_0612,13.1
5ff4ebaadd8cf1c332708eea,5,1,0,5.0,NoRedLH1_0612,NoRedLH3_0612,4.5,6.1,5.25,4.62,1.0,0.0,1.0,15.0,1.0,6.0,1.0,1.0,True,False,NoRedLH3_0612,13.1
664df024c7ce709382bea0ed,1,3,1,4.0,AllColorsLL1_0526,AllColorsLH_0617,2.1,5.8,3.26,4.42,1.0,1.0,1.0,23.0,1.0,15.0,1.0,1.0,True,True,NoRedLH3_0612,13.1
664df024c7ce709382bea0ed,4,3,1,7.0,AllColorsLH_0617,NoRedLH3_0612,6.5,7.8,4.42,4.62,1.0,1.0,1.0,9.0,1.0,12.0,1.0,1.0,True,True,NoRedLH3_0612,13.1
5b97f70161c19e00018db4a8,1,4,0,2.0,AllColorsLL1_0526,AllColorsLH_0617,8.9,10.2,3.26,4.42,1.0,1.0,1.0,69.0,3.0,15.0,1.0,1.0,True,True,NoRedLH3_0612,13.1
5b97f70161c19e00018db4a8,2,4,0,4.0,AllColorsLH_0617,NoRedLH3_0612,1.6,-4.0,4.42,4.62,1.0,1.0,0.0,60.0,2.0,10.0,1.0,1.0,False,True,NoRedLH3_0612,13.1
5b97f70161c19e00018db4a8,4,4,0,5.0,NoRedLH3_0612,AllColorsLH_0617,4.6,2.1,4.62,4.42,0.0,1.0,1.0,98.0,2.0,12.0,1.0,-1.0,False,False,NoRedLH3_0612,13.1
67d98fdc3119bc87d2012ac3,2,4,1,6.0,AllColorsLL1_0526,AllColorsLL1_0526,4.3,4.3,3.26,3.26,1.0,1.0,1.0,,0.0,0.0,0.0,0.0,True,True,AllColorsLL1_0526,13.4
67d98fdc3119bc87d2012ac3,3,4,1,7.0,AllColorsLL1_0526,OnlyBlueLL_0625,7.3,8.6,3.26,2.45,0.0,1.0,0.0,84.0,1.0,10.0,-1.0,1.0,True,False,AllColorsLL1_0526,13.4
67d98fdc3119bc87d2012ac3,4,4,1,7.0,AllColorsLL1_0526,AllColorsLL2_0604,5.4,5.4,3.26,2.34,1.0,0.0,1.0,120.0,2.0,15.0,-1.0,0.0,True,False,AllColorsLL1_0526,13.4
67d98fdc3119bc87d2012ac3,5,4,1,11.0,AllColorsLL2_0604,AllColorsLL1_0526,9.1,8.9,2.34,3.26,1.0,1.0,0.0,162.0,1.0,3.0,0.0,0.0,False,True,AllColorsLL1_0526,13.4
5d55d43e25dd4c00174122dc,1,2,0,2.0,AllColorsLL1_0526,AllColorsLH_0617,3.5,8.5,3.26,4.42,1.0,1.0,1.0,15.0,1.0,16.0,1.0,1.0,True,True,AllColorsLH_0617,13.3
5d55d43e25dd4c00174122dc,2,2,0,3.0,AllColorsLH_0617,AllColorsLL1_0526,6.3,4.3,4.42,3.26,1.0,0.0,0.0,24.0,1.0,4.0,0.0,0.0,False,False,AllColorsLH_0617,13.3
5d55d43e25dd4c00174122dc,3,2,0,4.0,AllColorsLL1_0526,AllColorsLL2_0604,-8.9,-6.0,3.26,2.34,1.0,0.0,1.0,30.0,1.0,14.0,-1.0,1.0,True,False,AllColorsLH_0617,13.3
5d55d43e25dd4c00174122dc,5,2,0,5.0,AllColorsLL2_0604,AllColorsLH_0617,4.6,10.2,2.34,4.42,1.0,1.0,1.0,20.0,1.0,3.0,1.0,1.0,True,True,AllColorsLH_0617,13.3
67e0870d582edce0a2764d1f,1,3,1,5.0,AllColorsLL1_0526,AllColorsLH_0617,-2.0,-7.0,3.26,4.42,1.0,1.0,0.0,38.0,1.0,15.0,1.0,-1.0,False,True,NoRedLH3_0612,13.1
67e0870d582edce0a2764d1f,2,3,1,6.0,AllColorsLH_0617,NoRedLH3_0612,6.3,6.4,4.42,4.62,1.0,1.0,1.0,28.0,1.0,12.0,1.0,1.0,True,True,NoRedLH3_0612,13.1
6765e3e630aa57d5175dce36,1,1,0,4.0,AllColorsLL1_0526,AllColorsLH_0617,3.5,8.5,3.26,4.42,1.0,1.0,1.0,30.0,1.0,16.0,1.0,1.0,True,True,NoRedLH3_0612,13.1
6765e3e630aa57d5175dce36,2,1,0,8.0,AllColorsLH_0617,NoRedLH3_0612,5.4,6.5,4.42,4.62,1.0,1.0,1.0,11.0,1.0,17.0,1.0,1.0,True,True,NoRedLH3_0612,13.1
6605b86838c8ba1440cd547c,1,4,1,1.0,AllColorsLL1_0526,AllColorsLL2_0604,5.4,10.7,3.26,2.34,1.0,0.0,1.0,32.0,2.0,4.0,-1.0,1.0,True,False,OnlyBlueLH_0706,11.8
6605b86838c8ba1440cd547c,2,4,1,2.0,AllColorsLL2_0604,AllColorsLH_0617,4.3,6.3,2.34,4.42,1.0,1.0,1.0,11.0,1.0,9.0,1.0,1.0,True,True,OnlyBlueLH_0706,11.8
6605b86838c8ba1440cd547c,3,4,1,2.0,AllColorsLH_0617,NoRedLH3_0612,2.1,4.6,4.42,4.62,0.0,0.0,0.0,18.0,1.0,12.0,1.0,1.0,True,True,OnlyBlueLH_0706,11.8
6605b86838c8ba1440cd547c,5,4,1,2.0,AllColorsLH_0617,OnlyBlueLH_0706,8.5,1.6,4.42,4.13,1.0,0.0,0.0,12.0,1.0,12.0,1.0,-1.0,False,False,OnlyBlueLH_0706,11.8
642ef01a04c9f327767cde23,1,1,0,2.0,AllColorsLL1_0526,OnlyBlueLL_0625,5.7,-5.0,3.26,2.45,1.0,0.0,0.0,16.0,1.0,17.0,-1.0,-1.0,False,False,NoRedLH3_0612,13.1
642ef01a04c9f327767cde23,2,1,0,4.0,OnlyBlueLL_0625,OnlyBlueLH_0706,4.3,4.1,2.45,4.13,1.0,1.0,0.0,28.0,3.0,18.0,1.0,-1.0,False,True,NoRedLH3_0612,13.1
642ef01a04c9f327767cde23,3,1,0,4.0,OnlyBlueLH_0706,AllColorsLH_0617,8.6,8.9,4.13,4.42,1.0,1.0,1.0,15.0,1.0,8.0,1.0,1.0,True,True,NoRedLH3_0612,13.1
642ef01a04c9f327767cde23,4,1,0,4.0,AllColorsLH_0617,NoRedLH3_0612,6.3,6.4,4.42,4.62,0.0,0.0,0.0,33.0,4.0,4.0,1.0,1.0,True,True,NoRedLH3_0612,13.1
642ef01a04c9f327767cde23,5,1,0,5.0,AllColorsLH_0617,NoRedLH3_0612,6.5,7.8,4.42,4.62,1.0,1.0,1.0,9.0,1.0,12.0,1.0,1.0,True,True,NoRedLH3_0612,13.1
609551c1ade88f8463666fb8,1,0,1,,AllColorsLL1_0526,AllColorsLH_0617,-2.0,-7.0,3.26,4.42,1.0,1.0,0.0,0.0,0.0,6.0,1.0,-1.0,False,True,AllColorsLH_0617,13.3
609551c1ade88f8463666fb8,2,0,1,,AllColorsLH_0617,AllColorsLH_0617,7.8,7.9,4.42,5.25,1.0,1.0,1.0,0.0,0.0,2.0,1.0,1.0,True,True,AllColorsLH_0617,13.3
631623dc8a64a7f2d743deac,1,1,0,0.0,AllColorsLL1_0526,OnlyBlueLL_0625,7.3,8.6,3.26,2.45,1.0,0.0,1.0,22.0,1.0,8.0,-1.0,1.0,True,False,NoRedLH2_0618,13.3
631623dc8a64a7f2d743deac,2,1,0,1.0,OnlyBlueLL_0625,NoRedLL_G_0617,-2.5,-7.0,2.45,4.62,1.0,1.0,0.0,29.0,3.0,14.0,1.0,1.0,False,True,NoRedLH2_0618,13.3
631623dc8a64a7f2d743deac,4,1,0,3.0,NoRedLL_G_0617,NoRedLL_0616,8.9,7.2,4.62,5.0,1.0,1.0,0.0,15.0,1.0,5.0,1.0,-1.0,False,True,NoRedLH2_0618,13.3
631623dc8a64a7f2d743deac,5,1,0,4.0,NoRedLL_0616,NoRedLH2_0618,2.5,6.1,5.0,3.98,1.0,0.0,1.0,35.0,1.0,6.0,1.0,1.0,True,False,NoRedLH2_0618,13.3
5875778b5c17910001ea4f35,1,2,0,2.0,AllColorsLL1_0526,AllColorsLH_0617,4.3,6.3,3.26,4.42,1.0,1.0,1.0,32.0,1.0,4.0,1.0,1.0,True,True,NoRedLH2_0618,13.3
5875778b5c17910001ea4f35,2,2,0,3.0,AllColorsLH_0617,NoRedLH3_0612,7.8,8.7,4.42,4.62,1.0,1.0,1.0,38.0,1.0,2.0,1.0,1.0,True,True,NoRedLH2_0618,13.3
5875778b5c17910001ea4f35,3,2,0,4.0,NoRedLH3_0612,AllColorsLH_0617,6.3,5.8,4.62,4.42,0.0,1.0,1.0,23.0,1.0,11.0,1.0,1.0,False,False,NoRedLH2_0618,13.3
5875778b5c17910001ea4f35,4,2,0,5.0,NoRedLH3_0612,NoRedLH2_0618,10.6,11.1,4.62,3.98,1.0,0.0,1.0,24.0,1.0,5.0,1.0,1.0,True,False,NoRedLH2_0618,13.3
5875778b5c17910001ea4f35,5,2,0,5.0,NoRedLH2_0618,OnlyBlueLH_0706,7.9,8.1,3.98,4.13,0.0,0.0,0.0,18.0,1.0,9.0,1.0,1.0,True,True,NoRedLH2_0618,13.3
65651805d1afb42ba1a55476,1,2,0,2.0,AllColorsLL1_0526,AllColorsLH_0617,9.3,10.2,3.26,4.42,1.0,1.0,1.0,58.0,2.0,3.0,1.0,1.0,True,True,NoRedLH3_0612,13.1
65651805d1afb42ba1a55476,2,2,0,6.0,AllColorsLH_0617,OnlyBlueLH_0706,2.1,7.7,4.42,4.13,1.0,0.0,1.0,28.0,1.0,10.0,1.0,1.0,True,False,NoRedLH3_0612,13.1
65651805d1afb42ba1a55476,3,2,0,7.0,OnlyBlueLH_0706,NoRedLH3_0612,8.1,7.8,4.13,4.62,0.0,0.0,1.0,25.0,1.0,9.0,1.0,1.0,False,True,NoRedLH3_0612,13.1
65651805d1afb42ba1a55476,4,2,0,7.0,OnlyBlueLH_0706,NoRedLH3_0612,4.8,6.3,4.13,4.62,1.0,1.0,1.0,25.0,1.0,11.0,1.0,1.0,True,True,NoRedLH3_0612,13.1
65651805d1afb42ba1a55476,5,2,0,7.0,NoRedLH3_0612,AllColorsLH_0617,7.8,6.5,4.62,4.42,0.0,1.0,1.0,62.0,1.0,12.0,1.0,1.0,False,False,NoRedLH3_0612,13.1
66b3baa4900bec0442ea4647,1,0,1,,AllColorsLL1_0526,AllColorsLH_0617,9.3,10.2,3.26,4.42,1.0,1.0,1.0,0.0,0.0,3.0,1.0,1.0,True,True,AllColorsLH_0617,13.3
66b3baa4900bec0442ea4647,3,0,1,,AllColorsLH_0617,NoRedLH3_0612,10.2,10.6,4.42,4.62,1.0,1.0,1.0,0.0,0.0,5.0,1.0,1.0,True,True,AllColorsLH_0617,13.3
66b3baa4900bec0442ea4647,4,0,1,,NoRedLH3_0612,NoRedLH2_0618,6.4,6.4,4.62,3.98,1.0,0.0,1.0,0.0,0.0,4.0,1.0,1.0,True,False,AllColorsLH_0617,13.3
66b3baa4900bec0442ea4647,5,0,1,,NoRedLH2_0618,OnlyBlueLH_0706,7.9,8.1,3.98,4.13,1.0,1.0,1.0,0.0,0.0,9.0,1.0,1.0,True,True,AllColorsLH_0617,13.3
5e10c664e7802178da96078a,1,4,0,1.0,AllColorsLL1_0526,AllColorsLL2_0604,5.4,10.7,3.26,2.34,0.0,1.0,0.0,27.0,2.0,11.0,-1.0,1.0,True,False,NoRedLH3_0612,13.1
5e10c664e7802178da96078a,2,4,0,3.0,AllColorsLL1_0526,AllColorsLH_0617,1.1,3.5,3.26,4.42,1.0,1.0,1.0,28.0,1.0,4.0,1.0,1.0,True,True,NoRedLH3_0612,13.1
5e10c664e7802178da96078a,3,4,0,3.0,AllColorsLH_0617,NoRedLH3_0612,10.2,10.6,4.42,4.62,1.0,1.0,1.0,46.0,3.0,3.0,1.0,1.0,True,True,NoRedLH3_0612,13.1
5e10c664e7802178da96078a,4,4,0,3.0,NoRedLH3_0612,AllColorsLH_0617,2.7,5.9,4.62,4.42,1.0,0.0,1.0,14.0,1.0,3.0,1.0,1.0,True,False,NoRedLH3_0612,13.1
5e10c664e7802178da96078a,5,4,0,4.0,AllColorsLH_0617,NoRedLH3_0612,10.2,11.7,4.42,4.62,1.0,1.0,1.0,35.0,1.0,10.0,1.0,1.0,True,True,NoRedLH3_0612,13.1
677564db10691f008b2aba14,2,1,0,1.0,AllColorsLL1_0526,OnlyBlueLL_0625,7.1,4.6,3.26,2.45,0.0,1.0,1.0,26.0,1.0,2.0,-1.0,-1.0,False,False,AllColorsLL2_0604,5.0
677564db10691f008b2aba14,3,1,0,2.0,AllColorsLL1_0526,AllColorsLL2_0604,5.4,10.7,3.26,2.34,1.0,0.0,1.0,22.0,1.0,13.0,-1.0,1.0,True,False,AllColorsLL2_0604,5.0
677564db10691f008b2aba14,4,1,0,3.0,AllColorsLL2_0604,OnlyBlueLL_0625,5.4,0.5,2.34,2.45,0.0,0.0,1.0,18.0,1.0,12.0,-1.0,-1.0,False,True,AllColorsLL2_0604,5.0
677564db10691f008b2aba14,5,1,0,4.0,AllColorsLL2_0604,OnlyBlueLL_0625,9.1,7.4,2.34,2.45,0.0,0.0,1.0,13.0,1.0,5.0,-1.0,-1.0,False,True,AllColorsLL2_0604,5.0
666ee8731e58823c1fda4f0c,1,3,1,3.0,AllColorsLL1_0526,OnlyBlueLL_0625,5.7,-5.0,3.26,2.45,0.0,1.0,1.0,27.0,2.0,2.0,-1.0,-1.0,False,False,NoRedLH3_0612,13.1
666ee8731e58823c1fda4f0c,2,3,1,7.0,AllColorsLL1_0526,OnlyBlueLL_0625,3.5,3.7,3.26,2.45,1.0,0.0,1.0,32.0,1.0,2.0,-1.0,1.0,True,False,NoRedLH3_0612,13.1
666ee8731e58823c1fda4f0c,4,3,1,10.0,OnlyBlueLL_0625,NoRedLL_G_0617,7.4,8.9,2.45,4.62,0.0,0.0,0.0,33.0,3.0,9.0,1.0,0.0,True,True,NoRedLH3_0612,13.1
666ee8731e58823c1fda4f0c,5,3,1,12.0,OnlyBlueLL_0625,OnlyBlueLH_0706,-0.6,3.0,2.45,4.13,1.0,1.0,1.0,15.0,1.0,7.0,1.0,1.0,True,True,NoRedLH3_0612,13.1
5ef7204033605901ce86c0b0,1,0,1,,AllColorsLL1_0526,AllColorsLH_0617,8.9,10.2,3.26,4.42,1.0,1.0,1.0,0.0,0.0,5.0,1.0,1.0,True,True,NoRedLH3_0612,13.1
5ef7204033605901ce86c0b0,2,0,1,,AllColorsLH_0617,NoRedLH3_0612,8.5,4.4,4.42,4.62,1.0,1.0,0.0,0.0,0.0,16.0,1.0,1.0,False,True,NoRedLH3_0612,13.1
5ef7204033605901ce86c0b0,3,0,1,,NoRedLH3_0612,AllColorsLH_0617,6.5,5.4,4.62,4.42,1.0,0.0,0.0,0.0,0.0,17.0,1.0,-1.0,False,False,NoRedLH3_0612,13.1
5ef7204033605901ce86c0b0,4,0,1,,AllColorsLH_0617,NoRedLH3_0612,5.9,2.7,4.42,4.62,1.0,1.0,0.0,0.0,0.0,1.0,1.0,1.0,False,True,NoRedLH3_0612,13.1
5ef7204033605901ce86c0b0,5,0,1,,NoRedLH3_0612,NoRedLH3_0612,4.6,7.7,4.62,4.13,1.0,0.0,1.0,0.0,0.0,10.0,1.0,1.0,True,False,NoRedLH3_0612,13.1
640d43c9451ce148162a7643,2,1,1,2.0,AllColorsLL1_0526,AllColorsLH_0617,2.7,7.8,3.26,4.42,1.0,1.0,1.0,27.0,1.0,9.0,1.0,1.0,True,True,NoRedLH3_0612,13.1
640d43c9451ce148162a7643,3,1,1,3.0,AllColorsLH_0617,NoRedLH3_0612,10.2,11.7,4.42,4.62,1.0,1.0,1.0,28.0,1.0,3.0,1.0,1.0,True,True,NoRedLH3_0612,13.1
640d43c9451ce148162a7643,4,1,1,3.0,NoRedLH3_0612,AllColorsLH_0617,4.4,8.5,4.62,4.42,1.0,0.0,1.0,26.0,1.0,16.0,1.0,1.0,True,False,NoRedLH3_0612,13.1
640d43c9451ce148162a7643,5,1,1,4.0,AllColorsLH_0617,NoRedLH3_0612,2.1,4.6,4.42,4.62,1.0,1.0,1.0,24.0,1.0,10.0,1.0,1.0,True,True,NoRedLH3_0612,13.1
5f1088e27a43fe0c64ca5814,1,1,1,4.0,AllColorsLL1_0526,AllColorsLH_0617,9.3,10.2,3.26,4.42,1.0,1.0,1.0,15.0,1.0,3.0,1.0,1.0,True,True,NoRedLH3_0612,13.1
5f1088e27a43fe0c64ca5814,2,1,1,7.0,AllColorsLH_0617,NoRedLH3_0612,8.9,9.8,4.42,4.62,1.0,1.0,1.0,9.0,1.0,8.0,1.0,1.0,True,True,NoRedLH3_0612,13.1
5edcfe625cd39c9efd5cc2ae,1,4,0,0.0,AllColorsLL1_0526,OnlyBlueLL_0625,7.1,4.6,3.26,2.45,0.0,1.0,1.0,43.0,4.0,15.0,-1.0,-1.0,False,False,NoRedLH3_0612,13.1
5edcfe625cd39c9efd5cc2ae,2,4,0,1.0,AllColorsLL1_0526,AllColorsLH_0617,3.5,8.5,3.26,4.42,0.0,0.0,0.0,17.0,1.0,8.0,1.0,1.0,True,True,NoRedLH3_0612,13.1
5edcfe625cd39c9efd5cc2ae,3,4,0,2.0,AllColorsLL1_0526,OnlyBlueLL_0625,2.1,4.8,3.26,2.45,0.0,1.0,0.0,8.0,1.0,10.0,-1.0,1.0,True,False,NoRedLH3_0612,13.1
5edcfe625cd39c9efd5cc2ae,4,4,0,3.0,AllColorsLL1_0526,AllColorsLH_0617,2.7,7.8,3.26,4.42,1.0,1.0,1.0,16.0,2.0,10.0,1.0,1.0,True,True,NoRedLH3_0612,13.1
5edcfe625cd39c9efd5cc2ae,5,4,0,4.0,AllColorsLH_0617,NoRedLH3_0612,6.3,6.4,4.42,4.62,1.0,1.0,1.0,12.0,1.0,8.0,1.0,1.0,True,True,NoRedLH3_0612,13.1
63457ca6ea7e55d2491ec3fc,1,2,0,1.0,AllColorsLL1_0526,AllColorsLL2_0604,5.4,10.7,3.26,2.34,0.0,1.0,0.0,29.0,1.0,13.0,-1.0,1.0,True,False,AllColorsLL1_0526,13.4
63457ca6ea7e55d2491ec3fc,2,2,0,2.0,AllColorsLL1_0526,AllColorsLH_0617,8.9,10.2,3.26,4.42,0.0,0.0,0.0,49.0,1.0,5.0,1.0,1.0,True,True,AllColorsLL1_0526,13.4
63457ca6ea7e55d2491ec3fc,3,2,0,3.0,AllColorsLL1_0526,AllColorsLL2_0604,5.7,6.1,3.26,2.34,0.0,1.0,0.0,32.0,1.0,17.0,-1.0,1.0,True,False,AllColorsLL1_0526,13.4
60fce3df91350150e2e88423,1,1,0,2.0,AllColorsLL1_0526,OnlyBlueLL_0625,5.7,-5.0,3.26,2.45,1.0,0.0,0.0,35.0,1.0,17.0,-1.0,-1.0,False,False,OnlyBlueLH_0706,11.8
60fce3df91350150e2e88423,2,1,0,5.0,OnlyBlueLL_0625,OnlyBlueLH_0706,3.7,1.6,2.45,4.13,1.0,1.0,0.0,44.0,1.0,16.0,1.0,-1.0,False,True,OnlyBlueLH_0706,11.8
60fce3df91350150e2e88423,4,1,0,5.0,OnlyBlueLH_0706,NoRedLH3_0612,3.0,-6.0,4.13,4.62,0.0,0.0,1.0,18.0,1.0,15.0,1.0,-1.0,False,True,OnlyBlueLH_0706,11.8
5c4f5967aac8be0001716a65,1,1,0,4.0,AllColorsLL1_0526,AllColorsLH_0617,4.3,6.3,3.26,4.42,1.0,1.0,1.0,46.0,4.0,4.0,1.0,1.0,True,True,NoRedLH3_0612,13.1
5c4f5967aac8be0001716a65,3,1,0,4.0,AllColorsLH_0617,NoRedLH3_0612,10.2,10.6,4.42,4.62,1.0,1.0,1.0,26.0,2.0,5.0,1.0,1.0,True,True,NoRedLH3_0612,13.1
5adae3ebdec767000128c131,1,2,0,1.0,AllColorsLL1_0526,AllColorsLH_0617,1.8,5.9,3.26,4.42,1.0,1.0,1.0,39.0,2.0,1.0,1.0,1.0,True,True,OnlyBlueLH_0706,11.8
5adae3ebdec767000128c131,2,2,0,1.0,AllColorsLH_0617,AllColorsLL1_0526,2.1,2.3,4.42,3.26,0.0,1.0,0.0,36.0,1.0,10.0,0.0,0.0,True,False,OnlyBlueLH_0706,11.8
5adae3ebdec767000128c131,3,2,0,5.0,AllColorsLH_0617,OnlyBlueLH_0706,8.9,8.6,4.42,4.13,1.0,0.0,0.0,19.0,1.0,8.0,1.0,1.0,False,False,OnlyBlueLH_0706,11.8
5a94d2e989de8200013ecab6,1,3,1,1.0,AllColorsLL1_0526,OnlyBlueLL_0625,8.9,7.4,3.26,2.45,1.0,0.0,0.0,64.0,1.0,2.0,-1.0,-1.0,False,False,NoRedLH2_0618,13.3
5a94d2e989de8200013ecab6,2,3,1,5.0,OnlyBlueLL_0625,OnlyBlueLH_0706,-1.3,0.8,2.45,4.13,1.0,1.0,1.0,36.0,1.0,7.0,1.0,-1.0,True,True,NoRedLH2_0618,13.3
5a94d2e989de8200013ecab6,3,3,1,7.0,OnlyBlueLH_0706,AllColorsLH_0617,3.5,6.5,4.13,4.42,0.0,0.0,0.0,30.0,1.0,9.0,1.0,1.0,True,True,NoRedLH2_0618,13.3
5a94d2e989de8200013ecab6,4,3,1,7.0,OnlyBlueLH_0706,NoRedLH3_0612,1.6,4.4,4.13,4.62,1.0,1.0,1.0,32.0,1.0,2.0,1.0,1.0,True,True,NoRedLH2_0618,13.3
5a94d2e989de8200013ecab6,5,3,1,7.0,NoRedLH3_0612,NoRedLH2_0618,8.7,7.9,4.62,3.98,1.0,0.0,0.0,24.0,1.0,1.0,1.0,1.0,False,False,NoRedLH2_0618,13.3
6466249c27b5e4161f763c32,1,0,0,,AllColorsLL1_0526,OnlyBlueLL_0625,7.3,8.6,3.26,2.45,1.0,0.0,1.0,0.0,0.0,8.0,-1.0,1.0,True,False,NoRedLL_G_0617,9.1
6466249c27b5e4161f763c32,2,0,0,,OnlyBlueLL_0625,NoRedLL_G_0617,4.6,7.9,2.45,4.62,1.0,1.0,1.0,0.0,0.0,2.0,1.0,1.0,True,True,NoRedLL_G_0617,9.1
6466249c27b5e4161f763c32,4,0,0,,NoRedLL_G_0617,NoRedLL_G_0617,3.3,4.5,4.62,5.25,1.0,1.0,1.0,0.0,0.0,6.0,1.0,1.0,True,True,NoRedLL_G_0617,9.1
6776db5ec2686c027926581e,1,3,0,1.0,AllColorsLL1_0526,OnlyBlueLL_0625,5.7,-5.0,3.26,2.45,1.0,0.0,0.0,32.0,1.0,2.0,-1.0,-1.0,False,False,NoRedLH2_0618,13.3
6776db5ec2686c027926581e,2,3,0,1.0,OnlyBlueLL_0625,NoRedLL_G_0617,3.9,3.3,2.45,4.62,1.0,1.0,0.0,19.0,1.0,9.0,1.0,1.0,False,True,NoRedLH2_0618,13.3
6776db5ec2686c027926581e,3,3,0,2.0,NoRedLL_G_0617,NoRedLH2_0618,7.3,-3.0,4.62,3.98,1.0,0.0,0.0,14.0,1.0,3.0,1.0,-1.0,False,False,NoRedLH2_0618,13.3
6776db5ec2686c027926581e,4,3,0,2.0,NoRedLH2_0618,OnlyBlueLH_0706,6.3,4.1,3.98,4.13,0.0,0.0,1.0,40.0,2.0,4.0,1.0,-1.0,False,True,NoRedLH2_0618,13.3
6776db5ec2686c027926581e,5,3,0,3.0,NoRedLH2_0618,OnlyBlueLH_0706,6.4,4.7,3.98,4.13,0.0,0.0,1.0,22.0,1.0,4.0,1.0,1.0,False,True,NoRedLH2_0618,13.3
62a099bb01ad779df1971ea4,1,3,1,1.0,AllColorsLL1_0526,AllColorsLL2_0604,2.1,2.1,3.26,2.34,1.0,0.0,1.0,50.0,1.0,3.0,-1.0,0.0,True,False,AllColorsLL2_0604,5.0
5e35373e1ddb124e6c306747,1,4,1,1.0,AllColorsLL1_0526,AllColorsLL2_0604,5.4,10.7,3.26,2.34,1.0,0.0,1.0,39.0,1.0,1.0,-1.0,1.0,True,False,NoRedLH3_0612,13.1
5e35373e1ddb124e6c306747,2,4,1,1.0,AllColorsLL2_0604,AllColorsLL1_0526,3.2,-0.1,2.34,3.26,0.0,0.0,1.0,40.0,2.0,12.0,0.0,0.0,False,True,NoRedLH3_0612,13.1
5e35373e1ddb124e6c306747,3,4,1,2.0,AllColorsLL2_0604,AllColorsLH_0617,4.3,6.3,2.34,4.42,1.0,1.0,1.0,32.0,1.0,15.0,1.0,1.0,True,True,NoRedLH3_0612,13.1
5e35373e1ddb124e6c306747,4,4,1,3.0,AllColorsLH_0617,NoRedLH3_0612,8.5,4.4,4.42,4.62,1.0,1.0,0.0,22.0,1.0,8.0,1.0,1.0,False,True,NoRedLH3_0612,13.1
5af1c4dfaec2b600010a96c9,2,3,0,1.0,AllColorsLL1_0526,OnlyBlueLL_0625,8.9,7.4,3.26,2.45,1.0,0.0,0.0,18.0,1.0,2.0,-1.0,-1.0,False,False,OnlyBlueLH_0706,11.8
5af1c4dfaec2b600010a96c9,4,3,0,4.0,OnlyBlueLL_0625,OnlyBlueLH_0706,-2.5,-5.0,2.45,4.13,1.0,1.0,0.0,25.0,1.0,7.0,1.0,1.0,False,True,OnlyBlueLH_0706,11.8
64275e53f51a5ed4f6b7d019,1,3,1,1.0,AllColorsLL1_0526,AllColorsLH_0617,9.3,10.2,3.26,4.42,1.0,1.0,1.0,42.0,1.0,15.0,1.0,1.0,True,True,AllColorsLH_0617,13.3
64275e53f51a5ed4f6b7d019,2,3,1,1.0,AllColorsLH_0617,NoRedLH3_0612,3.5,-6.0,4.42,4.62,0.0,0.0,1.0,42.0,1.0,12.0,1.0,-1.0,False,True,AllColorsLH_0617,13.3
64275e53f51a5ed4f6b7d019,3,3,1,1.0,AllColorsLH_0617,AllColorsLL1_0526,2.1,2.3,4.42,3.26,0.0,1.0,0.0,36.0,1.0,4.0,0.0,0.0,True,False,AllColorsLH_0617,13.3
64275e53f51a5ed4f6b7d019,4,3,1,1.0,AllColorsLH_0617,AllColorsLL1_0526,5.8,2.1,4.42,3.26,0.0,1.0,1.0,52.0,1.0,4.0,0.0,0.0,False,False,AllColorsLH_0617,13.3
64275e53f51a5ed4f6b7d019,5,3,1,2.0,AllColorsLH_0617,NoRedLH3_0612,8.5,4.4,4.42,4.62,0.0,0.0,1.0,35.0,1.0,12.0,1.0,1.0,False,True,AllColorsLH_0617,13.3
67a7e69b82119112d04041fd,2,4,1,1.0,AllColorsLL1_0526,OnlyBlueLL_0625,2.7,2.4,3.26,2.45,1.0,0.0,0.0,12.0,1.0,13.0,-1.0,-1.0,False,False,OnlyBlueLL_0625,4.7
5c309bb410677f0001dda0ed,1,1,1,3.0,AllColorsLL1_0526,AllColorsLH_0617,1.1,3.5,3.26,4.42,1.0,1.0,1.0,40.0,1.0,15.0,1.0,1.0,True,True,NoRedLH3_0612,13.1
5c309bb410677f0001dda0ed,2,1,1,4.0,AllColorsLH_0617,NoRedLH3_0612,10.2,10.6,4.42,4.62,1.0,1.0,1.0,35.0,1.0,5.0,1.0,1.0,True,True,NoRedLH3_0612,13.1
5c309bb410677f0001dda0ed,3,1,1,4.0,NoRedLH3_0612,AllColorsLH_0617,4.4,8.5,4.62,4.42,1.0,0.0,1.0,12.0,1.0,16.0,1.0,1.0,True,False,NoRedLH3_0612,13.1
5c309bb410677f0001dda0ed,4,1,1,6.0,AllColorsLH_0617,NoRedLH3_0612,8.9,9.8,4.42,4.62,1.0,1.0,1.0,17.0,1.0,8.0,1.0,1.0,True,True,NoRedLH3_0612,13.1
583c25b675d7c80001b73e9a,1,4,1,1.0,AllColorsLL1_0526,AllColorsLH_0617,-2.0,-7.0,3.26,4.42,1.0,1.0,0.0,84.0,1.0,15.0,1.0,-1.0,False,True,NoRedLH2_0618,13.3
583c25b675d7c80001b73e9a,2,4,1,6.0,AllColorsLH_0617,OnlyBlueLH_0706,2.1,7.7,4.42,4.13,0.0,1.0,0.0,76.0,1.0,17.0,1.0,1.0,True,False,NoRedLH2_0618,13.3
583c25b675d7c80001b73e9a,3,4,1,7.0,AllColorsLH_0617,NoRedLH3_0612,5.4,6.5,4.42,4.62,1.0,1.0,1.0,66.0,1.0,2.0,1.0,1.0,True,True,NoRedLH2_0618,13.3
583c25b675d7c80001b73e9a,4,4,1,7.0,NoRedLH3_0612,NoRedLH2_0618,8.7,7.9,4.62,3.98,1.0,0.0,0.0,52.0,1.0,8.0,1.0,1.0,False,False,NoRedLH2_0618,13.3
583c25b675d7c80001b73e9a,5,4,1,8.0,NoRedLH2_0618,NoRedLH3_0612,7.9,7.8,3.98,4.62,0.0,0.0,1.0,88.0,1.0,1.0,1.0,1.0,False,True,NoRedLH2_0618,13.3
607668ac450fc6e3025a131d,1,2,0,2.0,AllColorsLL1_0526,AllColorsLH_0617,3.5,8.5,3.26,4.42,1.0,1.0,1.0,56.0,1.0,16.0,1.0,1.0,True,True,NoRedLH3_0612,13.1
607668ac450fc6e3025a131d,2,2,0,3.0,AllColorsLH_0617,NoRedLH3_0612,6.5,7.8,4.42,4.62,1.0,1.0,1.0,15.0,1.0,12.0,1.0,1.0,True,True,NoRedLH3_0612,13.1
607668ac450fc6e3025a131d,3,2,0,3.0,NoRedLH3_0612,AllColorsLH_0617,7.8,7.8,4.62,4.42,0.0,1.0,1.0,48.0,4.0,9.0,1.0,1.0,True,False,NoRedLH3_0612,13.1
607668ac450fc6e3025a131d,4,2,0,3.0,NoRedLH3_0612,AllColorsLH_0617,6.5,5.4,4.62,4.42,1.0,0.0,0.0,24.0,1.0,17.0,1.0,-1.0,False,False,NoRedLH3_0612,13.1
607668ac450fc6e3025a131d,5,2,0,4.0,AllColorsLH_0617,NoRedLH3_0612,3.5,-6.0,4.42,4.62,1.0,1.0,0.0,23.0,1.0,15.0,1.0,-1.0,False,True,NoRedLH3_0612,13.1
5a0c036857cee70001767a58,1,0,1,,AllColorsLL1_0526,OnlyBlueLL_0625,7.3,8.6,3.26,2.45,1.0,0.0,1.0,0.0,0.0,8.0,-1.0,1.0,True,False,NoRedLH3_0612,13.1
5a0c036857cee70001767a58,2,0,1,,OnlyBlueLL_0625,OnlyBlueLH_0706,4.6,4.6,2.45,4.13,1.0,1.0,1.0,0.0,0.0,2.0,1.0,-1.0,True,True,NoRedLH3_0612,13.1
5a0c036857cee70001767a58,3,0,1,,OnlyBlueLH_0706,NoRedLH3_0612,3.8,6.1,4.13,4.62,1.0,1.0,1.0,0.0,0.0,6.0,1.0,1.0,True,True,NoRedLH3_0612,13.1
5a0c036857cee70001767a58,4,0,1,,NoRedLH3_0612,NoRedLH3_0612,6.3,4.8,4.62,4.13,1.0,0.0,0.0,0.0,0.0,11.0,1.0,1.0,False,False,NoRedLH3_0612,13.1
57698d52688a5c00018d958d,3,1,0,1.0,AllColorsLL1_0526,OnlyBlueLL_0625,5.4,7.1,3.26,2.45,1.0,0.0,1.0,24.0,1.0,13.0,-1.0,1.0,True,False,NoRedLH3_0612,13.1
57698d52688a5c00018d958d,4,1,0,3.0,OnlyBlueLL_0625,OnlyBlueLH_0706,-1.8,10.0,2.45,4.13,1.0,1.0,1.0,30.0,1.0,3.0,1.0,1.0,True,True,NoRedLH3_0612,13.1
57698d52688a5c00018d958d,5,1,0,3.0,OnlyBlueLH_0706,NoRedLH3_0612,3.8,6.1,4.13,4.62,1.0,1.0,1.0,27.0,1.0,6.0,1.0,1.0,True,True,NoRedLH3_0612,13.1
66c0e527746d984d9bff5f3f,1,2,0,1.0,AllColorsLL1_0526,AllColorsLL2_0604,5.4,10.7,3.26,2.34,0.0,1.0,0.0,68.0,4.0,13.0,-1.0,1.0,True,False,AllColorsLH_0617,13.3
66c0e527746d984d9bff5f3f,2,2,0,3.0,AllColorsLL1_0526,AllColorsLH_0617,-2.0,-7.0,3.26,4.42,1.0,1.0,0.0,43.0,4.0,6.0,1.0,-1.0,False,True,AllColorsLH_0617,13.3
66c0e527746d984d9bff5f3f,3,2,0,4.0,AllColorsLH_0617,NoRedLH3_0612,10.2,10.6,4.42,4.62,0.0,0.0,0.0,26.0,1.0,5.0,1.0,1.0,True,True,AllColorsLH_0617,13.3
666ef3fd835b5b798c2c88b5,1,1,0,0.0,AllColorsLL1_0526,OnlyBlueLL_0625,7.3,8.6,3.26,2.45,1.0,0.0,1.0,27.0,1.0,3.0,-1.0,1.0,True,False,NoRedLH3_0612,13.1
666ef3fd835b5b798c2c88b5,2,1,0,2.0,OnlyBlueLL_0625,OnlyBlueLH_0706,-2.5,-5.0,2.45,4.13,1.0,1.0,0.0,43.0,4.0,14.0,1.0,1.0,False,True,NoRedLH3_0612,13.1
666ef3fd835b5b798c2c88b5,4,1,0,3.0,OnlyBlueLH_0706,NoRedLH3_0612,8.1,7.8,4.13,4.62,1.0,1.0,0.0,18.0,3.0,9.0,1.0,1.0,False,True,NoRedLH3_0612,13.1
62989d142aedce04d304cabf,1,0,1,,AllColorsLL1_0526,AllColorsLH_0617,2.1,5.8,3.26,4.42,1.0,1.0,1.0,0.0,0.0,11.0,1.0,1.0,True,True,AllColorsLH_0617,13.3
62989d142aedce04d304cabf,4,0,1,,AllColorsLH_0617,NoRedLH3_0612,2.1,4.6,4.42,4.62,1.0,1.0,1.0,0.0,0.0,10.0,1.0,1.0,True,True,AllColorsLH_0617,13.3
62989d142aedce04d304cabf,5,0,1,,NoRedLH3_0612,NoRedLH1_0612,9.8,8.4,4.62,5.25,1.0,1.0,0.0,0.0,0.0,8.0,1.0,1.0,False,True,AllColorsLH_0617,13.3
66cb416f427974865365523d,1,1,0,1.0,AllColorsLL1_0526,OnlyBlueLL_0625,2.1,4.8,3.26,2.45,1.0,0.0,1.0,29.0,1.0,11.0,-1.0,1.0,True,False,AllColorsLH_0617,13.3
66cb416f427974865365523d,2,1,0,2.0,OnlyBlueLL_0625,OnlyBlueLH_0706,3.7,1.6,2.45,4.13,0.0,0.0,1.0,27.0,1.0,16.0,1.0,-1.0,False,True,AllColorsLH_0617,13.3
66cb416f427974865365523d,3,1,0,2.0,OnlyBlueLL_0625,OnlyBlueLH_0706,4.7,4.7,2.45,4.13,1.0,1.0,1.0,45.0,2.0,4.0,1.0,1.0,True,True,AllColorsLH_0617,13.3
66cb416f427974865365523d,4,1,0,2.0,OnlyBlueLH_0706,AllColorsLH_0617,7.7,2.1,4.13,4.42,0.0,0.0,1.0,39.0,4.0,10.0,1.0,-1.0,False,True,AllColorsLH_0617,13.3
66cb416f427974865365523d,5,1,0,2.0,OnlyBlueLH_0706,AllColorsLH_0617,3.8,-7.0,4.13,4.42,1.0,1.0,0.0,12.0,2.0,6.0,1.0,-1.0,False,True,AllColorsLH_0617,13.3
6105619fd55674bb2c2f0f74,2,0,0,,AllColorsLL1_0526,OnlyBlueLL_0625,2.1,4.8,3.26,2.45,1.0,0.0,1.0,0.0,0.0,11.0,-1.0,1.0,True,False,OnlyBlueLL_0625,4.7
6105619fd55674bb2c2f0f74,5,0,0,,OnlyBlueLL_0625,OnlyBlueLL_0625,3.9,3.8,2.45,4.13,1.0,1.0,0.0,0.0,0.0,6.0,1.0,1.0,False,True,OnlyBlueLL_0625,4.7
673918cac1da9f53da621209,1,0,1,,AllColorsLL1_0526,AllColorsLH_0617,2.1,5.8,3.26,4.42,1.0,1.0,1.0,0.0,0.0,11.0,1.0,1.0,True,True,NoRedLH3_0612,13.1
673918cac1da9f53da621209,2,0,1,,AllColorsLH_0617,NoRedLH3_0612,2.1,4.6,4.42,4.62,1.0,1.0,1.0,0.0,0.0,10.0,1.0,1.0,True,True,NoRedLH3_0612,13.1
673918cac1da9f53da621209,5,0,1,,NoRedLH3_0612,NoRedLH3_0612,7.8,8.1,4.62,4.13,1.0,0.0,1.0,0.0,0.0,9.0,1.0,1.0,True,False,NoRedLH3_0612,13.1
6708da9c62672d0fe65b6683,1,1,1,1.0,AllColorsLL1_0526,OnlyBlueLL_0625,5.4,0.5,3.26,2.45,0.0,1.0,1.0,19.0,1.0,12.0,-1.0,-1.0,False,False,AllColorsLH_0617,13.3
6708da9c62672d0fe65b6683,2,1,1,5.0,AllColorsLL1_0526,AllColorsLH_0617,-8.9,1.6,3.26,4.42,1.0,1.0,1.0,10.0,1.0,14.0,1.0,1.0,True,True,AllColorsLH_0617,13.3
6708da9c62672d0fe65b6683,3,1,1,5.0,AllColorsLH_0617,NoRedLH3_0612,10.2,10.6,4.42,4.62,1.0,1.0,1.0,14.0,1.0,5.0,1.0,1.0,True,True,AllColorsLH_0617,13.3
6708da9c62672d0fe65b6683,4,1,1,5.0,NoRedLH3_0612,AllColorsLH_0617,6.4,6.3,4.62,4.42,1.0,0.0,0.0,10.0,1.0,4.0,1.0,1.0,False,False,AllColorsLH_0617,13.3
6708da9c62672d0fe65b6683,5,1,1,5.0,AllColorsLH_0617,NoRedLH3_0612,8.9,9.8,4.42,4.62,0.0,0.0,0.0,26.0,1.0,8.0,1.0,1.0,True,True,AllColorsLH_0617,13.3
66d15c3223f628509ca2dd64,1,2,0,0.0,AllColorsLL1_0526,AllColorsLH_0617,5.7,5.4,3.26,4.42,1.0,1.0,0.0,40.0,3.0,17.0,1.0,-1.0,False,True,NoRedLH1_0612,5.0
66d15c3223f628509ca2dd64,2,2,0,1.0,AllColorsLH_0617,NoRedLH3_0612,8.5,4.4,4.42,4.62,1.0,1.0,0.0,57.0,4.0,16.0,1.0,1.0,False,True,NoRedLH1_0612,5.0
66d15c3223f628509ca2dd64,3,2,0,2.0,NoRedLH3_0612,NoRedLH1_0612,10.6,6.1,4.62,5.25,1.0,1.0,0.0,15.0,1.0,5.0,1.0,-1.0,False,True,NoRedLH1_0612,5.0
66d15c3223f628509ca2dd64,5,2,0,3.0,NoRedLH1_0612,NoRedLH2_0618,7.9,7.9,5.25,3.98,0.0,1.0,1.0,34.0,4.0,2.0,1.0,1.0,True,False,NoRedLH1_0612,5.0
5d88db42c1d06e001a1fdcab,1,0,0,,AllColorsLL1_0526,AllColorsLH_0617,-8.9,1.6,3.26,4.42,1.0,1.0,1.0,0.0,0.0,14.0,1.0,1.0,True,True,OnlyBlueLH_0706,11.8
5d88db42c1d06e001a1fdcab,2,0,0,,AllColorsLH_0617,NoRedLH3_0612,7.8,8.7,4.42,4.62,1.0,1.0,1.0,0.0,0.0,2.0,1.0,1.0,True,True,OnlyBlueLH_0706,11.8
5d88db42c1d06e001a1fdcab,3,0,0,,NoRedLH3_0612,NoRedLH2_0618,6.5,6.4,4.62,3.98,1.0,0.0,0.0,0.0,0.0,17.0,1.0,1.0,False,False,OnlyBlueLH_0706,11.8
5d88db42c1d06e001a1fdcab,4,0,0,,NoRedLH2_0618,OnlyBlueLH_0706,6.1,0.8,3.98,4.13,1.0,1.0,0.0,0.0,0.0,1.0,1.0,-1.0,False,True,OnlyBlueLH_0706,11.8
5d88db42c1d06e001a1fdcab,5,0,0,,OnlyBlueLH_0706,OnlyBlueLH_0706,1.6,5.0,4.13,5.25,1.0,1.0,1.0,0.0,0.0,16.0,1.0,1.0,True,True,OnlyBlueLH_0706,11.8
5a73899f9cdd1800017786f0,1,2,0,3.0,AllColorsLL1_0526,AllColorsLH_0617,2.7,7.8,3.26,4.42,1.0,1.0,1.0,26.0,1.0,9.0,1.0,1.0,True,True,NoRedLH3_0612,13.1
5a73899f9cdd1800017786f0,2,2,0,8.0,AllColorsLH_0617,OnlyBlueLH_0706,2.1,7.7,4.42,4.13,1.0,0.0,1.0,24.0,1.0,10.0,1.0,1.0,True,False,NoRedLH3_0612,13.1
5a73899f9cdd1800017786f0,3,2,0,10.0,OnlyBlueLH_0706,OnlyBlueLL_0625,4.1,4.3,4.13,2.45,1.0,0.0,1.0,23.0,1.0,18.0,-1.0,-1.0,True,False,NoRedLH3_0612,13.1
5a73899f9cdd1800017786f0,4,2,0,11.0,OnlyBlueLL_0625,NoRedLL_G_0617,-2.5,-7.0,2.45,4.62,1.0,1.0,0.0,40.0,4.0,14.0,1.0,1.0,False,True,NoRedLH3_0612,13.1
5a73899f9cdd1800017786f0,5,2,0,11.0,NoRedLL_G_0617,NoRedLH3_0612,8.6,9.8,4.62,4.62,1.0,1.0,1.0,22.0,4.0,8.0,1.0,1.0,True,True,NoRedLH3_0612,13.1
67be05692b18b631ece5fd2e,1,4,0,4.0,AllColorsLL1_0526,OnlyBlueLL_0625,2.3,4.1,3.26,2.45,0.0,1.0,0.0,12.0,1.0,15.0,-1.0,1.0,True,False,AllColorsLL2_0604,5.0
67be05692b18b631ece5fd2e,4,4,0,5.0,AllColorsLL1_0526,AllColorsLL2_0604,2.1,2.1,3.26,2.34,1.0,0.0,1.0,18.0,1.0,8.0,-1.0,0.0,True,False,AllColorsLL2_0604,5.0
5a9dd20b4eecca0001dd9f1d,1,2,1,1.0,AllColorsLL1_0526,AllColorsLH_0617,2.3,2.1,3.26,4.42,0.0,0.0,1.0,95.0,1.0,10.0,1.0,-1.0,False,True,NoRedLH3_0612,13.1
5a9dd20b4eecca0001dd9f1d,2,2,1,2.0,AllColorsLL1_0526,AllColorsLH_0617,8.9,10.2,3.26,4.42,1.0,1.0,1.0,,1.0,5.0,1.0,1.0,True,True,NoRedLH3_0612,13.1
5a9dd20b4eecca0001dd9f1d,3,2,1,5.0,AllColorsLH_0617,NoRedLH3_0612,8.9,9.8,4.42,4.62,0.0,0.0,0.0,63.0,1.0,8.0,1.0,1.0,True,True,NoRedLH3_0612,13.1
5a9dd20b4eecca0001dd9f1d,4,2,1,6.0,AllColorsLH_0617,NoRedLH3_0612,1.6,-4.0,4.42,4.62,1.0,1.0,0.0,31.0,1.0,14.0,1.0,1.0,False,True,NoRedLH3_0612,13.1
5a9dd20b4eecca0001dd9f1d,5,2,1,8.0,NoRedLH3_0612,AllColorsLH_0617,7.8,7.8,4.62,4.42,0.0,1.0,1.0,16.0,1.0,9.0,1.0,1.0,True,False,NoRedLH3_0612,13.1
6369700320bc7dd22e733009,1,3,1,2.0,AllColorsLL1_0526,AllColorsLH_0617,1.8,5.9,3.26,4.42,1.0,1.0,1.0,25.0,1.0,15.0,1.0,1.0,True,True,AllColorsLH_0617,13.3
6369700320bc7dd22e733009,2,3,1,2.0,AllColorsLH_0617,AllColorsLL1_0526,7.8,2.7,4.42,3.26,0.0,1.0,1.0,21.0,4.0,4.0,0.0,0.0,False,False,AllColorsLH_0617,13.3
6369700320bc7dd22e733009,3,3,1,3.0,AllColorsLH_0617,NoRedLH3_0612,8.5,4.4,4.42,4.62,1.0,1.0,0.0,18.0,1.0,12.0,1.0,1.0,False,True,AllColorsLH_0617,13.3
6369700320bc7dd22e733009,4,3,1,3.0,NoRedLH3_0612,AllColorsLH_0617,7.8,6.5,4.62,4.42,1.0,0.0,0.0,32.0,1.0,3.0,1.0,1.0,False,False,AllColorsLH_0617,13.3
6369700320bc7dd22e733009,5,3,1,5.0,AllColorsLH_0617,NoRedLH3_0612,10.2,11.7,4.42,4.62,0.0,0.0,0.0,44.0,1.0,12.0,1.0,1.0,True,True,AllColorsLH_0617,13.3
67c1330b2901cfc01e410de0,1,1,0,0.0,AllColorsLL1_0526,OnlyBlueLL_0625,7.1,4.6,3.26,2.45,0.0,1.0,1.0,91.0,1.0,2.0,-1.0,-1.0,False,False,AllColorsLH_0617,13.3
67c1330b2901cfc01e410de0,2,1,0,1.0,AllColorsLL1_0526,AllColorsLL2_0604,-8.9,-6.0,3.26,2.34,1.0,0.0,1.0,45.0,1.0,14.0,-1.0,1.0,True,False,AllColorsLH_0617,13.3
67c1330b2901cfc01e410de0,3,1,0,2.0,AllColorsLL2_0604,AllColorsLH_0617,3.2,3.4,2.34,4.42,1.0,1.0,1.0,62.0,1.0,7.0,1.0,1.0,True,True,AllColorsLH_0617,13.3
57d5ab3a722df500017f3622,1,2,1,3.0,AllColorsLL1_0526,AllColorsLH_0617,5.4,-3.0,3.26,4.42,1.0,1.0,0.0,48.0,1.0,13.0,1.0,-1.0,False,True,NoRedLH3_0612,13.1
57d5ab3a722df500017f3622,2,2,1,4.0,AllColorsLH_0617,NoRedLH3_0612,3.5,-6.0,4.42,4.62,1.0,1.0,0.0,57.0,3.0,5.0,1.0,-1.0,False,True,NoRedLH3_0612,13.1
57d5ab3a722df500017f3622,3,2,1,5.0,NoRedLH3_0612,NoRedLH2_0618,7.8,7.9,4.62,3.98,0.0,1.0,0.0,25.0,1.0,12.0,1.0,1.0,True,False,NoRedLH3_0612,13.1
66435e2e5c5b5aceb2195908,1,1,1,1.0,AllColorsLL1_0526,AllColorsLH_0617,1.1,3.5,3.26,4.42,1.0,1.0,1.0,38.0,1.0,15.0,1.0,1.0,True,True,AllColorsLH_0617,13.3
66435e2e5c5b5aceb2195908,2,1,1,2.0,AllColorsLH_0617,AllColorsLL1_0526,7.8,7.1,4.42,3.26,1.0,0.0,0.0,30.0,2.0,2.0,0.0,0.0,False,False,AllColorsLH_0617,13.3
66435e2e5c5b5aceb2195908,3,1,1,3.0,AllColorsLL1_0526,AllColorsLH_0617,4.3,6.3,3.26,4.42,1.0,1.0,1.0,16.0,1.0,4.0,1.0,1.0,True,True,AllColorsLH_0617,13.3
66435e2e5c5b5aceb2195908,4,1,1,4.0,AllColorsLH_0617,NoRedLH3_0612,7.8,7.8,4.42,4.62,1.0,1.0,1.0,41.0,4.0,9.0,1.0,1.0,True,True,AllColorsLH_0617,13.3
66435e2e5c5b5aceb2195908,5,1,1,4.0,NoRedLH3_0612,AllColorsLH_0617,2.7,5.9,4.62,4.42,1.0,0.0,1.0,14.0,1.0,1.0,1.0,1.0,True,False,AllColorsLH_0617,13.3
5898e520979a590001d21df2,1,4,0,2.0,AllColorsLL1_0526,AllColorsLH_0617,9.3,10.2,3.26,4.42,1.0,1.0,1.0,46.0,1.0,16.0,1.0,1.0,True,True,AllColorsLH_0617,13.3
5898e520979a590001d21df2,2,4,0,3.0,AllColorsLH_0617,AllColorsLL1_0526,6.3,4.3,4.42,3.26,0.0,1.0,1.0,36.0,1.0,14.0,0.0,0.0,False,False,AllColorsLH_0617,13.3
5898e520979a590001d21df2,3,4,0,4.0,AllColorsLH_0617,NoRedLH3_0612,8.5,4.4,4.42,4.62,1.0,1.0,0.0,38.0,1.0,9.0,1.0,1.0,False,True,AllColorsLH_0617,13.3
5898e520979a590001d21df2,4,4,0,5.0,NoRedLH3_0612,AllColorsLH_0617,6.5,5.4,4.62,4.42,1.0,0.0,0.0,40.0,1.0,5.0,1.0,-1.0,False,False,AllColorsLH_0617,13.3
5898e520979a590001d21df2,5,4,0,5.0,AllColorsLH_0617,NoRedLH3_0612,5.9,2.7,4.42,4.62,0.0,0.0,1.0,28.0,1.0,2.0,1.0,1.0,False,True,AllColorsLH_0617,13.3
65ca9c729a13f898ae374552,1,1,0,2.0,AllColorsLL1_0526,AllColorsLH_0617,-2.0,-7.0,3.26,4.42,1.0,1.0,0.0,83.0,4.0,6.0,1.0,-1.0,False,True,AllColorsLH_0617,13.3
5ece3f660e92801e30440344,1,3,1,1.0,AllColorsLL1_0526,AllColorsLH_0617,1.1,3.5,3.26,4.42,1.0,1.0,1.0,38.0,3.0,15.0,1.0,1.0,True,True,NoRedLH2_0618,13.3
5ece3f660e92801e30440344,2,3,1,2.0,AllColorsLH_0617,NoRedLH3_0612,2.1,4.6,4.42,4.62,1.0,1.0,1.0,27.0,2.0,12.0,1.0,1.0,True,True,NoRedLH2_0618,13.3
5ece3f660e92801e30440344,3,3,1,2.0,NoRedLH3_0612,AllColorsLH_0617,7.8,7.8,4.62,4.42,0.0,1.0,1.0,22.0,2.0,3.0,1.0,1.0,True,False,NoRedLH2_0618,13.3
5ece3f660e92801e30440344,4,3,1,3.0,NoRedLH3_0612,NoRedLH2_0618,7.8,7.9,4.62,3.98,1.0,0.0,1.0,10.0,1.0,1.0,1.0,1.0,True,False,NoRedLH2_0618,13.3
5ece3f660e92801e30440344,5,3,1,4.0,NoRedLH2_0618,NoRedLH3_0612,6.1,2.7,3.98,4.62,0.0,0.0,1.0,14.0,1.0,1.0,1.0,1.0,False,True,NoRedLH2_0618,13.3
6786c7d17bc067f2f666cbed,2,2,0,3.0,AllColorsLL1_0526,AllColorsLH_0617,5.4,6.5,3.26,4.42,0.0,0.0,0.0,6.0,1.0,12.0,1.0,1.0,True,True,AllColorsLH_0617,13.3
6786c7d17bc067f2f666cbed,5,2,0,4.0,AllColorsLL1_0526,AllColorsLH_0617,3.5,8.5,3.26,4.42,1.0,1.0,1.0,11.0,1.0,16.0,1.0,1.0,True,True,AllColorsLH_0617,13.3
5b1966a168a5ed0001735813,1,4,0,1.0,AllColorsLL1_0526,AllColorsLH_0617,-2.0,-7.0,3.26,4.42,1.0,1.0,0.0,12.0,1.0,1.0,1.0,-1.0,False,True,NoRedLH3_0612,13.1
5b1966a168a5ed0001735813,3,4,0,2.0,AllColorsLH_0617,NoRedLH3_0612,10.2,11.7,4.42,4.62,1.0,1.0,1.0,21.0,4.0,4.0,1.0,1.0,True,True,NoRedLH3_0612,13.1
5b1966a168a5ed0001735813,5,4,0,2.0,NoRedLH3_0612,AllColorsLH_0617,4.4,8.5,4.62,4.42,0.0,1.0,0.0,10.0,1.0,12.0,1.0,1.0,True,False,NoRedLH3_0612,13.1
66cdced52b59520d110dc694,1,1,1,4.0,AllColorsLL1_0526,AllColorsLL2_0604,2.3,-8.0,3.26,2.34,1.0,0.0,0.0,42.0,4.0,10.0,-1.0,-1.0,False,False,AllColorsLH_0617,13.3
66cdced52b59520d110dc694,2,1,1,5.0,AllColorsLL2_0604,AllColorsLH_0617,4.6,10.2,2.34,4.42,1.0,1.0,1.0,35.0,4.0,3.0,1.0,1.0,True,True,AllColorsLH_0617,13.3
66cdced52b59520d110dc694,3,1,1,6.0,AllColorsLH_0617,OnlyBlueLH_0706,6.3,4.7,4.42,4.13,1.0,0.0,0.0,26.0,4.0,4.0,1.0,1.0,False,False,AllColorsLH_0617,13.3
66cdced52b59520d110dc694,4,1,1,7.0,OnlyBlueLH_0706,NoRedLH3_0612,3.8,6.1,4.13,4.62,1.0,1.0,1.0,29.0,2.0,6.0,1.0,1.0,True,True,AllColorsLH_0617,13.3
66cdced52b59520d110dc694,5,1,1,8.0,NoRedLH3_0612,AllColorsLH_0617,6.5,5.4,4.62,4.42,1.0,0.0,0.0,16.0,2.0,17.0,1.0,-1.0,False,False,AllColorsLH_0617,13.3
678e978dfeca0ba2fca8109f,1,3,0,1.0,AllColorsLL1_0526,AllColorsLH_0617,3.5,8.5,3.26,4.42,1.0,1.0,1.0,17.0,1.0,15.0,1.0,1.0,True,True,AllColorsLH_0617,13.3
678e978dfeca0ba2fca8109f,2,3,0,1.0,AllColorsLH_0617,AllColorsLL1_0526,3.5,1.1,4.42,3.26,0.0,1.0,1.0,21.0,1.0,4.0,0.0,0.0,False,False,AllColorsLH_0617,13.3
678e978dfeca0ba2fca8109f,3,3,0,1.0,AllColorsLH_0617,AllColorsLL1_0526,1.6,-8.9,4.42,3.26,0.0,1.0,1.0,55.0,4.0,4.0,0.0,0.0,False,False,AllColorsLH_0617,13.3
678e978dfeca0ba2fca8109f,4,3,0,1.0,AllColorsLH_0617,NoRedLH3_0612,8.9,9.8,4.42,4.62,1.0,1.0,1.0,33.0,1.0,12.0,1.0,1.0,True,True,AllColorsLH_0617,13.3
678e978dfeca0ba2fca8109f,5,3,0,1.0,NoRedLH3_0612,AllColorsLH_0617,8.7,7.8,4.62,4.42,1.0,0.0,0.0,31.0,3.0,3.0,1.0,1.0,False,False,AllColorsLH_0617,13.3
596f003434773e0001fc0d28,1,1,0,2.0,AllColorsLL1_0526,AllColorsLH_0617,4.3,6.3,3.26,4.42,1.0,1.0,1.0,47.0,3.0,4.0,1.0,1.0,True,True,NoRedLH3_0612,13.1
596f003434773e0001fc0d28,2,1,0,2.0,AllColorsLH_0617,OnlyBlueLH_0706,8.5,1.6,4.42,4.13,0.0,1.0,1.0,32.0,4.0,16.0,1.0,-1.0,False,False,NoRedLH3_0612,13.1
596f003434773e0001fc0d28,4,1,0,3.0,AllColorsLH_0617,NoRedLH3_0612,6.5,7.8,4.42,4.62,1.0,1.0,1.0,25.0,3.0,12.0,1.0,1.0,True,True,NoRedLH3_0612,13.1
6173c0bb92e149b4127563fe,1,1,1,1.0,AllColorsLL1_0526,AllColorsLL2_0604,5.4,10.7,3.26,2.34,1.0,0.0,1.0,31.0,1.0,13.0,-1.0,1.0,True,False,NoRedLH3_0612,13.1
6173c0bb92e149b4127563fe,2,1,1,2.0,AllColorsLL2_0604,AllColorsLH_0617,2.5,7.8,2.34,4.42,1.0,1.0,1.0,24.0,1.0,9.0,1.0,1.0,True,True,NoRedLH3_0612,13.1
6173c0bb92e149b4127563fe,3,1,1,3.0,AllColorsLH_0617,NoRedLH3_0612,6.5,7.8,4.42,4.62,1.0,1.0,1.0,26.0,1.0,12.0,1.0,1.0,True,True,NoRedLH3_0612,13.1
6773d42d35be03a65cf4b3e1,1,3,0,2.0,AllColorsLL1_0526,AllColorsLH_0617,1.8,5.9,3.26,4.42,1.0,1.0,1.0,25.0,1.0,15.0,1.0,1.0,True,True,NoRedLH3_0612,13.1
6773d42d35be03a65cf4b3e1,2,3,0,2.0,AllColorsLH_0617,AllColorsLL1_0526,1.6,-8.9,4.42,3.26,0.0,1.0,1.0,21.0,1.0,4.0,0.0,0.0,False,False,NoRedLH3_0612,13.1
6773d42d35be03a65cf4b3e1,3,3,0,5.0,AllColorsLH_0617,OnlyBlueLH_0706,5.8,4.8,4.42,4.13,1.0,0.0,0.0,29.0,4.0,2.0,1.0,1.0,False,False,NoRedLH3_0612,13.1
6773d42d35be03a65cf4b3e1,4,3,0,5.0,OnlyBlueLH_0706,NoRedLH3_0612,3.0,-6.0,4.13,4.62,1.0,1.0,0.0,14.0,1.0,2.0,1.0,-1.0,False,True,NoRedLH3_0612,13.1
588e02b13326830001bc29cd,1,3,1,2.0,AllColorsLL1_0526,AllColorsLH_0617,9.3,10.2,3.26,4.42,1.0,1.0,1.0,80.0,3.0,15.0,1.0,1.0,True,True,NoRedLH3_0612,13.1
588e02b13326830001bc29cd,2,3,1,3.0,AllColorsLH_0617,AllColorsLL1_0526,1.6,-8.9,4.42,3.26,0.0,1.0,1.0,41.0,4.0,4.0,0.0,0.0,False,False,NoRedLH3_0612,13.1
588e02b13326830001bc29cd,3,3,1,4.0,AllColorsLH_0617,NoRedLH3_0612,7.8,7.8,4.42,4.62,1.0,1.0,1.0,35.0,1.0,12.0,1.0,1.0,True,True,NoRedLH3_0612,13.1
66c3366a3b5834b89124e85a,2,1,0,2.0,AllColorsLL1_0526,AllColorsLL2_0604,8.9,9.1,3.26,2.34,0.0,1.0,0.0,15.0,1.0,5.0,-1.0,1.0,True,False,AllColorsLH_0617,13.3
66c3366a3b5834b89124e85a,3,1,0,4.0,AllColorsLL1_0526,AllColorsLH_0617,5.7,5.4,3.26,4.42,0.0,0.0,1.0,12.0,1.0,17.0,1.0,-1.0,False,True,AllColorsLH_0617,13.3
66c3366a3b5834b89124e85a,5,1,0,6.0,AllColorsLL1_0526,AllColorsLH_0617,4.3,6.3,3.26,4.42,1.0,1.0,1.0,16.0,2.0,4.0,1.0,1.0,True,True,AllColorsLH_0617,13.3
5ed005980fdb830a7bfeaf4b,1,2,0,2.0,AllColorsLL1_0526,OnlyBlueLL_0625,-8.9,-2.5,3.26,2.45,0.0,1.0,0.0,20.0,1.0,14.0,-1.0,1.0,True,False,NoRedLH2_0618,13.3
5ed005980fdb830a7bfeaf4b,2,2,0,4.0,AllColorsLL1_0526,OnlyBlueLL_0625,5.4,7.1,3.26,2.45,1.0,0.0,1.0,19.0,1.0,13.0,-1.0,1.0,True,False,NoRedLH2_0618,13.3
5ed005980fdb830a7bfeaf4b,3,2,0,5.0,OnlyBlueLL_0625,NoRedLL_G_0617,4.7,6.5,2.45,4.62,1.0,1.0,1.0,12.0,1.0,4.0,1.0,1.0,True,True,NoRedLH2_0618,13.3
5ed005980fdb830a7bfeaf4b,4,2,0,6.0,NoRedLL_G_0617,NoRedLH3_0612,8.9,10.6,4.62,4.62,1.0,1.0,1.0,8.0,1.0,5.0,1.0,1.0,True,True,NoRedLH2_0618,13.3
5ed005980fdb830a7bfeaf4b,5,2,0,6.0,NoRedLH3_0612,NoRedLH2_0618,7.8,7.9,4.62,3.98,1.0,0.0,1.0,9.0,1.0,12.0,1.0,1.0,True,False,NoRedLH2_0618,13.3
5c4f7b99b33a5300013dbfdd,1,3,0,2.0,AllColorsLL1_0526,AllColorsLH_0617,1.1,3.5,3.26,4.42,1.0,1.0,1.0,14.0,1.0,15.0,1.0,1.0,True,True,NoRedLH3_0612,13.1
5c4f7b99b33a5300013dbfdd,2,3,0,2.0,AllColorsLH_0617,OnlyBlueLH_0706,7.8,8.1,4.42,4.13,1.0,0.0,1.0,15.0,1.0,2.0,1.0,1.0,True,False,NoRedLH3_0612,13.1
5c4f7b99b33a5300013dbfdd,5,3,0,3.0,OnlyBlueLH_0706,NoRedLH3_0612,4.7,6.4,4.13,4.62,1.0,1.0,1.0,17.0,1.0,2.0,1.0,1.0,True,True,NoRedLH3_0612,13.1
5ba641d1168e5e0001e4275d,1,0,1,,AllColorsLL1_0526,OnlyBlueLL_0625,2.3,4.1,3.26,2.45,1.0,0.0,1.0,0.0,0.0,10.0,-1.0,1.0,True,False,NoRedLH3_0612,13.1
5ba641d1168e5e0001e4275d,2,0,1,,OnlyBlueLL_0625,NoRedLL_G_0617,7.1,7.3,2.45,4.62,1.0,1.0,1.0,0.0,0.0,13.0,1.0,1.0,True,True,NoRedLH3_0612,13.1
5ba641d1168e5e0001e4275d,3,0,1,,NoRedLL_G_0617,NoRedLH3_0612,5.4,7.8,4.62,4.62,1.0,1.0,1.0,0.0,0.0,12.0,1.0,1.0,True,True,NoRedLH3_0612,13.1
5ba641d1168e5e0001e4275d,5,0,1,,NoRedLH3_0612,NoRedLH3_0612,7.8,8.1,4.62,4.13,1.0,0.0,1.0,0.0,0.0,9.0,1.0,1.0,True,False,NoRedLH3_0612,13.1
5ea9c57990b83d0f9b246749,1,2,1,1.0,AllColorsLL1_0526,AllColorsLH_0617,3.5,8.5,3.26,4.42,1.0,1.0,1.0,17.0,1.0,16.0,1.0,1.0,True,True,NoRedLH3_0612,13.1
5ea9c57990b83d0f9b246749,2,2,1,1.0,AllColorsLH_0617,NoRedLH3_0612,5.9,2.7,4.42,4.62,1.0,1.0,0.0,11.0,1.0,1.0,1.0,1.0,False,True,NoRedLH3_0612,13.1
5ea9c57990b83d0f9b246749,5,2,1,1.0,NoRedLH3_0612,AllColorsLH_0617,8.7,7.8,4.62,4.42,0.0,1.0,1.0,22.0,1.0,2.0,1.0,1.0,False,False,NoRedLH3_0612,13.1
559e6830fdf99b4f0b98514a,1,0,1,,AllColorsLL1_0526,AllColorsLL1_0526,4.3,4.7,3.26,4.13,1.0,1.0,1.0,0.0,0.0,4.0,1.0,1.0,True,True,AllColorsLL1_0526,13.4
62a889993e01c9e01ee7066e,1,1,0,1.0,AllColorsLL1_0526,AllColorsLH_0617,5.4,6.5,3.26,4.42,1.0,1.0,1.0,52.0,1.0,12.0,1.0,1.0,True,True,AllColorsLH_0617,13.3
62a889993e01c9e01ee7066e,3,1,0,2.0,AllColorsLH_0617,NoRedLH3_0612,5.8,6.3,4.42,4.62,1.0,1.0,1.0,14.0,1.0,11.0,1.0,1.0,True,True,AllColorsLH_0617,13.3
62a889993e01c9e01ee7066e,4,1,0,2.0,NoRedLH3_0612,AllColorsLH_0617,2.7,5.9,4.62,4.42,1.0,0.0,1.0,7.0,1.0,1.0,1.0,1.0,True,False,AllColorsLH_0617,13.3
62a889993e01c9e01ee7066e,5,1,0,2.0,AllColorsLH_0617,AllColorsLL1_0526,1.6,-8.9,4.42,3.26,0.0,1.0,1.0,11.0,1.0,14.0,0.0,0.0,False,False,AllColorsLH_0617,13.3
6703ab41573b8349d086e32f,1,4,0,1.0,AllColorsLL1_0526,AllColorsLH_0617,4.3,6.3,3.26,4.42,1.0,1.0,1.0,39.0,2.0,2.0,1.0,1.0,True,True,NoRedLH3_0612,13.1
6703ab41573b8349d086e32f,3,4,0,2.0,AllColorsLH_0617,NoRedLH3_0612,10.2,10.6,4.42,4.62,1.0,1.0,1.0,31.0,4.0,16.0,1.0,1.0,True,True,NoRedLH3_0612,13.1
6703ab41573b8349d086e32f,4,4,0,3.0,NoRedLH3_0612,AllColorsLH_0617,6.4,-0.0,4.62,4.42,1.0,0.0,0.0,31.0,3.0,12.0,1.0,-1.0,False,False,NoRedLH3_0612,13.1
6703ab41573b8349d086e32f,5,4,0,3.0,AllColorsLH_0617,NoRedLH3_0612,2.1,4.6,4.42,4.62,1.0,1.0,1.0,22.0,1.0,16.0,1.0,1.0,True,True,NoRedLH3_0612,13.1
67045f273ed1a494b6504788,1,3,0,7.0,AllColorsLL1_0526,AllColorsLH_0617,2.1,5.8,3.26,4.42,1.0,1.0,1.0,48.0,3.0,15.0,1.0,1.0,True,True,AllColorsLH_0617,13.3
67045f273ed1a494b6504788,2,3,0,8.0,AllColorsLH_0617,NoRedLH3_0612,6.5,7.8,4.42,4.62,0.0,0.0,0.0,28.0,2.0,12.0,1.0,1.0,True,True,AllColorsLH_0617,13.3
67045f273ed1a494b6504788,4,3,0,9.0,AllColorsLH_0617,NoRedLH3_0612,8.9,9.8,4.42,4.62,1.0,1.0,1.0,19.0,2.0,12.0,1.0,1.0,True,True,AllColorsLH_0617,13.3
67045f273ed1a494b6504788,5,3,0,9.0,NoRedLH3_0612,AllColorsLH_0617,7.8,7.8,4.62,4.42,1.0,0.0,1.0,13.0,2.0,3.0,1.0,1.0,True,False,AllColorsLH_0617,13.3
66d1fdd400acfdbc181f41e0,1,2,1,5.0,AllColorsLL1_0526,AllColorsLH_0617,1.1,3.5,3.26,4.42,1.0,1.0,1.0,34.0,1.0,15.0,1.0,1.0,True,True,NoRedLH2_0618,13.3
66d1fdd400acfdbc181f41e0,2,2,1,6.0,AllColorsLH_0617,AllColorsLL1_0526,7.8,2.7,4.42,3.26,1.0,0.0,0.0,18.0,1.0,9.0,0.0,0.0,False,False,NoRedLH2_0618,13.3
66d1fdd400acfdbc181f41e0,3,2,1,9.0,AllColorsLL1_0526,AllColorsLH_0617,2.1,5.8,3.26,4.42,1.0,1.0,1.0,10.0,1.0,11.0,1.0,1.0,True,True,NoRedLH2_0618,13.3
66d1fdd400acfdbc181f41e0,4,2,1,10.0,AllColorsLH_0617,NoRedLH3_0612,5.4,6.5,4.42,4.62,1.0,1.0,1.0,13.0,1.0,17.0,1.0,1.0,True,True,NoRedLH2_0618,13.3
66d1fdd400acfdbc181f41e0,5,2,1,11.0,NoRedLH3_0612,NoRedLH2_0618,8.7,7.9,4.62,3.98,1.0,0.0,0.0,21.0,1.0,2.0,1.0,1.0,False,False,NoRedLH2_0618,13.3
63ed1b44dc847ac2c0e41f82,1,4,0,5.0,AllColorsLL1_0526,OnlyBlueLL_0625,2.3,4.1,3.26,2.45,1.0,0.0,1.0,19.0,1.0,2.0,-1.0,1.0,True,False,AllColorsLH_0617,13.3
63ed1b44dc847ac2c0e41f82,2,4,0,5.0,OnlyBlueLL_0625,OnlyBlueLH_0706,4.7,4.7,2.45,4.13,1.0,1.0,1.0,13.0,1.0,9.0,1.0,1.0,True,True,AllColorsLH_0617,13.3
63ed1b44dc847ac2c0e41f82,3,4,0,6.0,OnlyBlueLH_0706,NoRedLH3_0612,4.8,6.3,4.13,4.62,1.0,1.0,1.0,7.0,1.0,17.0,1.0,1.0,True,True,AllColorsLH_0617,13.3
63ed1b44dc847ac2c0e41f82,5,4,0,7.0,NoRedLH3_0612,AllColorsLH_0617,10.6,10.2,4.62,4.42,1.0,0.0,0.0,5.0,1.0,17.0,1.0,1.0,False,False,AllColorsLH_0617,13.3
5a55c8d276d1c60001aadcb0,1,2,1,2.0,AllColorsLL1_0526,AllColorsLH_0617,4.3,6.3,3.26,4.42,1.0,1.0,1.0,21.0,1.0,4.0,1.0,1.0,True,True,AllColorsLH_0617,13.3
5e5913ae7a584411eb9ab586,1,3,0,2.0,AllColorsLL1_0526,AllColorsLH_0617,5.7,5.4,3.26,4.42,1.0,1.0,0.0,38.0,1.0,15.0,1.0,-1.0,False,True,NoRedLH3_0612,13.1
5e5913ae7a584411eb9ab586,2,3,0,3.0,AllColorsLH_0617,AllColorsLL1_0526,7.8,7.1,4.42,3.26,0.0,1.0,1.0,19.0,1.0,4.0,0.0,0.0,False,False,NoRedLH3_0612,13.1
5e5913ae7a584411eb9ab586,3,3,0,3.0,AllColorsLH_0617,AllColorsLL1_0526,5.8,2.1,4.42,3.26,0.0,1.0,1.0,21.0,1.0,4.0,0.0,0.0,False,False,NoRedLH3_0612,13.1
5e5913ae7a584411eb9ab586,4,3,0,3.0,AllColorsLH_0617,NoRedLH3_0612,6.3,6.4,4.42,4.62,1.0,1.0,1.0,48.0,1.0,12.0,1.0,1.0,True,True,NoRedLH3_0612,13.1
6661b06c21462099a317b881,1,0,0,,AllColorsLL1_0526,AllColorsLH_0617,3.5,8.5,3.26,4.42,1.0,1.0,1.0,0.0,0.0,16.0,1.0,1.0,True,True,NoRedLH3_0612,13.1
6661b06c21462099a317b881,2,0,0,,AllColorsLH_0617,NoRedLH3_0612,7.8,8.7,4.42,4.62,1.0,1.0,1.0,0.0,0.0,2.0,1.0,1.0,True,True,NoRedLH3_0612,13.1
6661b06c21462099a317b881,4,0,0,,NoRedLH3_0612,NoRedLH3_0612,6.3,4.8,4.62,4.13,1.0,0.0,0.0,0.0,0.0,11.0,1.0,1.0,False,False,NoRedLH3_0612,13.1
60778db7ed3bae21972be1b4,1,2,0,2.0,AllColorsLL1_0526,OnlyBlueLL_0625,2.3,4.1,3.26,2.45,0.0,1.0,0.0,83.0,1.0,10.0,-1.0,1.0,True,False,OnlyBlueLH_0706,11.8
60778db7ed3bae21972be1b4,2,2,0,3.0,AllColorsLL1_0526,OnlyBlueLL_0625,-2.0,3.9,3.26,2.45,1.0,0.0,1.0,100.0,1.0,6.0,-1.0,1.0,True,False,OnlyBlueLH_0706,11.8
60778db7ed3bae21972be1b4,3,2,0,3.0,OnlyBlueLL_0625,OnlyBlueLH_0706,1.7,3.7,2.45,4.13,1.0,1.0,1.0,103.0,1.0,7.0,1.0,1.0,True,True,OnlyBlueLH_0706,11.8
60778db7ed3bae21972be1b4,4,2,0,3.0,OnlyBlueLH_0706,NoRedLH3_0612,4.6,8.7,4.13,4.62,0.0,0.0,0.0,63.0,1.0,2.0,1.0,1.0,True,True,OnlyBlueLH_0706,11.8
60778db7ed3bae21972be1b4,5,2,0,4.0,OnlyBlueLH_0706,AllColorsLH_0617,3.0,3.5,4.13,4.42,0.0,0.0,0.0,62.0,1.0,15.0,1.0,1.0,True,True,OnlyBlueLH_0706,11.8
64d5219df0415c9a7c609c19,1,0,1,,AllColorsLL1_0526,AllColorsLH_0617,2.7,7.8,3.26,4.42,1.0,1.0,1.0,0.0,0.0,9.0,1.0,1.0,True,True,NoRedLH2_0618,13.3
64d5219df0415c9a7c609c19,2,0,1,,AllColorsLH_0617,NoRedLH3_0612,7.8,8.7,4.42,4.62,1.0,1.0,1.0,0.0,0.0,2.0,1.0,1.0,True,True,NoRedLH2_0618,13.3
64d5219df0415c9a7c609c19,4,0,1,,NoRedLH3_0612,NoRedLH2_0618,9.8,9.8,4.62,3.98,1.0,0.0,1.0,0.0,0.0,8.0,1.0,1.0,True,False,NoRedLH2_0618,13.3
64d5219df0415c9a7c609c19,5,0,1,,NoRedLH2_0618,NoRedLH2_0618,6.4,4.7,3.98,4.13,1.0,1.0,0.0,0.0,0.0,4.0,1.0,1.0,False,True,NoRedLH2_0618,13.3
6658d105095fc1ce71c51d57,1,0,0,,AllColorsLL1_0526,AllColorsLH_0617,-8.9,1.6,3.26,4.42,1.0,1.0,1.0,0.0,0.0,14.0,1.0,1.0,True,True,NoRedLH3_0612,13.1
6658d105095fc1ce71c51d57,2,0,0,,AllColorsLH_0617,OnlyBlueLH_0706,7.8,4.6,4.42,4.13,1.0,0.0,0.0,0.0,0.0,2.0,1.0,-1.0,False,False,NoRedLH3_0612,13.1
6658d105095fc1ce71c51d57,3,0,0,,OnlyBlueLH_0706,AllColorsLH_0617,3.5,6.5,4.13,4.42,1.0,1.0,1.0,0.0,0.0,12.0,1.0,1.0,True,True,NoRedLH3_0612,13.1
6658d105095fc1ce71c51d57,4,0,0,,AllColorsLH_0617,NoRedLH3_0612,5.4,6.5,4.42,4.62,1.0,1.0,1.0,0.0,0.0,17.0,1.0,1.0,True,True,NoRedLH3_0612,13.1
6658d105095fc1ce71c51d57,5,0,0,,NoRedLH3_0612,NoRedLH3_0612,7.8,8.1,4.62,4.13,1.0,0.0,1.0,0.0,0.0,9.0,1.0,1.0,True,False,NoRedLH3_0612,13.1
6824d53b2584274c9b13924e,1,3,1,1.0,AllColorsLL1_0526,AllColorsLH_0617,2.1,5.8,3.26,4.42,1.0,1.0,1.0,55.0,1.0,15.0,1.0,1.0,True,True,NoRedLH3_0612,13.1
6824d53b2584274c9b13924e,2,3,1,1.0,AllColorsLH_0617,AllColorsLL1_0526,8.9,7.3,4.42,3.26,0.0,1.0,1.0,30.0,1.0,4.0,0.0,0.0,False,False,NoRedLH3_0612,13.1
6824d53b2584274c9b13924e,3,3,1,2.0,AllColorsLH_0617,NoRedLH3_0612,6.5,7.8,4.42,4.62,1.0,1.0,1.0,33.0,1.0,12.0,1.0,1.0,True,True,NoRedLH3_0612,13.1
6824d53b2584274c9b13924e,4,3,1,3.0,NoRedLH3_0612,AllColorsLH_0617,10.6,10.2,4.62,4.42,1.0,0.0,0.0,33.0,1.0,3.0,1.0,1.0,False,False,NoRedLH3_0612,13.1
6824d53b2584274c9b13924e,5,3,1,4.0,AllColorsLH_0617,NoRedLH3_0612,7.8,7.8,4.42,4.62,1.0,1.0,1.0,27.0,1.0,12.0,1.0,1.0,True,True,NoRedLH3_0612,13.1
5ced66139b5b490001b688ed,1,3,0,0.0,AllColorsLL1_0526,OnlyBlueLL_0625,7.3,8.6,3.26,2.45,1.0,0.0,1.0,33.0,2.0,2.0,-1.0,1.0,True,False,AllColorsLH_0617,13.3
5ced66139b5b490001b688ed,2,3,0,1.0,OnlyBlueLL_0625,OnlyBlueLH_0706,-1.8,10.0,2.45,4.13,1.0,1.0,1.0,19.0,1.0,7.0,1.0,1.0,True,True,AllColorsLH_0617,13.3
5ced66139b5b490001b688ed,3,3,0,2.0,OnlyBlueLH_0706,NoRedLH3_0612,1.6,4.4,4.13,4.62,1.0,1.0,1.0,20.0,1.0,2.0,1.0,1.0,True,True,AllColorsLH_0617,13.3
5ced66139b5b490001b688ed,4,3,0,2.0,NoRedLH3_0612,NoRedLH1_0612,6.4,6.4,4.62,5.25,1.0,1.0,1.0,25.0,2.0,9.0,1.0,1.0,True,True,AllColorsLH_0617,13.3
5ced66139b5b490001b688ed,5,3,0,2.0,NoRedLH1_0612,AllColorsLH_0617,6.5,6.5,5.25,4.42,1.0,0.0,1.0,13.0,1.0,4.0,1.0,1.0,True,False,AllColorsLH_0617,13.3
6739e4d9335667b4852ccf4e,1,1,1,7.0,AllColorsLL1_0526,AllColorsLH_0617,1.1,3.5,3.26,4.42,1.0,1.0,1.0,26.0,1.0,15.0,1.0,1.0,True,True,AllColorsLH_0617,13.3
6739e4d9335667b4852ccf4e,2,1,1,8.0,AllColorsLH_0617,NoRedLH3_0612,8.5,4.4,4.42,4.62,0.0,0.0,1.0,38.0,1.0,16.0,1.0,1.0,False,True,AllColorsLH_0617,13.3
6739e4d9335667b4852ccf4e,3,1,1,9.0,AllColorsLH_0617,NoRedLH3_0612,8.9,9.8,4.42,4.62,1.0,1.0,1.0,36.0,1.0,8.0,1.0,1.0,True,True,AllColorsLH_0617,13.3
6739e4d9335667b4852ccf4e,4,1,1,9.0,NoRedLH3_0612,AllColorsLH_0617,2.7,5.9,4.62,4.42,1.0,0.0,1.0,13.0,1.0,1.0,1.0,1.0,True,False,AllColorsLH_0617,13.3
6739e4d9335667b4852ccf4e,5,1,1,10.0,AllColorsLH_0617,AllColorsLL1_0526,10.2,8.9,4.42,3.26,0.0,1.0,1.0,15.0,1.0,5.0,0.0,0.0,False,False,AllColorsLH_0617,13.3
62b9c2f1e55fe9f17dfedc5d,1,1,1,1.0,AllColorsLL1_0526,AllColorsLL2_0604,5.4,10.7,3.26,2.34,1.0,0.0,1.0,67.0,1.0,13.0,-1.0,1.0,True,False,AllColorsLH_0617,13.3
62b9c2f1e55fe9f17dfedc5d,2,1,1,5.0,AllColorsLL2_0604,AllColorsLL1_0526,2.5,2.7,2.34,3.26,1.0,1.0,1.0,65.0,1.0,9.0,0.0,0.0,True,True,AllColorsLH_0617,13.3
62b9c2f1e55fe9f17dfedc5d,3,1,1,6.0,AllColorsLL1_0526,AllColorsLH_0617,5.4,6.5,3.26,4.42,1.0,1.0,1.0,23.0,1.0,12.0,1.0,1.0,True,True,AllColorsLH_0617,13.3
58ff31a1d10e2b000108579e,1,0,0,,AllColorsLL1_0526,OnlyBlueLL_0625,7.3,8.6,3.26,2.45,1.0,0.0,1.0,0.0,0.0,8.0,-1.0,1.0,True,False,OnlyBlueLH_0706,11.8
58ff31a1d10e2b000108579e,2,0,0,,OnlyBlueLL_0625,OnlyGreenLL_0429,1.7,-3.3,2.45,-0.79,1.0,0.0,0.0,0.0,0.0,7.0,-1.0,-1.0,False,False,OnlyBlueLH_0706,11.8
58ff31a1d10e2b000108579e,3,0,0,,OnlyGreenLL_0429,NoRedLH2_0618,4.5,7.9,-0.79,3.98,1.0,1.0,1.0,0.0,0.0,9.0,1.0,1.0,True,True,OnlyBlueLH_0706,11.8
58ff31a1d10e2b000108579e,4,0,0,,NoRedLH2_0618,OnlyBlueLH_0706,6.1,3.8,3.98,4.13,1.0,1.0,0.0,0.0,0.0,6.0,1.0,1.0,False,True,OnlyBlueLH_0706,11.8
58ff31a1d10e2b000108579e,5,0,0,,OnlyBlueLH_0706,OnlyBlueLH_0706,4.1,4.1,4.13,4.13,1.0,1.0,1.0,0.0,0.0,18.0,1.0,-1.0,True,True,OnlyBlueLH_0706,11.8
650062cd6cef58594c7a5c78,2,2,0,1.0,AllColorsLL1_0526,AllColorsLH_0617,-2.0,-7.0,3.26,4.42,0.0,0.0,1.0,30.0,1.0,6.0,1.0,-1.0,False,True,OnlyBlueLL_0625,4.7
650062cd6cef58594c7a5c78,3,2,0,3.0,AllColorsLL1_0526,OnlyBlueLL_0625,5.7,-5.0,3.26,2.45,1.0,0.0,0.0,87.0,4.0,17.0,-1.0,-1.0,False,False,OnlyBlueLL_0625,4.7
650062cd6cef58594c7a5c78,4,2,0,3.0,OnlyBlueLL_0625,OnlyBlueLH_0706,4.8,4.8,2.45,4.13,1.0,1.0,1.0,32.0,2.0,11.0,1.0,1.0,True,True,OnlyBlueLL_0625,4.7
650062cd6cef58594c7a5c78,5,2,0,4.0,OnlyBlueLH_0706,OnlyBlueLL_0625,4.1,4.3,4.13,2.45,1.0,0.0,1.0,21.0,1.0,18.0,-1.0,-1.0,True,False,OnlyBlueLL_0625,4.7
60ddc62b071a009e0b0c2922,1,2,0,9.0,AllColorsLL1_0526,AllColorsLH_0617,2.1,5.8,3.26,4.42,1.0,1.0,1.0,67.0,1.0,11.0,1.0,1.0,True,True,OnlyBlueLH_0706,11.8
60ddc62b071a009e0b0c2922,2,2,0,12.0,AllColorsLH_0617,NoRedLH3_0612,10.2,11.7,4.42,4.62,1.0,1.0,1.0,28.0,1.0,3.0,1.0,1.0,True,True,OnlyBlueLH_0706,11.8
60ddc62b071a009e0b0c2922,3,2,0,12.0,NoRedLH3_0612,AllColorsLH_0617,4.4,8.5,4.62,4.42,1.0,0.0,1.0,36.0,1.0,16.0,1.0,1.0,True,False,OnlyBlueLH_0706,11.8
60ddc62b071a009e0b0c2922,4,2,0,14.0,AllColorsLH_0617,OnlyBlueLH_0706,6.3,4.7,4.42,4.13,0.0,1.0,1.0,22.0,1.0,4.0,1.0,1.0,False,False,OnlyBlueLH_0706,11.8
60ddc62b071a009e0b0c2922,5,2,0,18.0,AllColorsLH_0617,OnlyBlueLH_0706,5.4,7.0,4.42,4.13,1.0,0.0,1.0,26.0,1.0,17.0,1.0,1.0,True,False,OnlyBlueLH_0706,11.8
677c455afc1062faab5b165e,4,3,1,9.0,AllColorsLL1_0526,AllColorsLL2_0604,-8.9,-6.0,3.26,2.34,1.0,0.0,1.0,25.0,2.0,3.0,-1.0,1.0,True,False,AllColorsLL2_0604,5.0
5deed93eb235fc5888f1fcd5,1,1,0,2.0,AllColorsLL1_0526,OnlyBlueLL_0625,7.1,4.6,3.26,2.45,1.0,0.0,0.0,56.0,1.0,2.0,-1.0,-1.0,False,False,NoRedLH3_0612,13.1
5deed93eb235fc5888f1fcd5,2,1,0,3.0,OnlyBlueLL_0625,OnlyBlueLH_0706,1.7,3.7,2.45,4.13,1.0,1.0,1.0,58.0,3.0,7.0,1.0,1.0,True,True,NoRedLH3_0612,13.1
5deed93eb235fc5888f1fcd5,3,1,0,5.0,OnlyBlueLH_0706,OnlyBlueLL_0625,4.5,7.4,4.13,2.45,0.0,1.0,0.0,65.0,4.0,5.0,-1.0,-1.0,True,False,NoRedLH3_0612,13.1
5deed93eb235fc5888f1fcd5,4,1,0,5.0,OnlyBlueLH_0706,NoRedLH3_0612,3.8,6.1,4.13,4.62,1.0,1.0,1.0,160.0,1.0,6.0,1.0,1.0,True,True,NoRedLH3_0612,13.1
67c70c52a1bcef4f5a09bb5b,3,2,0,1.0,AllColorsLL1_0526,OnlyBlueLL_0625,5.7,-5.0,3.26,2.45,1.0,0.0,0.0,13.0,1.0,17.0,-1.0,-1.0,False,False,NoRedLH1_0612,5.0
67c70c52a1bcef4f5a09bb5b,5,2,0,2.0,OnlyBlueLL_0625,OnlyBlueLH_0706,2.4,8.1,2.45,4.13,1.0,1.0,1.0,17.0,1.0,9.0,1.0,1.0,True,True,NoRedLH1_0612,5.0
5eadaff848b26f4483ae62d9,1,2,0,1.0,AllColorsLL1_0526,AllColorsLH_0617,-2.0,-7.0,3.26,4.42,1.0,1.0,0.0,17.0,1.0,6.0,1.0,-1.0,False,True,AllColorsLH_0617,13.3
5eadaff848b26f4483ae62d9,2,2,0,2.0,AllColorsLH_0617,NoRedLH3_0612,7.8,7.8,4.42,4.62,0.0,0.0,1.0,13.0,1.0,9.0,1.0,1.0,True,True,AllColorsLH_0617,13.3
5eadaff848b26f4483ae62d9,3,2,0,2.0,AllColorsLH_0617,AllColorsLL1_0526,2.1,2.3,4.42,3.26,1.0,0.0,1.0,25.0,1.0,10.0,0.0,0.0,True,False,AllColorsLH_0617,13.3
5eadaff848b26f4483ae62d9,4,2,0,3.0,AllColorsLL1_0526,AllColorsLH_0617,9.3,10.2,3.26,4.42,1.0,1.0,1.0,16.0,1.0,3.0,1.0,1.0,True,True,AllColorsLH_0617,13.3
5eadaff848b26f4483ae62d9,5,2,0,4.0,AllColorsLH_0617,OnlyBlueLH_0706,5.4,7.0,4.42,4.13,0.0,1.0,0.0,25.0,1.0,17.0,1.0,1.0,True,False,AllColorsLH_0617,13.3
644b1e452a0061d713dcbf4a,1,2,0,1.0,AllColorsLL1_0526,OnlyBlueLL_0625,5.4,0.5,3.26,2.45,0.0,1.0,1.0,18.0,1.0,12.0,-1.0,-1.0,False,False,AllColorsLH_0617,13.3
644b1e452a0061d713dcbf4a,3,2,0,4.0,AllColorsLL1_0526,AllColorsLH_0617,9.3,10.2,3.26,4.42,1.0,1.0,1.0,19.0,1.0,3.0,1.0,1.0,True,True,AllColorsLH_0617,13.3
644b1e452a0061d713dcbf4a,4,2,0,5.0,AllColorsLH_0617,NoRedLH3_0612,7.8,8.7,4.42,4.62,1.0,1.0,1.0,99.0,4.0,2.0,1.0,1.0,True,True,AllColorsLH_0617,13.3
644b1e452a0061d713dcbf4a,5,2,0,6.0,NoRedLH3_0612,AllColorsLH_0617,6.3,5.8,4.62,4.42,1.0,0.0,0.0,18.0,1.0,11.0,1.0,1.0,False,False,AllColorsLH_0617,13.3
681483783a042ecec50bfb17,1,1,0,1.0,AllColorsLL1_0526,AllColorsLH_0617,9.3,10.2,3.26,4.42,1.0,1.0,1.0,30.0,1.0,3.0,1.0,1.0,True,True,AllColorsLH_0617,13.3
681483783a042ecec50bfb17,2,1,0,2.0,AllColorsLH_0617,NoRedLH3_0612,5.8,6.3,4.42,4.62,0.0,0.0,0.0,23.0,4.0,11.0,1.0,1.0,True,True,AllColorsLH_0617,13.3
681483783a042ecec50bfb17,3,1,0,2.0,AllColorsLH_0617,NoRedLH3_0612,6.3,6.4,4.42,4.62,1.0,1.0,1.0,77.0,2.0,4.0,1.0,1.0,True,True,AllColorsLH_0617,13.3
681483783a042ecec50bfb17,5,1,0,3.0,NoRedLH3_0612,AllColorsLH_0617,10.6,10.2,4.62,4.42,1.0,0.0,0.0,27.0,1.0,5.0,1.0,1.0,False,False,AllColorsLH_0617,13.3
675f29c1c465ee80225d15e3,1,3,1,2.0,AllColorsLL1_0526,AllColorsLH_0617,3.5,8.5,3.26,4.42,1.0,1.0,1.0,53.0,1.0,15.0,1.0,1.0,True,True,AllColorsLH_0617,13.3
5c55c45f53fba80001bcf323,1,0,0,,AllColorsLL1_0526,AllColorsLH_0617,9.3,10.2,3.26,4.42,1.0,1.0,1.0,0.0,0.0,3.0,1.0,1.0,True,True,AllColorsLH_0617,13.3
5c55c45f53fba80001bcf323,2,0,0,,AllColorsLH_0617,AllColorsLH_0617,8.9,8.4,4.42,5.25,1.0,1.0,0.0,0.0,0.0,8.0,1.0,1.0,False,True,AllColorsLH_0617,13.3
572f526c3c27e7000e0b8aaa,1,0,0,,AllColorsLL1_0526,AllColorsLH_0617,2.7,7.8,3.26,4.42,1.0,1.0,1.0,0.0,0.0,9.0,1.0,1.0,True,True,AllColorsLL1_0526,13.4
572f526c3c27e7000e0b8aaa,2,0,0,,AllColorsLH_0617,NoRedLH3_0612,2.1,4.6,4.42,4.62,1.0,1.0,1.0,0.0,0.0,10.0,1.0,1.0,True,True,AllColorsLL1_0526,13.4
572f526c3c27e7000e0b8aaa,3,0,0,,NoRedLH3_0612,AllColorsLH_0617,6.3,5.8,4.62,4.42,1.0,0.0,0.0,0.0,0.0,11.0,1.0,1.0,False,False,AllColorsLL1_0526,13.4
572f526c3c27e7000e0b8aaa,4,0,0,,AllColorsLH_0617,AllColorsLL1_0526,10.2,8.9,4.42,3.26,1.0,0.0,0.0,0.0,0.0,5.0,0.0,0.0,False,False,AllColorsLL1_0526,13.4
572f526c3c27e7000e0b8aaa,5,0,0,,AllColorsLL1_0526,AllColorsLL1_0526,4.3,4.7,3.26,4.13,1.0,1.0,1.0,0.0,0.0,4.0,1.0,1.0,True,True,AllColorsLL1_0526,13.4
5efd22056ec55516587f32a6,1,1,0,1.0,AllColorsLL1_0526,OnlyBlueLL_0625,-8.9,-2.5,3.26,2.45,1.0,0.0,1.0,48.0,4.0,14.0,-1.0,1.0,True,False,NoRedLH2_0618,13.3
5efd22056ec55516587f32a6,2,1,0,2.0,OnlyBlueLL_0625,OnlyBlueLH_0706,4.3,4.1,2.45,4.13,0.0,0.0,1.0,34.0,4.0,18.0,1.0,-1.0,False,True,NoRedLH2_0618,13.3
5efd22056ec55516587f32a6,3,1,0,2.0,OnlyBlueLL_0625,NoRedLL_G_0617,3.9,3.3,2.45,4.62,1.0,1.0,0.0,61.0,2.0,6.0,1.0,1.0,False,True,NoRedLH2_0618,13.3
5efd22056ec55516587f32a6,4,1,0,3.0,NoRedLL_G_0617,NoRedLH2_0618,9.3,11.7,4.62,3.98,1.0,0.0,1.0,38.0,1.0,3.0,1.0,1.0,True,False,NoRedLH2_0618,13.3
5efd22056ec55516587f32a6,5,1,0,4.0,NoRedLH2_0618,NoRedLH3_0612,11.1,10.6,3.98,4.62,0.0,0.0,1.0,154.0,1.0,5.0,1.0,1.0,False,True,NoRedLH2_0618,13.3
67cf28a2280e7e75fbbacbff,1,2,0,6.0,AllColorsLL1_0526,OnlyBlueLL_0625,5.7,-5.0,3.26,2.45,0.0,1.0,1.0,30.0,2.0,17.0,-1.0,-1.0,False,False,AllColorsLH_0617,13.3
67cf28a2280e7e75fbbacbff,2,2,0,15.0,AllColorsLL1_0526,AllColorsLH_0617,-8.9,1.6,3.26,4.42,1.0,1.0,1.0,11.0,1.0,14.0,1.0,1.0,True,True,AllColorsLH_0617,13.3
5a94f57289de8200013ecbc8,1,4,0,1.0,AllColorsLL1_0526,AllColorsLH_0617,2.7,7.8,3.26,4.42,1.0,1.0,1.0,13.0,1.0,17.0,1.0,1.0,True,True,AllColorsLH_0617,13.3
5a94f57289de8200013ecbc8,2,4,0,5.0,AllColorsLH_0617,NoRedLH3_0612,6.3,6.4,4.42,4.62,1.0,1.0,1.0,28.0,1.0,8.0,1.0,1.0,True,True,AllColorsLH_0617,13.3
5a94f57289de8200013ecbc8,3,4,0,9.0,NoRedLH3_0612,AllColorsLH_0617,8.7,7.8,4.62,4.42,1.0,0.0,0.0,5.0,1.0,3.0,1.0,1.0,False,False,AllColorsLH_0617,13.3
5a94f57289de8200013ecbc8,4,4,0,13.0,AllColorsLH_0617,NoRedLH3_0612,8.9,9.8,4.42,4.62,1.0,1.0,1.0,5.0,1.0,5.0,1.0,1.0,True,True,AllColorsLH_0617,13.3
5a94f57289de8200013ecbc8,5,4,0,16.0,NoRedLH3_0612,AllColorsLH_0617,7.8,6.5,4.62,4.42,1.0,0.0,0.0,9.0,1.0,17.0,1.0,1.0,False,False,AllColorsLH_0617,13.3
5ed62b33b663bd01d5aaa248,1,4,1,3.0,AllColorsLL1_0526,OnlyBlueLL_0625,7.1,4.6,3.26,2.45,1.0,0.0,0.0,27.0,4.0,6.0,-1.0,-1.0,False,False,NoRedLH3_0612,13.1
5ed62b33b663bd01d5aaa248,2,4,1,5.0,OnlyBlueLL_0625,OnlyBlueLH_0706,4.1,7.7,2.45,4.13,1.0,1.0,1.0,14.0,1.0,15.0,1.0,1.0,True,True,NoRedLH3_0612,13.1
5ed62b33b663bd01d5aaa248,3,4,1,6.0,OnlyBlueLH_0706,AllColorsLH_0617,3.0,3.5,4.13,4.42,0.0,0.0,0.0,13.0,1.0,3.0,1.0,1.0,True,True,NoRedLH3_0612,13.1
5ed62b33b663bd01d5aaa248,4,4,1,7.0,OnlyBlueLH_0706,AllColorsLH_0617,7.0,5.4,4.13,4.42,1.0,1.0,0.0,23.0,2.0,9.0,1.0,-1.0,False,True,NoRedLH3_0612,13.1
5ed62b33b663bd01d5aaa248,5,4,1,11.0,AllColorsLH_0617,NoRedLH3_0612,6.5,7.8,4.42,4.62,1.0,1.0,1.0,16.0,3.0,16.0,1.0,1.0,True,True,NoRedLH3_0612,13.1
5aeab0e09bebfc0001cd6701,1,1,0,2.0,AllColorsLL1_0526,OnlyBlueLL_0625,7.3,8.6,3.26,2.45,1.0,0.0,1.0,31.0,4.0,8.0,-1.0,1.0,True,False,NoRedLH2_0618,13.3
5aeab0e09bebfc0001cd6701,2,1,0,2.0,OnlyBlueLL_0625,NoRedLL_G_0617,3.9,3.3,2.45,4.62,1.0,1.0,0.0,10.0,1.0,6.0,1.0,1.0,False,True,NoRedLH2_0618,13.3
5aeab0e09bebfc0001cd6701,3,1,0,3.0,NoRedLL_G_0617,NoRedLH3_0612,8.9,10.6,4.62,4.62,1.0,1.0,1.0,13.0,1.0,5.0,1.0,1.0,True,True,NoRedLH2_0618,13.3
5aeab0e09bebfc0001cd6701,4,1,0,4.0,NoRedLH3_0612,NoRedLH2_0618,7.8,7.9,4.62,3.98,1.0,0.0,1.0,13.0,1.0,12.0,1.0,1.0,True,False,NoRedLH2_0618,13.3
5aeab0e09bebfc0001cd6701,5,1,0,5.0,NoRedLH2_0618,OnlyBlueLH_0706,7.0,4.8,3.98,4.13,0.0,0.0,1.0,16.0,4.0,11.0,1.0,1.0,False,True,NoRedLH2_0618,13.3
5f3e6a07e06e71069f919082,1,3,0,1.0,AllColorsLL1_0526,OnlyBlueLL_0625,5.4,7.1,3.26,2.45,1.0,0.0,1.0,37.0,1.0,2.0,-1.0,1.0,True,False,NoRedLH2_0618,13.3
5f3e6a07e06e71069f919082,3,3,0,3.0,OnlyBlueLL_0625,NoRedLL_G_0617,1.7,3.4,2.45,4.62,0.0,0.0,0.0,42.0,4.0,9.0,1.0,1.0,True,True,NoRedLH2_0618,13.3
5f3e6a07e06e71069f919082,4,3,0,5.0,OnlyBlueLL_0625,OnlyGreenLL_0429,3.7,-7.1,2.45,-0.79,1.0,0.0,0.0,18.0,1.0,2.0,-1.0,-1.0,False,False,NoRedLH2_0618,13.3
5f3e6a07e06e71069f919082,5,3,0,10.0,OnlyGreenLL_0429,NoRedLH2_0618,-11.3,-5.0,-0.79,3.98,1.0,1.0,1.0,17.0,1.0,6.0,1.0,-1.0,True,True,NoRedLH2_0618,13.3
5f84e472052cf81ae5752252,1,1,1,1.0,AllColorsLL1_0526,AllColorsLH_0617,4.3,6.3,3.26,4.42,1.0,1.0,1.0,14.0,1.0,4.0,1.0,1.0,True,True,NoRedLH1_0612,5.0
5f84e472052cf81ae5752252,2,1,1,5.0,AllColorsLH_0617,OnlyBlueLH_0706,2.1,7.7,4.42,4.13,1.0,0.0,1.0,20.0,1.0,10.0,1.0,1.0,True,False,NoRedLH1_0612,5.0
5f84e472052cf81ae5752252,3,1,1,7.0,OnlyBlueLH_0706,NoRedLH3_0612,7.0,6.5,4.13,4.62,1.0,1.0,0.0,65.0,1.0,17.0,1.0,1.0,False,True,NoRedLH1_0612,5.0
5f84e472052cf81ae5752252,4,1,1,7.0,NoRedLH3_0612,NoRedLH1_0612,4.4,5.0,4.62,5.25,1.0,1.0,1.0,31.0,1.0,16.0,1.0,1.0,True,True,NoRedLH1_0612,5.0
5f84e472052cf81ae5752252,5,1,1,8.0,NoRedLH1_0612,AllColorsLH_0617,11.0,7.8,5.25,4.42,0.0,1.0,1.0,15.0,1.0,9.0,1.0,1.0,False,False,NoRedLH1_0612,5.0
66a40ef92583bab0623b11fe,1,0,0,,AllColorsLL1_0526,OnlyBlueLL_0625,-2.0,3.9,3.26,2.45,1.0,0.0,1.0,0.0,0.0,6.0,-1.0,1.0,True,False,AllColorsLH_0617,13.3
66a40ef92583bab0623b11fe,2,0,0,,OnlyBlueLL_0625,OnlyBlueLH_0706,3.7,1.6,2.45,4.13,1.0,1.0,0.0,0.0,0.0,16.0,1.0,-1.0,False,True,AllColorsLH_0617,13.3
66a40ef92583bab0623b11fe,3,0,0,,OnlyBlueLH_0706,NoRedLH3_0612,3.0,-6.0,4.13,4.62,1.0,1.0,0.0,0.0,0.0,15.0,1.0,-1.0,False,True,AllColorsLH_0617,13.3
66a40ef92583bab0623b11fe,4,0,0,,NoRedLH3_0612,AllColorsLH_0617,10.6,10.2,4.62,4.42,1.0,0.0,0.0,0.0,0.0,5.0,1.0,1.0,False,False,AllColorsLH_0617,13.3
66a40ef92583bab0623b11fe,5,0,0,,AllColorsLH_0617,AllColorsLH_0617,8.9,8.9,4.42,2.34,1.0,0.0,1.0,0.0,0.0,8.0,-1.0,1.0,True,False,AllColorsLH_0617,13.3
678c2d62285802e76d1e2d56,1,0,1,,AllColorsLL1_0526,AllColorsLH_0617,1.1,3.5,3.26,4.42,1.0,1.0,1.0,0.0,0.0,15.0,1.0,1.0,True,True,NoRedLH3_0612,13.1
678c2d62285802e76d1e2d56,2,0,1,,AllColorsLH_0617,AllColorsLL1_0526,7.8,7.1,4.42,3.26,1.0,0.0,0.0,0.0,0.0,2.0,0.0,0.0,False,False,NoRedLH3_0612,13.1
678c2d62285802e76d1e2d56,3,0,1,,AllColorsLL1_0526,AllColorsLH_0617,-8.9,1.6,3.26,4.42,1.0,1.0,1.0,0.0,0.0,14.0,1.0,1.0,True,True,NoRedLH3_0612,13.1
678c2d62285802e76d1e2d56,4,0,1,,AllColorsLH_0617,NoRedLH3_0612,5.4,6.5,4.42,4.62,1.0,1.0,1.0,0.0,0.0,17.0,1.0,1.0,True,True,NoRedLH3_0612,13.1
678c2d62285802e76d1e2d56,5,0,1,,NoRedLH3_0612,NoRedLH3_0612,9.8,8.6,4.62,4.13,1.0,0.0,0.0,0.0,0.0,8.0,1.0,1.0,False,False,NoRedLH3_0612,13.1
628deac8711dee5dbda650ae,1,4,0,10.0,AllColorsLL1_0526,AllColorsLH_0617,-8.9,1.6,3.26,4.42,1.0,1.0,1.0,59.0,4.0,8.0,1.0,1.0,True,True,NoRedLH3_0612,13.1
628deac8711dee5dbda650ae,2,4,0,11.0,AllColorsLH_0617,NoRedLH3_0612,8.5,4.4,4.42,4.62,1.0,1.0,0.0,24.0,1.0,11.0,1.0,1.0,False,True,NoRedLH3_0612,13.1
628deac8711dee5dbda650ae,3,4,0,11.0,NoRedLH3_0612,AllColorsLH_0617,2.7,5.9,4.62,4.42,0.0,1.0,0.0,36.0,2.0,17.0,1.0,1.0,True,False,NoRedLH3_0612,13.1
628deac8711dee5dbda650ae,4,4,0,12.0,NoRedLH3_0612,NoRedLH2_0618,8.7,7.9,4.62,3.98,0.0,1.0,1.0,23.0,1.0,12.0,1.0,1.0,False,False,NoRedLH3_0612,13.1
628deac8711dee5dbda650ae,5,4,0,13.0,NoRedLH3_0612,AllColorsLH_0617,4.6,2.1,4.62,4.42,0.0,1.0,1.0,35.0,2.0,11.0,1.0,-1.0,False,False,NoRedLH3_0612,13.1
5d190e1c686b190018ea4d86,2,2,1,3.0,AllColorsLL1_0526,AllColorsLL2_0604,7.1,6.9,3.26,2.34,1.0,0.0,0.0,7.0,1.0,2.0,-1.0,-1.0,False,False,NoRedLL_G_0617,9.1
5d190e1c686b190018ea4d86,3,2,1,5.0,AllColorsLL2_0604,OnlyBlueLL_0625,0.3,-1.3,2.34,2.45,1.0,1.0,0.0,2.0,1.0,1.0,-1.0,-1.0,False,True,NoRedLL_G_0617,9.1
5d190e1c686b190018ea4d86,4,2,1,6.0,OnlyBlueLL_0625,NoRedLL_G_0617,4.7,6.5,2.45,4.62,1.0,1.0,1.0,2.0,1.0,4.0,1.0,1.0,True,True,NoRedLL_G_0617,9.1
66682215a0ceedec14b62fe6,1,3,1,1.0,AllColorsLL1_0526,OnlyBlueLL_0625,7.3,8.6,3.26,2.45,0.0,1.0,0.0,28.0,1.0,2.0,-1.0,1.0,True,False,AllColorsLH_0617,13.3
66682215a0ceedec14b62fe6,2,3,1,2.0,AllColorsLL1_0526,AllColorsLH_0617,2.7,7.8,3.26,4.42,1.0,1.0,1.0,14.0,1.0,15.0,1.0,1.0,True,True,AllColorsLH_0617,13.3
5d30dfa68b1523000134878f,1,1,0,2.0,AllColorsLL1_0526,AllColorsLH_0617,5.4,6.5,3.26,4.42,1.0,1.0,1.0,34.0,3.0,12.0,1.0,1.0,True,True,OnlyBlueLL_0625,4.7
5d30dfa68b1523000134878f,2,1,0,4.0,AllColorsLH_0617,NoRedLH3_0612,10.2,10.6,4.42,4.62,0.0,0.0,0.0,70.0,4.0,5.0,1.0,1.0,True,True,OnlyBlueLL_0625,4.7
5d30dfa68b1523000134878f,3,1,0,6.0,AllColorsLH_0617,AllColorsLL1_0526,1.6,-8.9,4.42,3.26,1.0,0.0,0.0,46.0,4.0,14.0,0.0,0.0,False,False,OnlyBlueLL_0625,4.7
5d30dfa68b1523000134878f,4,1,0,9.0,AllColorsLL1_0526,OnlyBlueLL_0625,5.7,-5.0,3.26,2.45,1.0,0.0,0.0,53.0,4.0,17.0,-1.0,-1.0,False,False,OnlyBlueLL_0625,4.7
5d30dfa68b1523000134878f,5,1,0,9.0,OnlyBlueLL_0625,OnlyBlueLH_0706,4.7,4.7,2.45,4.13,0.0,0.0,1.0,45.0,4.0,4.0,1.0,1.0,True,True,OnlyBlueLL_0625,4.7
5596a991fdf99b2d1e834690,4,2,0,1.0,AllColorsLL1_0526,OnlyBlueLL_0625,3.5,3.7,3.26,2.45,0.0,1.0,0.0,45.0,1.0,16.0,-1.0,1.0,True,False,OnlyBlueLL_0625,4.7
5596a991fdf99b2d1e834690,5,2,0,2.0,AllColorsLL1_0526,OnlyBlueLL_0625,-8.9,-2.5,3.26,2.45,1.0,0.0,1.0,18.0,1.0,14.0,-1.0,1.0,True,False,OnlyBlueLL_0625,4.7
67580f69a9a3cb759240904b,1,0,1,,AllColorsLL1_0526,AllColorsLH_0617,1.1,3.5,3.26,4.42,1.0,1.0,1.0,0.0,0.0,15.0,1.0,1.0,True,True,OnlyBlueLL_0625,4.7
67580f69a9a3cb759240904b,2,0,1,,AllColorsLH_0617,AllColorsLL1_0526,7.8,2.7,4.42,3.26,1.0,0.0,0.0,0.0,0.0,9.0,0.0,0.0,False,False,OnlyBlueLL_0625,4.7
67580f69a9a3cb759240904b,3,0,1,,AllColorsLL1_0526,AllColorsLL2_0604,4.3,4.3,3.26,2.34,1.0,0.0,1.0,0.0,0.0,4.0,-1.0,0.0,True,False,OnlyBlueLL_0625,4.7
67580f69a9a3cb759240904b,4,0,1,,AllColorsLL2_0604,OnlyBlueLL_0625,2.2,4.3,2.34,2.45,1.0,1.0,1.0,0.0,0.0,18.0,-1.0,-1.0,True,True,OnlyBlueLL_0625,4.7
67580f69a9a3cb759240904b,5,0,1,,OnlyBlueLL_0625,OnlyBlueLL_0625,-2.5,-5.0,2.45,4.13,1.0,1.0,0.0,0.0,0.0,14.0,1.0,1.0,False,True,OnlyBlueLL_0625,4.7
676add84a7c12204af3e4c90,2,0,1,,AllColorsLL1_0526,AllColorsLH_0617,9.3,10.2,3.26,4.42,1.0,1.0,1.0,0.0,0.0,3.0,1.0,1.0,True,True,AllColorsLH_0617,13.3
676add84a7c12204af3e4c90,3,0,1,,AllColorsLH_0617,AllColorsLL1_0526,6.5,5.4,4.42,3.26,1.0,0.0,0.0,0.0,0.0,12.0,0.0,0.0,False,False,AllColorsLH_0617,13.3
676add84a7c12204af3e4c90,4,0,1,,AllColorsLL1_0526,AllColorsLH_0617,2.1,5.8,3.26,4.42,1.0,1.0,1.0,0.0,0.0,11.0,1.0,1.0,True,True,AllColorsLH_0617,13.3
676add84a7c12204af3e4c90,5,0,1,,AllColorsLH_0617,AllColorsLH_0617,7.8,7.9,4.42,5.25,1.0,1.0,1.0,0.0,0.0,2.0,1.0,1.0,True,True,AllColorsLH_0617,13.3
658e9835dd1140be88c96a76,1,1,0,1.0,AllColorsLL1_0526,AllColorsLH_0617,1.8,5.9,3.26,4.42,1.0,1.0,1.0,24.0,1.0,1.0,1.0,1.0,True,True,NoRedLH3_0612,13.1
658e9835dd1140be88c96a76,2,1,0,2.0,AllColorsLH_0617,NoRedLH3_0612,6.5,7.8,4.42,4.62,1.0,1.0,1.0,24.0,1.0,12.0,1.0,1.0,True,True,NoRedLH3_0612,13.1
658e9835dd1140be88c96a76,4,1,0,3.0,NoRedLH3_0612,AllColorsLH_0617,8.7,7.8,4.62,4.42,0.0,1.0,1.0,65.0,2.0,2.0,1.0,1.0,False,False,NoRedLH3_0612,13.1
658e9835dd1140be88c96a76,5,1,0,4.0,NoRedLH3_0612,AllColorsLH_0617,4.6,2.1,4.62,4.42,0.0,1.0,1.0,32.0,3.0,10.0,1.0,-1.0,False,False,NoRedLH3_0612,13.1
5dd2d431181abc2ecde6edb4,2,3,0,0.0,AllColorsLL1_0526,AllColorsLL1_0526,2.7,2.7,3.26,3.26,0.0,1.0,1.0,,0.0,0.0,0.0,0.0,True,True,OnlyBlueLH_0706,11.8
5dd2d431181abc2ecde6edb4,3,3,0,6.0,AllColorsLL1_0526,OnlyBlueLL_0625,7.1,4.6,3.26,2.45,1.0,0.0,0.0,34.0,1.0,2.0,-1.0,-1.0,False,False,OnlyBlueLH_0706,11.8
5dd2d431181abc2ecde6edb4,4,3,0,12.0,OnlyBlueLL_0625,OnlyBlueLH_0706,-0.6,3.0,2.45,4.13,1.0,1.0,1.0,24.0,1.0,7.0,1.0,1.0,True,True,OnlyBlueLH_0706,11.8
5dd2d431181abc2ecde6edb4,5,3,0,15.0,OnlyBlueLH_0706,OnlyBlueLL_0625,3.7,1.7,4.13,2.45,0.0,1.0,1.0,11.0,1.0,7.0,-1.0,1.0,False,False,OnlyBlueLH_0706,11.8
5ed94af267e7bf10f180c5b0,1,1,0,1.0,AllColorsLL1_0526,AllColorsLH_0617,2.7,7.8,3.26,4.42,1.0,1.0,1.0,43.0,1.0,9.0,1.0,1.0,True,True,AllColorsLH_0617,13.3
5ed94af267e7bf10f180c5b0,2,1,0,2.0,AllColorsLH_0617,NoRedLH3_0612,5.4,6.5,4.42,4.62,1.0,1.0,1.0,28.0,1.0,17.0,1.0,1.0,True,True,AllColorsLH_0617,13.3
5ed94af267e7bf10f180c5b0,3,1,0,2.0,NoRedLH3_0612,AllColorsLH_0617,2.7,5.9,4.62,4.42,1.0,0.0,1.0,15.0,1.0,1.0,1.0,1.0,True,False,AllColorsLH_0617,13.3
5ed94af267e7bf10f180c5b0,4,1,0,3.0,AllColorsLH_0617,NoRedLH3_0612,5.8,6.3,4.42,4.62,1.0,1.0,1.0,52.0,4.0,11.0,1.0,1.0,True,True,AllColorsLH_0617,13.3
5ed94af267e7bf10f180c5b0,5,1,0,3.0,NoRedLH3_0612,AllColorsLH_0617,10.6,10.2,4.62,4.42,1.0,0.0,0.0,27.0,1.0,5.0,1.0,1.0,False,False,AllColorsLH_0617,13.3
677ef142de712abdf59e8f66,1,0,1,,AllColorsLL1_0526,AllColorsLH_0617,2.7,7.8,3.26,4.42,1.0,1.0,1.0,0.0,0.0,9.0,1.0,1.0,True,True,AllColorsLH_0617,13.3
677ef142de712abdf59e8f66,2,0,1,,AllColorsLH_0617,OnlyBlueLH_0706,2.1,7.7,4.42,4.13,1.0,0.0,1.0,0.0,0.0,10.0,1.0,1.0,True,False,AllColorsLH_0617,13.3
677ef142de712abdf59e8f66,3,0,1,,OnlyBlueLH_0706,NoRedLH3_0612,3.5,7.8,4.13,4.62,1.0,1.0,1.0,0.0,0.0,12.0,1.0,1.0,True,True,AllColorsLH_0617,13.3
677ef142de712abdf59e8f66,4,0,1,,NoRedLH3_0612,AllColorsLH_0617,6.3,5.8,4.62,4.42,1.0,0.0,0.0,0.0,0.0,11.0,1.0,1.0,False,False,AllColorsLH_0617,13.3
677ef142de712abdf59e8f66,5,0,1,,AllColorsLH_0617,AllColorsLH_0617,6.3,4.7,4.42,4.13,1.0,0.0,0.0,0.0,0.0,4.0,1.0,1.0,False,False,AllColorsLH_0617,13.3
62e154b0682e270b4acdf5ee,1,2,0,1.0,AllColorsLL1_0526,AllColorsLH_0617,3.5,8.5,3.26,4.42,1.0,1.0,1.0,38.0,1.0,16.0,1.0,1.0,True,True,AllColorsLH_0617,13.3
62e154b0682e270b4acdf5ee,3,2,0,3.0,AllColorsLH_0617,AllColorsLH_0617,7.8,7.8,4.42,4.42,0.0,1.0,1.0,24.0,1.0,9.0,1.0,1.0,True,True,AllColorsLH_0617,13.3
62e154b0682e270b4acdf5ee,5,2,0,3.0,AllColorsLH_0617,AllColorsLH_0617,5.9,5.9,4.42,4.42,1.0,1.0,1.0,48.0,1.0,1.0,1.0,1.0,True,True,AllColorsLH_0617,13.3
62a357313478901b14ca7bb3,1,0,0,,AllColorsLL1_0526,AllColorsLH_0617,3.5,8.5,3.26,4.42,1.0,1.0,1.0,0.0,0.0,16.0,1.0,1.0,True,True,NoRedLH3_0612,13.1
62a357313478901b14ca7bb3,2,0,0,,AllColorsLH_0617,NoRedLH3_0612,7.8,7.8,4.42,4.62,1.0,1.0,1.0,0.0,0.0,9.0,1.0,1.0,True,True,NoRedLH3_0612,13.1
62a357313478901b14ca7bb3,3,0,0,,NoRedLH3_0612,NoRedLH3_0612,7.8,6.5,4.62,5.25,1.0,1.0,0.0,0.0,0.0,12.0,1.0,1.0,False,True,NoRedLH3_0612,13.1
67dd4da2c093609cf5b34756,1,3,1,2.0,AllColorsLL1_0526,OnlyBlueLL_0625,7.3,8.6,3.26,2.45,1.0,0.0,1.0,44.0,1.0,2.0,-1.0,1.0,True,False,AllColorsLH_0617,13.3
67dd4da2c093609cf5b34756,3,3,1,3.0,OnlyBlueLL_0625,OnlyBlueLH_0706,1.7,3.7,2.45,4.13,1.0,1.0,1.0,17.0,1.0,7.0,1.0,1.0,True,True,AllColorsLH_0617,13.3
67dd4da2c093609cf5b34756,5,3,1,5.0,OnlyBlueLH_0706,AllColorsLH_0617,3.5,6.5,4.13,4.42,1.0,1.0,1.0,15.0,1.0,9.0,1.0,1.0,True,True,AllColorsLH_0617,13.3
6641059cdec71f7b7d5a5e2b,1,1,0,2.0,AllColorsLL1_0526,AllColorsLH_0617,2.7,7.8,3.26,4.42,1.0,1.0,1.0,13.0,1.0,9.0,1.0,1.0,True,True,NoRedLH2_0618,13.3
6641059cdec71f7b7d5a5e2b,2,1,0,2.0,AllColorsLH_0617,NoRedLH3_0612,5.9,2.7,4.42,4.62,0.0,0.0,1.0,13.0,1.0,1.0,1.0,1.0,False,True,NoRedLH2_0618,13.3
6641059cdec71f7b7d5a5e2b,3,1,0,3.0,AllColorsLH_0617,NoRedLH3_0612,10.2,10.6,4.42,4.62,1.0,1.0,1.0,17.0,1.0,5.0,1.0,1.0,True,True,NoRedLH2_0618,13.3
6641059cdec71f7b7d5a5e2b,4,1,0,3.0,NoRedLH3_0612,NoRedLH2_0618,11.7,11.7,4.62,3.98,1.0,0.0,1.0,14.0,1.0,3.0,1.0,1.0,True,False,NoRedLH2_0618,13.3
6641059cdec71f7b7d5a5e2b,5,1,0,4.0,NoRedLH2_0618,OnlyBlueLH_0706,6.3,4.1,3.98,4.13,0.0,0.0,1.0,12.0,1.0,18.0,1.0,-1.0,False,True,NoRedLH2_0618,13.3
65fcdebb4bb107ea35f4ab42,1,4,0,1.0,AllColorsLL1_0526,AllColorsLL2_0604,5.4,10.7,3.26,2.34,0.0,1.0,0.0,44.0,4.0,9.0,-1.0,1.0,True,False,OnlyBlueLH_0706,11.8
65fcdebb4bb107ea35f4ab42,2,4,0,2.0,AllColorsLL1_0526,AllColorsLH_0617,5.4,6.5,3.26,4.42,1.0,1.0,1.0,40.0,3.0,3.0,1.0,1.0,True,True,OnlyBlueLH_0706,11.8
65fcdebb4bb107ea35f4ab42,3,4,0,9.0,AllColorsLH_0617,AllColorsLL1_0526,7.8,7.1,4.42,3.26,0.0,1.0,1.0,2.0,1.0,17.0,0.0,0.0,False,False,OnlyBlueLH_0706,11.8
65fcdebb4bb107ea35f4ab42,4,4,0,15.0,AllColorsLH_0617,OnlyBlueLH_0706,5.8,4.8,4.42,4.13,1.0,0.0,0.0,44.0,1.0,4.0,1.0,1.0,False,False,OnlyBlueLH_0706,11.8
65fcdebb4bb107ea35f4ab42,5,4,0,16.0,OnlyBlueLH_0706,OnlyBlueLL_0625,0.8,-1.3,4.13,2.45,0.0,1.0,1.0,40.0,1.0,15.0,-1.0,-1.0,False,False,OnlyBlueLH_0706,11.8
62976e7114308ee7c69d10ae,1,1,0,1.0,AllColorsLL1_0526,AllColorsLH_0617,-2.0,-7.0,3.26,4.42,1.0,1.0,0.0,13.0,1.0,6.0,1.0,-1.0,False,True,OnlyBlueLH_0706,11.8
62976e7114308ee7c69d10ae,2,1,0,4.0,AllColorsLH_0617,AllColorsLL1_0526,1.6,-8.9,4.42,3.26,1.0,0.0,0.0,16.0,1.0,14.0,0.0,0.0,False,False,OnlyBlueLH_0706,11.8
62976e7114308ee7c69d10ae,3,1,0,5.0,AllColorsLL1_0526,AllColorsLH_0617,5.4,-3.0,3.26,4.42,1.0,1.0,0.0,24.0,2.0,13.0,1.0,-1.0,False,True,OnlyBlueLH_0706,11.8
62976e7114308ee7c69d10ae,4,1,0,5.0,AllColorsLH_0617,OnlyBlueLH_0706,7.8,8.1,4.42,4.13,1.0,0.0,1.0,16.0,1.0,9.0,1.0,1.0,True,False,OnlyBlueLH_0706,11.8
62976e7114308ee7c69d10ae,5,1,0,6.0,OnlyBlueLH_0706,OnlyBlueLL_0625,4.1,4.3,4.13,2.45,0.0,1.0,0.0,22.0,4.0,18.0,-1.0,-1.0,True,False,OnlyBlueLH_0706,11.8
67363452674f3db8059e7888,1,1,0,3.0,AllColorsLL1_0526,OnlyBlueLL_0625,2.3,4.1,3.26,2.45,0.0,1.0,0.0,101.0,4.0,10.0,-1.0,1.0,True,False,OnlyBlueLL_0625,4.7
67363452674f3db8059e7888,2,1,0,5.0,AllColorsLL1_0526,AllColorsLL2_0604,7.3,8.9,3.26,2.34,0.0,1.0,0.0,80.0,2.0,8.0,-1.0,1.0,True,False,OnlyBlueLL_0625,4.7
67363452674f3db8059e7888,3,1,0,9.0,AllColorsLL1_0526,OnlyBlueLL_0625,3.5,3.7,3.26,2.45,1.0,0.0,1.0,80.0,4.0,16.0,-1.0,1.0,True,False,OnlyBlueLL_0625,4.7
67363452674f3db8059e7888,4,1,0,11.0,OnlyBlueLL_0625,OnlyGreenLL_0429,4.8,-5.5,2.45,-0.79,0.0,1.0,1.0,105.0,4.0,11.0,-1.0,-1.0,False,False,OnlyBlueLL_0625,4.7
67363452674f3db8059e7888,5,1,0,14.0,OnlyBlueLL_0625,OnlyBlueLH_0706,-1.3,0.8,2.45,4.13,0.0,0.0,0.0,94.0,4.0,1.0,1.0,-1.0,True,True,OnlyBlueLL_0625,4.7
6765989f7351963c69182581,1,0,1,,AllColorsLL1_0526,AllColorsLH_0617,2.1,5.8,3.26,4.42,1.0,1.0,1.0,0.0,0.0,11.0,1.0,1.0,True,True,AllColorsLH_0617,13.3
6765989f7351963c69182581,2,0,1,,AllColorsLH_0617,NoRedLH3_0612,5.9,2.7,4.42,4.62,1.0,1.0,0.0,0.0,0.0,1.0,1.0,1.0,False,True,AllColorsLH_0617,13.3
6765989f7351963c69182581,4,0,1,,NoRedLH3_0612,AllColorsLH_0617,4.6,2.1,4.62,4.42,1.0,0.0,0.0,0.0,0.0,10.0,1.0,-1.0,False,False,AllColorsLH_0617,13.3
6765989f7351963c69182581,5,0,1,,AllColorsLH_0617,AllColorsLH_0617,1.6,1.6,4.42,5.25,1.0,1.0,1.0,0.0,0.0,14.0,1.0,1.0,True,True,AllColorsLH_0617,13.3
5bc5be2572df5f00014479f9,2,0,0,,AllColorsLL1_0526,OnlyBlueLL_0625,7.3,8.6,3.26,2.45,1.0,0.0,1.0,0.0,0.0,8.0,-1.0,1.0,True,False,OnlyBlueLL_0625,4.7
5bc5be2572df5f00014479f9,3,0,0,,OnlyBlueLL_0625,OnlyBlueLL_0625,4.1,7.7,2.45,4.13,1.0,1.0,1.0,0.0,0.0,10.0,1.0,1.0,True,True,OnlyBlueLL_0625,4.7
5623f187ed6e5a0011c81083,1,3,0,1.0,AllColorsLL1_0526,AllColorsLH_0617,1.8,5.9,3.26,4.42,1.0,1.0,1.0,58.0,3.0,15.0,1.0,1.0,True,True,AllColorsLH_0617,13.3
5623f187ed6e5a0011c81083,2,3,0,2.0,AllColorsLH_0617,NoRedLH3_0612,10.2,11.7,4.42,4.62,1.0,1.0,1.0,33.0,1.0,12.0,1.0,1.0,True,True,AllColorsLH_0617,13.3
5623f187ed6e5a0011c81083,3,3,0,3.0,NoRedLH3_0612,AllColorsLH_0617,6.5,5.4,4.62,4.42,0.0,1.0,1.0,44.0,3.0,3.0,1.0,-1.0,False,False,AllColorsLH_0617,13.3
5623f187ed6e5a0011c81083,5,3,0,4.0,NoRedLH3_0612,AllColorsLH_0617,4.6,2.1,4.62,4.42,1.0,0.0,0.0,58.0,4.0,3.0,1.0,-1.0,False,False,AllColorsLH_0617,13.3
60aeb86eacaeebc38871bb2f,1,4,0,5.0,AllColorsLL1_0526,AllColorsLH_0617,3.5,8.5,3.26,4.42,1.0,1.0,1.0,43.0,2.0,9.0,1.0,1.0,True,True,NoRedLH1_0612,5.0
60aeb86eacaeebc38871bb2f,2,4,0,7.0,AllColorsLH_0617,NoRedLH3_0612,10.2,11.7,4.42,4.62,1.0,1.0,1.0,18.0,1.0,8.0,1.0,1.0,True,True,NoRedLH1_0612,5.0
60aeb86eacaeebc38871bb2f,3,4,0,7.0,NoRedLH3_0612,NoRedLH1_0612,6.3,8.2,4.62,5.25,1.0,1.0,1.0,20.0,1.0,9.0,1.0,1.0,True,True,NoRedLH1_0612,5.0
60aeb86eacaeebc38871bb2f,4,4,0,7.0,NoRedLH1_0612,AllColorsLH_0617,6.1,10.2,5.25,4.42,0.0,1.0,0.0,19.0,1.0,17.0,1.0,1.0,True,False,NoRedLH1_0612,5.0
66a166070121facd91741c66,1,3,0,1.0,AllColorsLL1_0526,AllColorsLL2_0604,5.4,10.7,3.26,2.34,0.0,1.0,0.0,53.0,1.0,3.0,-1.0,1.0,True,False,AllColorsLL1_0526,13.4
66a166070121facd91741c66,2,3,0,1.0,AllColorsLL1_0526,OnlyBlueLL_0625,2.1,4.8,3.26,2.45,0.0,1.0,0.0,66.0,1.0,2.0,-1.0,1.0,True,False,AllColorsLL1_0526,13.4
66a166070121facd91741c66,3,3,0,2.0,AllColorsLL1_0526,OnlyBlueLL_0625,-8.9,-2.5,3.26,2.45,0.0,1.0,0.0,35.0,2.0,2.0,-1.0,1.0,True,False,AllColorsLL1_0526,13.4
66a166070121facd91741c66,4,3,0,2.0,AllColorsLL1_0526,OnlyBlueLL_0625,7.3,8.6,3.26,2.45,0.0,1.0,0.0,27.0,1.0,2.0,-1.0,1.0,True,False,AllColorsLL1_0526,13.4
66a166070121facd91741c66,5,3,0,3.0,AllColorsLL1_0526,OnlyBlueLL_0625,3.5,3.7,3.26,2.45,0.0,1.0,0.0,15.0,1.0,2.0,-1.0,1.0,True,False,AllColorsLL1_0526,13.4
67e2ec7b8e021808c0352a88,1,0,0,,AllColorsLL1_0526,OnlyBlueLL_0625,7.1,4.6,3.26,2.45,1.0,0.0,0.0,0.0,0.0,2.0,-1.0,-1.0,False,False,OnlyBlueLH_0706,11.8
67e2ec7b8e021808c0352a88,2,0,0,,OnlyBlueLL_0625,OnlyBlueLH_0706,0.5,3.5,2.45,4.13,1.0,1.0,1.0,0.0,0.0,12.0,1.0,-1.0,True,True,OnlyBlueLH_0706,11.8
67e2ec7b8e021808c0352a88,3,0,0,,OnlyBlueLH_0706,OnlyBlueLH_0706,7.0,6.5,4.13,5.25,1.0,1.0,0.0,0.0,0.0,17.0,1.0,1.0,False,True,OnlyBlueLH_0706,11.8
5e29fd5f2bec3b065e9a729e,1,0,1,,AllColorsLL1_0526,AllColorsLH_0617,9.3,10.2,3.26,4.42,1.0,1.0,1.0,0.0,0.0,3.0,1.0,1.0,True,True,OnlyBlueLH_0706,11.8
5e29fd5f2bec3b065e9a729e,2,0,1,,AllColorsLH_0617,NoRedLH3_0612,5.4,6.5,4.42,4.62,1.0,1.0,1.0,0.0,0.0,17.0,1.0,1.0,True,True,OnlyBlueLH_0706,11.8
5e29fd5f2bec3b065e9a729e,3,0,1,,NoRedLH3_0612,AllColorsLH_0617,6.4,6.3,4.62,4.42,1.0,0.0,0.0,0.0,0.0,4.0,1.0,1.0,False,False,OnlyBlueLH_0706,11.8
5e29fd5f2bec3b065e9a729e,4,0,1,,AllColorsLH_0617,OnlyBlueLH_0706,2.1,7.7,4.42,4.13,1.0,0.0,1.0,0.0,0.0,10.0,1.0,1.0,True,False,OnlyBlueLH_0706,11.8
5e29fd5f2bec3b065e9a729e,5,0,1,,OnlyBlueLH_0706,OnlyBlueLH_0706,0.8,0.3,4.13,2.34,1.0,0.0,0.0,0.0,0.0,1.0,-1.0,-1.0,False,False,OnlyBlueLH_0706,11.8
60e67bc1585c7158f6f9116a,1,4,0,7.0,AllColorsLL1_0526,OnlyBlueLL_0625,1.1,-0.6,3.26,2.45,0.0,1.0,1.0,56.0,4.0,14.0,-1.0,-1.0,False,False,OnlyBlueLL_0625,4.7
60e67bc1585c7158f6f9116a,2,4,0,10.0,AllColorsLL1_0526,OnlyBlueLL_0625,7.3,8.6,3.26,2.45,1.0,0.0,1.0,45.0,3.0,13.0,-1.0,1.0,True,False,OnlyBlueLL_0625,4.7
60e67bc1585c7158f6f9116a,3,4,0,13.0,OnlyBlueLL_0625,NoRedLL_G_0617,7.4,8.9,2.45,4.62,0.0,0.0,0.0,37.0,4.0,9.0,1.0,0.0,True,True,OnlyBlueLL_0625,4.7
60e67bc1585c7158f6f9116a,4,4,0,16.0,OnlyBlueLL_0625,OnlyGreenLL_0429,4.3,0.6,2.45,-0.79,0.0,1.0,1.0,41.0,3.0,2.0,-1.0,-1.0,False,False,OnlyBlueLL_0625,4.7
67883d53705991d641bb1743,1,2,0,4.0,AllColorsLL1_0526,AllColorsLL2_0604,7.1,6.9,3.26,2.34,0.0,1.0,1.0,36.0,1.0,2.0,-1.0,-1.0,False,False,AllColorsLH_0617,13.3
67883d53705991d641bb1743,2,2,0,5.0,AllColorsLL1_0526,AllColorsLH_0617,3.5,8.5,3.26,4.42,1.0,1.0,1.0,49.0,2.0,16.0,1.0,1.0,True,True,AllColorsLH_0617,13.3
67883d53705991d641bb1743,3,2,0,6.0,AllColorsLH_0617,NoRedLH3_0612,2.1,4.6,4.42,4.62,1.0,1.0,1.0,54.0,1.0,10.0,1.0,1.0,True,True,AllColorsLH_0617,13.3
67883d53705991d641bb1743,5,2,0,7.0,NoRedLH3_0612,AllColorsLH_0617,6.4,6.3,4.62,4.42,1.0,0.0,0.0,84.0,4.0,4.0,1.0,1.0,False,False,AllColorsLH_0617,13.3
65cb86a7e667e637599a3af3,1,1,0,4.0,AllColorsLL1_0526,AllColorsLH_0617,2.1,5.8,3.26,4.42,1.0,1.0,1.0,33.0,1.0,11.0,1.0,1.0,True,True,NoRedLH1_0612,5.0
65cb86a7e667e637599a3af3,2,1,0,8.0,AllColorsLH_0617,OnlyBlueLH_0706,7.8,4.6,4.42,4.13,0.0,1.0,1.0,28.0,1.0,2.0,1.0,-1.0,False,False,NoRedLH1_0612,5.0
65cb86a7e667e637599a3af3,3,1,0,11.0,AllColorsLH_0617,NoRedLH3_0612,5.4,6.5,4.42,4.62,1.0,1.0,1.0,16.0,1.0,17.0,1.0,1.0,True,True,NoRedLH1_0612,5.0
65cb86a7e667e637599a3af3,4,1,0,11.0,NoRedLH3_0612,NoRedLH1_0612,4.4,5.0,4.62,5.25,1.0,1.0,1.0,28.0,1.0,16.0,1.0,1.0,True,True,NoRedLH1_0612,5.0
67612c302f90b2399522a2ba,1,2,1,1.0,AllColorsLL1_0526,AllColorsLH_0617,4.3,6.3,3.26,4.42,1.0,1.0,1.0,31.0,1.0,4.0,1.0,1.0,True,True,NoRedLH1_0612,5.0
67612c302f90b2399522a2ba,2,2,1,2.0,AllColorsLH_0617,NoRedLH3_0612,3.5,-6.0,4.42,4.62,1.0,1.0,0.0,22.0,1.0,15.0,1.0,-1.0,False,True,NoRedLH1_0612,5.0
67612c302f90b2399522a2ba,4,2,1,2.0,NoRedLH3_0612,NoRedLH1_0612,7.8,11.0,4.62,5.25,1.0,1.0,1.0,25.0,1.0,9.0,1.0,1.0,True,True,NoRedLH1_0612,5.0
6596bd0080a6c5fb83b93520,1,2,1,5.0,AllColorsLL1_0526,AllColorsLH_0617,3.5,8.5,3.26,4.42,1.0,1.0,1.0,8.0,1.0,16.0,1.0,1.0,True,True,AllColorsLH_0617,13.3
62fba37f3560a85b4eb94aac,1,4,0,1.0,AllColorsLL1_0526,AllColorsLL2_0604,5.4,10.7,3.26,2.34,1.0,0.0,1.0,31.0,1.0,4.0,-1.0,1.0,True,False,NoRedLH2_0618,13.3
62fba37f3560a85b4eb94aac,2,4,0,2.0,AllColorsLL2_0604,OnlyBlueLL_0625,5.4,0.5,2.34,2.45,1.0,1.0,0.0,33.0,1.0,5.0,-1.0,-1.0,False,True,NoRedLH2_0618,13.3
62fba37f3560a85b4eb94aac,3,4,0,2.0,OnlyBlueLL_0625,NoRedLL_G_0617,4.6,7.9,2.45,4.62,1.0,1.0,1.0,30.0,1.0,7.0,1.0,1.0,True,True,NoRedLH2_0618,13.3
62fba37f3560a85b4eb94aac,4,4,0,3.0,NoRedLL_G_0617,NoRedLH2_0618,9.3,11.7,4.62,3.98,1.0,0.0,1.0,46.0,2.0,9.0,1.0,1.0,True,False,NoRedLH2_0618,13.3
62eaf1d2015ba1448aa273c4,1,1,0,2.0,AllColorsLL1_0526,OnlyBlueLL_0625,7.3,8.6,3.26,2.45,1.0,0.0,1.0,18.0,1.0,8.0,-1.0,1.0,True,False,OnlyBlueLH_0706,11.8
62eaf1d2015ba1448aa273c4,2,1,0,2.0,OnlyBlueLL_0625,NoRedLL_G_0617,3.9,3.3,2.45,4.62,0.0,0.0,1.0,73.0,4.0,6.0,1.0,1.0,False,True,OnlyBlueLH_0706,11.8
62eaf1d2015ba1448aa273c4,3,1,0,3.0,OnlyBlueLL_0625,OnlyBlueLH_0706,-0.6,3.0,2.45,4.13,1.0,1.0,1.0,35.0,1.0,15.0,1.0,1.0,True,True,OnlyBlueLH_0706,11.8
62eaf1d2015ba1448aa273c4,4,1,0,4.0,OnlyBlueLH_0706,OnlyBlueLL_0625,4.1,4.3,4.13,2.45,1.0,0.0,1.0,39.0,3.0,18.0,-1.0,-1.0,True,False,OnlyBlueLH_0706,11.8
62eaf1d2015ba1448aa273c4,5,1,0,8.0,OnlyBlueLL_0625,OnlyBlueLH_0706,-1.8,10.0,2.45,4.13,1.0,1.0,1.0,29.0,1.0,3.0,1.0,1.0,True,True,OnlyBlueLH_0706,11.8
5be9ce784f251d00015ce92e,2,2,0,2.0,AllColorsLL1_0526,OnlyBlueLL_0625,2.3,4.1,3.26,2.45,1.0,0.0,1.0,62.0,1.0,10.0,-1.0,1.0,True,False,NoRedLL_G_0617,9.1
5be9ce784f251d00015ce92e,4,2,0,3.0,OnlyBlueLL_0625,NoRedLL_G_0617,7.1,7.3,2.45,4.62,1.0,1.0,1.0,29.0,1.0,13.0,1.0,1.0,True,True,NoRedLL_G_0617,9.1
5be9ce784f251d00015ce92e,5,2,0,4.0,NoRedLL_G_0617,NoRedLL_0616,5.4,5.8,4.62,5.0,0.0,0.0,0.0,51.0,1.0,16.0,1.0,1.0,True,True,NoRedLL_G_0617,9.1
5664823551fac700118f9968,1,2,0,7.0,AllColorsLL1_0526,AllColorsLH_0617,-8.9,1.6,3.26,4.42,1.0,1.0,1.0,37.0,1.0,14.0,1.0,1.0,True,True,NoRedLH3_0612,13.1
5664823551fac700118f9968,2,2,0,7.0,AllColorsLH_0617,NoRedLH3_0612,7.8,7.8,4.42,4.62,0.0,0.0,1.0,58.0,2.0,9.0,1.0,1.0,True,True,NoRedLH3_0612,13.1
5664823551fac700118f9968,3,2,0,8.0,AllColorsLH_0617,NoRedLH3_0612,8.5,4.4,4.42,4.62,0.0,0.0,1.0,53.0,1.0,16.0,1.0,1.0,False,True,NoRedLH3_0612,13.1
5664823551fac700118f9968,4,2,0,13.0,AllColorsLH_0617,NoRedLH3_0612,5.4,6.5,4.42,4.62,1.0,1.0,1.0,54.0,1.0,17.0,1.0,1.0,True,True,NoRedLH3_0612,13.1
66a276d13f40200c70c28109,1,2,0,1.0,AllColorsLL1_0526,OnlyBlueLL_0625,3.5,3.7,3.26,2.45,0.0,1.0,0.0,28.0,1.0,16.0,-1.0,1.0,True,False,NoRedLH1_0612,5.0
66a276d13f40200c70c28109,2,2,0,2.0,AllColorsLL1_0526,AllColorsLH_0617,9.3,10.2,3.26,4.42,1.0,1.0,1.0,32.0,2.0,3.0,1.0,1.0,True,True,NoRedLH1_0612,5.0
66a276d13f40200c70c28109,3,2,0,3.0,AllColorsLH_0617,NoRedLH3_0612,5.4,6.5,4.42,4.62,1.0,1.0,1.0,16.0,1.0,17.0,1.0,1.0,True,True,NoRedLH1_0612,5.0
66a276d13f40200c70c28109,4,2,0,3.0,NoRedLH3_0612,NoRedLH1_0612,9.8,8.4,4.62,5.25,1.0,1.0,0.0,26.0,3.0,8.0,1.0,1.0,False,True,NoRedLH1_0612,5.0
5b703ad76f0ed10001bfb0af@auth.prolific.com,2,3,1,2.0,AllColorsLL1_0526,AllColorsLH_0617,4.3,6.3,3.26,4.42,1.0,1.0,1.0,25.0,1.0,15.0,1.0,1.0,True,True,OnlyBlueLL_0625,4.7
5b703ad76f0ed10001bfb0af@auth.prolific.com,3,3,1,2.0,AllColorsLH_0617,AllColorsLL1_0526,8.9,7.3,4.42,3.26,1.0,0.0,0.0,18.0,1.0,4.0,0.0,0.0,False,False,OnlyBlueLL_0625,4.7
5b703ad76f0ed10001bfb0af@auth.prolific.com,4,3,1,3.0,AllColorsLL1_0526,AllColorsLH_0617,8.9,10.2,3.26,4.42,0.0,0.0,0.0,25.0,1.0,15.0,1.0,1.0,True,True,OnlyBlueLL_0625,4.7
5b703ad76f0ed10001bfb0af@auth.prolific.com,5,3,1,4.0,AllColorsLL1_0526,OnlyBlueLL_0625,2.3,4.1,3.26,2.45,1.0,0.0,1.0,36.0,1.0,2.0,-1.0,1.0,True,False,OnlyBlueLL_0625,4.7
667a2a09c4912ebdc9078387,1,4,0,1.0,AllColorsLL1_0526,AllColorsLH_0617,-2.0,-7.0,3.26,4.42,1.0,1.0,0.0,37.0,1.0,16.0,1.0,-1.0,False,True,NoRedLH3_0612,13.1
667a2a09c4912ebdc9078387,3,4,0,2.0,AllColorsLH_0617,NoRedLH3_0612,8.9,9.8,4.42,4.62,1.0,1.0,1.0,26.0,1.0,3.0,1.0,1.0,True,True,NoRedLH3_0612,13.1
667a2a09c4912ebdc9078387,4,4,0,3.0,NoRedLH3_0612,AllColorsLH_0617,6.3,5.8,4.62,4.42,1.0,0.0,0.0,44.0,1.0,5.0,1.0,1.0,False,False,NoRedLH3_0612,13.1
667a2a09c4912ebdc9078387,5,4,0,3.0,AllColorsLH_0617,NoRedLH3_0612,6.3,6.4,4.42,4.62,1.0,1.0,1.0,23.0,1.0,3.0,1.0,1.0,True,True,NoRedLH3_0612,13.1
6765db00a847d25603e7ac52,1,4,0,3.0,AllColorsLL1_0526,AllColorsLH_0617,1.8,5.9,3.26,4.42,1.0,1.0,1.0,82.0,1.0,11.0,1.0,1.0,True,True,AllColorsLH_0617,13.3
6765db00a847d25603e7ac52,2,4,0,3.0,AllColorsLH_0617,AllColorsLL1_0526,1.6,-8.9,4.42,3.26,0.0,1.0,1.0,13.0,1.0,17.0,0.0,0.0,False,False,AllColorsLH_0617,13.3
6765db00a847d25603e7ac52,3,4,0,4.0,AllColorsLH_0617,OnlyBlueLH_0706,5.4,7.0,4.42,4.13,0.0,1.0,0.0,18.0,1.0,2.0,1.0,1.0,True,False,AllColorsLH_0617,13.3
6765db00a847d25603e7ac52,4,4,0,4.0,AllColorsLH_0617,AllColorsLL1_0526,8.5,3.5,4.42,3.26,0.0,1.0,1.0,34.0,1.0,10.0,0.0,0.0,False,False,AllColorsLH_0617,13.3
6765db00a847d25603e7ac52,5,4,0,4.0,AllColorsLH_0617,AllColorsLL1_0526,3.5,1.1,4.42,3.26,0.0,1.0,1.0,69.0,1.0,8.0,0.0,0.0,False,False,AllColorsLH_0617,13.3
651d627dfd76b2f2fb85bf9a,1,2,1,3.0,AllColorsLL1_0526,AllColorsLH_0617,7.3,8.9,3.26,4.42,1.0,1.0,1.0,11.0,1.0,8.0,1.0,1.0,True,True,AllColorsLH_0617,13.3
651d627dfd76b2f2fb85bf9a,2,2,1,4.0,AllColorsLH_0617,AllColorsLL1_0526,-3.0,5.4,4.42,3.26,0.0,1.0,0.0,9.0,1.0,13.0,0.0,0.0,True,False,AllColorsLH_0617,13.3
60ebaa55340060ab518419d0,2,1,0,3.0,AllColorsLL1_0526,AllColorsLL2_0604,5.4,5.4,3.26,2.34,1.0,0.0,1.0,17.0,1.0,12.0,-1.0,0.0,True,False,AllColorsLH_0617,13.3
60ebaa55340060ab518419d0,4,1,0,6.0,AllColorsLL2_0604,AllColorsLH_0617,3.2,3.4,2.34,4.42,1.0,1.0,1.0,17.0,1.0,7.0,1.0,1.0,True,True,AllColorsLH_0617,13.3
66faeeeafd0c076eec88cfcb,1,2,0,1.0,AllColorsLL1_0526,OnlyBlueLL_0625,8.9,7.4,3.26,2.45,0.0,1.0,1.0,76.0,1.0,5.0,-1.0,-1.0,False,False,AllColorsLH_0617,13.3
66faeeeafd0c076eec88cfcb,2,2,0,4.0,AllColorsLL1_0526,AllColorsLH_0617,-2.0,-7.0,3.26,4.42,1.0,1.0,0.0,16.0,1.0,6.0,1.0,-1.0,False,True,AllColorsLH_0617,13.3
66faeeeafd0c076eec88cfcb,3,2,0,5.0,AllColorsLH_0617,NoRedLH3_0612,6.3,6.4,4.42,4.62,1.0,1.0,1.0,18.0,1.0,4.0,1.0,1.0,True,True,AllColorsLH_0617,13.3
66faeeeafd0c076eec88cfcb,4,2,0,5.0,NoRedLH3_0612,AllColorsLH_0617,2.7,5.9,4.62,4.42,1.0,0.0,1.0,6.0,1.0,1.0,1.0,1.0,True,False,AllColorsLH_0617,13.3
66faeeeafd0c076eec88cfcb,5,2,0,6.0,AllColorsLH_0617,NoRedLH3_0612,7.8,7.8,4.42,4.62,0.0,0.0,1.0,36.0,1.0,9.0,1.0,1.0,True,True,AllColorsLH_0617,13.3
5dd552ba82a52750cb649971,1,1,1,5.0,AllColorsLL1_0526,AllColorsLH_0617,-2.0,-7.0,3.26,4.42,1.0,1.0,0.0,18.0,1.0,6.0,1.0,-1.0,False,True,OnlyBlueLH_0706,11.8
5dd552ba82a52750cb649971,2,1,1,9.0,AllColorsLH_0617,OnlyBlueLH_0706,2.1,7.7,4.42,4.13,1.0,0.0,1.0,4.0,1.0,10.0,1.0,1.0,True,False,OnlyBlueLH_0706,11.8
5dd552ba82a52750cb649971,3,1,1,10.0,OnlyBlueLH_0706,OnlyBlueLL_0625,4.1,4.3,4.13,2.45,0.0,1.0,0.0,9.0,1.0,18.0,-1.0,-1.0,True,False,OnlyBlueLH_0706,11.8
5dd552ba82a52750cb649971,4,1,1,12.0,OnlyBlueLH_0706,OnlyBlueLL_0625,0.8,-1.3,4.13,2.45,0.0,1.0,1.0,7.0,1.0,1.0,-1.0,-1.0,False,False,OnlyBlueLH_0706,11.8
5c071ea87967600001637beb,1,4,1,1.0,AllColorsLL1_0526,AllColorsLH_0617,5.4,6.5,3.26,4.42,1.0,1.0,1.0,77.0,3.0,10.0,1.0,1.0,True,True,NoRedLH3_0612,13.1
5c071ea87967600001637beb,4,4,1,1.0,AllColorsLH_0617,NoRedLH3_0612,6.3,6.4,4.42,4.62,1.0,1.0,1.0,67.0,4.0,10.0,1.0,1.0,True,True,NoRedLH3_0612,13.1
62c35e9517e15b36b957a678,1,1,1,3.0,AllColorsLL1_0526,AllColorsLH_0617,2.7,7.8,3.26,4.42,1.0,1.0,1.0,41.0,2.0,9.0,1.0,1.0,True,True,NoRedLH3_0612,13.1
62c35e9517e15b36b957a678,2,1,1,4.0,AllColorsLH_0617,NoRedLH3_0612,10.2,10.6,4.42,4.62,1.0,1.0,1.0,58.0,3.0,5.0,1.0,1.0,True,True,NoRedLH3_0612,13.1
5c7ea15cb215c6000122b48d,1,3,0,1.0,AllColorsLL1_0526,OnlyBlueLL_0625,5.4,0.5,3.26,2.45,0.0,1.0,1.0,30.0,1.0,2.0,-1.0,-1.0,False,False,AllColorsLL1_0526,13.4
5c7ea15cb215c6000122b48d,2,3,0,4.0,AllColorsLL1_0526,AllColorsLH_0617,2.7,7.8,3.26,4.42,1.0,1.0,1.0,42.0,3.0,15.0,1.0,1.0,True,True,AllColorsLL1_0526,13.4
5c7ea15cb215c6000122b48d,4,3,0,7.0,AllColorsLH_0617,OnlyBlueLH_0706,6.3,4.7,4.42,4.13,0.0,1.0,1.0,44.0,4.0,2.0,1.0,1.0,False,False,AllColorsLL1_0526,13.4
5c7ea15cb215c6000122b48d,5,3,0,7.0,AllColorsLH_0617,AllColorsLL1_0526,10.2,8.9,4.42,3.26,1.0,0.0,0.0,35.0,4.0,4.0,0.0,0.0,False,False,AllColorsLL1_0526,13.4
6658c4239af9537eefdfbcc9,1,4,0,4.0,AllColorsLL1_0526,AllColorsLH_0617,5.7,5.4,3.26,4.42,1.0,1.0,0.0,9.0,1.0,11.0,1.0,-1.0,False,True,NoRedLH2_0618,13.3
6658c4239af9537eefdfbcc9,2,4,0,7.0,AllColorsLH_0617,OnlyBlueLH_0706,5.8,4.8,4.42,4.13,1.0,0.0,0.0,9.0,1.0,15.0,1.0,1.0,False,False,NoRedLH2_0618,13.3
6658c4239af9537eefdfbcc9,3,4,0,8.0,OnlyBlueLH_0706,NoRedLH3_0612,1.6,4.4,4.13,4.62,1.0,1.0,1.0,11.0,2.0,5.0,1.0,1.0,True,True,NoRedLH2_0618,13.3
6658c4239af9537eefdfbcc9,4,4,0,9.0,NoRedLH3_0612,NoRedLH2_0618,7.8,7.9,4.62,3.98,1.0,0.0,1.0,5.0,1.0,8.0,1.0,1.0,True,False,NoRedLH2_0618,13.3
5a6b844fe6cc4a0001b6a656,1,0,1,,AllColorsLL1_0526,OnlyBlueLL_0625,5.4,0.5,3.26,2.45,1.0,0.0,0.0,0.0,0.0,12.0,-1.0,-1.0,False,False,OnlyBlueLL_0625,4.7
5a6b844fe6cc4a0001b6a656,2,0,1,,OnlyBlueLL_0625,OnlyBlueLL_0625,-2.5,-5.0,2.45,4.13,1.0,1.0,0.0,0.0,0.0,14.0,1.0,1.0,False,True,OnlyBlueLL_0625,4.7
559d54d0fdf99b13ca1d81c5,1,0,1,,AllColorsLL1_0526,AllColorsLH_0617,1.1,3.5,3.26,4.42,1.0,1.0,1.0,0.0,0.0,15.0,1.0,1.0,True,True,AllColorsLL1_0526,13.4
559d54d0fdf99b13ca1d81c5,2,0,1,,AllColorsLH_0617,AllColorsLL1_0526,2.1,2.3,4.42,3.26,1.0,0.0,1.0,0.0,0.0,10.0,0.0,0.0,True,False,AllColorsLL1_0526,13.4
559d54d0fdf99b13ca1d81c5,3,0,1,,AllColorsLL1_0526,AllColorsLL1_0526,7.1,6.9,3.26,2.34,1.0,0.0,0.0,0.0,0.0,2.0,-1.0,-1.0,False,False,AllColorsLL1_0526,13.4
5cc39aa64d7a7f0001817c43,2,0,1,,AllColorsLL1_0526,AllColorsLH_0617,5.4,6.5,3.26,4.42,1.0,1.0,1.0,0.0,0.0,12.0,1.0,1.0,True,True,AllColorsLH_0617,13.3
5cc39aa64d7a7f0001817c43,3,0,1,,AllColorsLH_0617,AllColorsLH_0617,2.1,7.7,4.42,4.13,1.0,0.0,1.0,0.0,0.0,10.0,1.0,1.0,True,False,AllColorsLH_0617,13.3
673a3aec0efb5c170a97247d,1,3,0,5.0,AllColorsLL1_0526,OnlyBlueLL_0625,1.1,-0.6,3.26,2.45,1.0,0.0,0.0,18.0,1.0,2.0,-1.0,-1.0,False,False,NoRedLH3_0612,13.1
673a3aec0efb5c170a97247d,3,3,0,10.0,OnlyBlueLL_0625,OnlyGreenLL_0429,4.3,0.6,2.45,-0.79,0.0,1.0,1.0,39.0,1.0,2.0,-1.0,-1.0,False,False,NoRedLH3_0612,13.1
673a3aec0efb5c170a97247d,4,3,0,13.0,OnlyBlueLL_0625,NoRedLL_G_0617,7.4,8.9,2.45,4.62,1.0,1.0,1.0,30.0,1.0,9.0,1.0,0.0,True,True,NoRedLH3_0612,13.1
673a3aec0efb5c170a97247d,5,3,0,14.0,NoRedLL_G_0617,NoRedLH3_0612,3.4,1.0,4.62,4.62,1.0,1.0,0.0,12.0,1.0,3.0,1.0,1.0,False,True,NoRedLH3_0612,13.1
651ac88823e71c05dbc1ff63,2,0,0,,AllColorsLL1_0526,AllColorsLH_0617,1.8,5.9,3.26,4.42,1.0,1.0,1.0,0.0,0.0,1.0,1.0,1.0,True,True,AllColorsLH_0617,13.3
651ac88823e71c05dbc1ff63,5,0,0,,AllColorsLH_0617,AllColorsLH_0617,2.1,-1.0,4.42,5.25,1.0,1.0,0.0,0.0,0.0,10.0,1.0,-1.0,False,True,AllColorsLH_0617,13.3
5aff33bae55f90000139f664,1,4,0,1.0,AllColorsLL1_0526,AllColorsLH_0617,2.1,5.8,3.26,4.42,1.0,1.0,1.0,37.0,1.0,9.0,1.0,1.0,True,True,NoRedLH3_0612,13.1
5aff33bae55f90000139f664,2,4,0,2.0,AllColorsLH_0617,NoRedLH3_0612,3.5,-6.0,4.42,4.62,1.0,1.0,0.0,26.0,1.0,3.0,1.0,-1.0,False,True,NoRedLH3_0612,13.1
5aff33bae55f90000139f664,3,4,0,2.0,NoRedLH3_0612,AllColorsLH_0617,2.7,5.9,4.62,4.42,0.0,1.0,0.0,11.0,1.0,2.0,1.0,1.0,True,False,NoRedLH3_0612,13.1
5aff33bae55f90000139f664,5,4,0,3.0,NoRedLH3_0612,AllColorsLH_0617,6.4,6.3,4.62,4.42,0.0,1.0,1.0,15.0,2.0,17.0,1.0,1.0,False,False,NoRedLH3_0612,13.1
60bd80a54df9675c7f842774,1,4,0,2.0,AllColorsLL1_0526,AllColorsLH_0617,1.1,3.5,3.26,4.42,1.0,1.0,1.0,20.0,1.0,16.0,1.0,1.0,True,True,AllColorsLH_0617,13.3
60bd80a54df9675c7f842774,2,4,0,2.0,AllColorsLH_0617,AllColorsLL1_0526,5.8,2.1,4.42,3.26,0.0,1.0,1.0,17.0,1.0,17.0,0.0,0.0,False,False,AllColorsLH_0617,13.3
60bd80a54df9675c7f842774,4,4,0,2.0,AllColorsLH_0617,NoRedLH3_0612,2.1,4.6,4.42,4.62,0.0,0.0,0.0,10.0,1.0,4.0,1.0,1.0,True,True,AllColorsLH_0617,13.3
5dcfaad2dd9a740c2493fc28,1,0,0,,AllColorsLL1_0526,AllColorsLH_0617,1.8,5.9,3.26,4.42,1.0,1.0,1.0,0.0,0.0,1.0,1.0,1.0,True,True,NoRedLH2_0618,13.3
5dcfaad2dd9a740c2493fc28,2,0,0,,AllColorsLH_0617,OnlyBlueLH_0706,2.1,7.7,4.42,4.13,1.0,0.0,1.0,0.0,0.0,10.0,1.0,1.0,True,False,NoRedLH2_0618,13.3
5dcfaad2dd9a740c2493fc28,3,0,0,,OnlyBlueLH_0706,NoRedLH3_0612,3.5,7.8,4.13,4.62,1.0,1.0,1.0,0.0,0.0,12.0,1.0,1.0,True,True,NoRedLH2_0618,13.3
5dcfaad2dd9a740c2493fc28,4,0,0,,NoRedLH3_0612,NoRedLH2_0618,9.8,9.8,4.62,3.98,1.0,0.0,1.0,0.0,0.0,8.0,1.0,1.0,True,False,NoRedLH2_0618,13.3
5dcfaad2dd9a740c2493fc28,5,0,0,,NoRedLH2_0618,NoRedLH2_0618,6.4,7.0,3.98,4.13,1.0,1.0,1.0,0.0,0.0,17.0,1.0,1.0,True,True,NoRedLH2_0618,13.3
582f8bbd4cadc80001b0fbd3,1,4,1,2.0,AllColorsLL1_0526,AllColorsLH_0617,1.8,5.9,3.26,4.42,0.0,0.0,0.0,51.0,1.0,8.0,1.0,1.0,True,True,AllColorsLL1_0526,13.4
582f8bbd4cadc80001b0fbd3,2,4,1,4.0,AllColorsLL1_0526,AllColorsLL2_0604,5.7,6.1,3.26,2.34,0.0,1.0,0.0,30.0,1.0,4.0,-1.0,1.0,True,False,AllColorsLL1_0526,13.4
582f8bbd4cadc80001b0fbd3,5,4,1,7.0,AllColorsLL1_0526,AllColorsLH_0617,-2.0,-7.0,3.26,4.42,0.0,0.0,1.0,16.0,1.0,10.0,1.0,-1.0,False,True,AllColorsLL1_0526,13.4
65537e14439274fe5036b4d2,1,1,1,3.0,AllColorsLL1_0526,AllColorsLH_0617,5.7,5.4,3.26,4.42,1.0,1.0,0.0,20.0,1.0,17.0,1.0,-1.0,False,True,NoRedLH2_0618,13.3
65537e14439274fe5036b4d2,2,1,1,3.0,AllColorsLH_0617,AllColorsLL1_0526,10.2,8.9,4.42,3.26,1.0,0.0,0.0,23.0,1.0,5.0,0.0,0.0,False,False,NoRedLH2_0618,13.3
65537e14439274fe5036b4d2,3,1,1,5.0,AllColorsLL1_0526,AllColorsLH_0617,-8.9,1.6,3.26,4.42,1.0,1.0,1.0,16.0,1.0,14.0,1.0,1.0,True,True,NoRedLH2_0618,13.3
65537e14439274fe5036b4d2,4,1,1,5.0,AllColorsLH_0617,NoRedLH3_0612,7.8,8.7,4.42,4.62,1.0,1.0,1.0,86.0,1.0,2.0,1.0,1.0,True,True,NoRedLH2_0618,13.3
65537e14439274fe5036b4d2,5,1,1,5.0,NoRedLH3_0612,NoRedLH2_0618,6.3,7.0,4.62,3.98,1.0,0.0,1.0,21.0,1.0,11.0,1.0,1.0,True,False,NoRedLH2_0618,13.3
66c605bf16b21d64057a018b,1,4,1,4.0,AllColorsLL1_0526,AllColorsLH_0617,2.7,7.8,3.26,4.42,1.0,1.0,1.0,23.0,1.0,10.0,1.0,1.0,True,True,AllColorsLH_0617,13.3
676059a89a0c103ec2d1f45e,1,2,0,5.0,AllColorsLL1_0526,AllColorsLH_0617,-8.9,1.6,3.26,4.42,1.0,1.0,1.0,20.0,1.0,14.0,1.0,1.0,True,True,NoRedLH3_0612,13.1
676059a89a0c103ec2d1f45e,3,2,0,5.0,AllColorsLH_0617,AllColorsLL1_0526,10.2,8.9,4.42,3.26,0.0,1.0,1.0,19.0,1.0,5.0,0.0,0.0,False,False,NoRedLH3_0612,13.1
676059a89a0c103ec2d1f45e,5,2,0,5.0,AllColorsLH_0617,NoRedLH3_0612,7.8,8.7,4.42,4.62,1.0,1.0,1.0,9.0,1.0,2.0,1.0,1.0,True,True,NoRedLH3_0612,13.1
563f734bcbd4c60005dc9442,1,1,0,8.0,AllColorsLL1_0526,AllColorsLH_0617,-2.0,-7.0,3.26,4.42,1.0,1.0,0.0,13.0,1.0,6.0,1.0,-1.0,False,True,AllColorsLH_0617,13.3
563f734bcbd4c60005dc9442,3,1,0,18.0,AllColorsLH_0617,AllColorsLL1_0526,3.5,1.1,4.42,3.26,0.0,1.0,1.0,12.0,1.0,15.0,0.0,0.0,False,False,AllColorsLH_0617,13.3
563f734bcbd4c60005dc9442,5,1,0,20.0,AllColorsLH_0617,OnlyBlueLH_0706,6.5,3.5,4.42,4.13,0.0,1.0,1.0,21.0,1.0,12.0,1.0,-1.0,False,False,AllColorsLH_0617,13.3
5ccf41c9bd0d3e001593ce92,2,4,0,12.0,AllColorsLL1_0526,AllColorsLH_0617,-8.9,1.6,3.26,4.42,1.0,1.0,1.0,48.0,1.0,10.0,1.0,1.0,True,True,OnlyBlueLL_0625,4.7
5ccf41c9bd0d3e001593ce92,3,4,0,17.0,AllColorsLH_0617,AllColorsLL1_0526,5.8,2.1,4.42,3.26,1.0,0.0,0.0,34.0,1.0,8.0,0.0,0.0,False,False,OnlyBlueLL_0625,4.7
5ccf41c9bd0d3e001593ce92,4,4,0,19.0,AllColorsLL1_0526,OnlyBlueLL_0625,7.3,8.6,3.26,2.45,1.0,0.0,1.0,36.0,1.0,16.0,-1.0,1.0,True,False,OnlyBlueLL_0625,4.7
5ccf41c9bd0d3e001593ce92,5,4,0,22.0,OnlyBlueLL_0625,OnlyGreenLL_0429,3.7,-7.1,2.45,-0.79,0.0,1.0,1.0,28.0,1.0,10.0,-1.0,-1.0,False,False,OnlyBlueLL_0625,4.7
5f9556e826384e3aaa4f0f01,1,1,1,1.0,AllColorsLL1_0526,AllColorsLH_0617,1.8,5.9,3.26,4.42,1.0,1.0,1.0,47.0,1.0,1.0,1.0,1.0,True,True,NoRedLH3_0612,13.1
5f9556e826384e3aaa4f0f01,2,1,1,2.0,AllColorsLH_0617,NoRedLH3_0612,6.5,7.8,4.42,4.62,1.0,1.0,1.0,32.0,1.0,12.0,1.0,1.0,True,True,NoRedLH3_0612,13.1
5f9556e826384e3aaa4f0f01,3,1,1,3.0,NoRedLH3_0612,AllColorsLH_0617,4.6,2.1,4.62,4.42,0.0,1.0,1.0,38.0,1.0,10.0,1.0,-1.0,False,False,NoRedLH3_0612,13.1
60b8a2ea5eb4ad8ae98302f9,1,3,0,1.0,AllColorsLL1_0526,OnlyBlueLL_0625,8.9,7.4,3.26,2.45,0.0,1.0,1.0,75.0,1.0,2.0,-1.0,-1.0,False,False,AllColorsLL2_0604,5.0
60b8a2ea5eb4ad8ae98302f9,2,3,0,3.0,AllColorsLL1_0526,OnlyBlueLL_0625,7.1,4.6,3.26,2.45,0.0,1.0,1.0,32.0,1.0,2.0,-1.0,-1.0,False,False,AllColorsLL2_0604,5.0
60b8a2ea5eb4ad8ae98302f9,3,3,0,4.0,AllColorsLL1_0526,AllColorsLL2_0604,5.4,10.7,3.26,2.34,1.0,0.0,1.0,37.0,1.0,3.0,-1.0,1.0,True,False,AllColorsLL2_0604,5.0
60b8a2ea5eb4ad8ae98302f9,5,3,0,8.0,AllColorsLL2_0604,AllColorsLH_0617,1.1,3.5,2.34,4.42,0.0,0.0,0.0,33.0,1.0,9.0,1.0,1.0,True,True,AllColorsLL2_0604,5.0
5a991dd86475f900019fe4b6,1,3,0,1.0,AllColorsLL1_0526,OnlyBlueLL_0625,7.3,8.6,3.26,2.45,1.0,0.0,1.0,33.0,1.0,2.0,-1.0,1.0,True,False,NoRedLH1_0612,5.0
5a991dd86475f900019fe4b6,2,3,0,2.0,OnlyBlueLL_0625,NoRedLL_G_0617,4.7,6.5,2.45,4.62,1.0,1.0,1.0,43.0,1.0,9.0,1.0,1.0,True,True,NoRedLH1_0612,5.0
5a991dd86475f900019fe4b6,4,3,0,3.0,NoRedLL_G_0617,NoRedLL_0616,5.4,5.8,4.62,5.0,1.0,1.0,1.0,46.0,2.0,16.0,1.0,1.0,True,True,NoRedLH1_0612,5.0
5a991dd86475f900019fe4b6,5,3,0,4.0,NoRedLL_0616,NoRedLH1_0612,2.5,4.5,5.0,5.25,1.0,1.0,1.0,19.0,1.0,3.0,1.0,1.0,True,True,NoRedLH1_0612,5.0
5b0710e7a84dcf0001beee8a,1,3,0,3.0,AllColorsLL1_0526,AllColorsLL2_0604,8.9,9.1,3.26,2.34,0.0,1.0,0.0,33.0,1.0,3.0,-1.0,1.0,True,False,AllColorsLH_0617,13.3
5b0710e7a84dcf0001beee8a,2,3,0,5.0,AllColorsLL1_0526,AllColorsLL2_0604,7.1,6.9,3.26,2.34,0.0,1.0,1.0,34.0,1.0,3.0,-1.0,-1.0,False,False,AllColorsLH_0617,13.3
5b0710e7a84dcf0001beee8a,3,3,0,7.0,AllColorsLL1_0526,AllColorsLH_0617,1.1,3.5,3.26,4.42,1.0,1.0,1.0,10.0,1.0,15.0,1.0,1.0,True,True,AllColorsLH_0617,13.3
5b0710e7a84dcf0001beee8a,4,3,0,7.0,AllColorsLH_0617,NoRedLH3_0612,2.1,4.6,4.42,4.62,0.0,0.0,0.0,20.0,1.0,12.0,1.0,1.0,True,True,AllColorsLH_0617,13.3
5b0710e7a84dcf0001beee8a,5,3,0,10.0,AllColorsLH_0617,OnlyBlueLH_0706,5.4,7.0,4.42,4.13,0.0,1.0,0.0,19.0,1.0,2.0,1.0,1.0,True,False,AllColorsLH_0617,13.3
6655dd1f8fa8f27af8a98304,1,1,0,1.0,AllColorsLL1_0526,AllColorsLH_0617,1.1,3.5,3.26,4.42,1.0,1.0,1.0,54.0,4.0,15.0,1.0,1.0,True,True,AllColorsLL1_0526,13.4
6655dd1f8fa8f27af8a98304,2,1,0,1.0,AllColorsLH_0617,AllColorsLL1_0526,1.6,-8.9,4.42,3.26,1.0,0.0,0.0,32.0,3.0,14.0,0.0,0.0,False,False,AllColorsLL1_0526,13.4
6655dd1f8fa8f27af8a98304,3,1,0,2.0,AllColorsLL1_0526,AllColorsLL2_0604,7.1,6.9,3.26,2.34,1.0,0.0,0.0,25.0,2.0,2.0,-1.0,-1.0,False,False,AllColorsLL1_0526,13.4
6655dd1f8fa8f27af8a98304,4,1,0,4.0,AllColorsLL2_0604,AllColorsLH_0617,3.2,3.4,2.34,4.42,1.0,1.0,1.0,46.0,4.0,7.0,1.0,1.0,True,True,AllColorsLL1_0526,13.4
6655dd1f8fa8f27af8a98304,5,1,0,5.0,AllColorsLH_0617,AllColorsLL1_0526,5.8,2.1,4.42,3.26,1.0,0.0,0.0,21.0,3.0,11.0,0.0,0.0,False,False,AllColorsLL1_0526,13.4
63d1125c54e8148f4cd30a65,1,3,0,2.0,AllColorsLL1_0526,AllColorsLH_0617,1.1,3.5,3.26,4.42,1.0,1.0,1.0,75.0,1.0,15.0,1.0,1.0,True,True,OnlyBlueLH_0706,11.8
63d1125c54e8148f4cd30a65,2,3,0,4.0,AllColorsLH_0617,AllColorsLL1_0526,1.6,-8.9,4.42,3.26,0.0,1.0,1.0,26.0,1.0,4.0,0.0,0.0,False,False,OnlyBlueLH_0706,11.8
63d1125c54e8148f4cd30a65,4,3,0,5.0,AllColorsLH_0617,NoRedLH3_0612,5.8,6.3,4.42,4.62,0.0,0.0,0.0,64.0,1.0,12.0,1.0,1.0,True,True,OnlyBlueLH_0706,11.8
63d1125c54e8148f4cd30a65,5,3,0,6.0,AllColorsLH_0617,OnlyBlueLH_0706,8.5,1.6,4.42,4.13,1.0,0.0,0.0,59.0,1.0,2.0,1.0,-1.0,False,False,OnlyBlueLH_0706,11.8
5c73a9d92dfbdb0001b95375,1,0,0,,AllColorsLL1_0526,AllColorsLH_0617,5.4,6.5,3.26,4.42,1.0,1.0,1.0,0.0,0.0,12.0,1.0,1.0,True,True,AllColorsLH_0617,13.3
5c73a9d92dfbdb0001b95375,3,0,0,,AllColorsLH_0617,OnlyBlueLH_0706,5.8,4.8,4.42,4.13,1.0,0.0,0.0,0.0,0.0,11.0,1.0,1.0,False,False,AllColorsLH_0617,13.3
5c73a9d92dfbdb0001b95375,4,0,0,,OnlyBlueLH_0706,AllColorsLH_0617,4.7,6.3,4.13,4.42,1.0,1.0,1.0,0.0,0.0,4.0,1.0,1.0,True,True,AllColorsLH_0617,13.3
5c73a9d92dfbdb0001b95375,5,0,0,,AllColorsLH_0617,AllColorsLH_0617,5.4,6.5,4.42,5.25,1.0,1.0,1.0,0.0,0.0,17.0,1.0,1.0,True,True,AllColorsLH_0617,13.3
6695700163bdc868081f582c,2,1,0,2.0,AllColorsLL1_0526,AllColorsLH_0617,1.1,3.5,3.26,4.42,1.0,1.0,1.0,51.0,2.0,15.0,1.0,1.0,True,True,NoRedLH3_0612,13.1
6695700163bdc868081f582c,3,1,0,5.0,AllColorsLH_0617,NoRedLH3_0612,6.5,7.8,4.42,4.62,1.0,1.0,1.0,78.0,1.0,12.0,1.0,1.0,True,True,NoRedLH3_0612,13.1
6695700163bdc868081f582c,5,1,0,6.0,NoRedLH3_0612,AllColorsLH_0617,4.6,2.1,4.62,4.42,0.0,1.0,1.0,70.0,3.0,10.0,1.0,-1.0,False,False,NoRedLH3_0612,13.1
6765b501bf830acd8f0e20ba,1,1,0,5.0,AllColorsLL1_0526,OnlyBlueLL_0625,2.3,4.1,3.26,2.45,0.0,1.0,0.0,29.0,2.0,10.0,-1.0,1.0,True,False,NoRedLH3_0612,13.1
6765b501bf830acd8f0e20ba,2,1,0,9.0,AllColorsLL1_0526,AllColorsLH_0617,1.1,3.5,3.26,4.42,1.0,1.0,1.0,27.0,4.0,15.0,1.0,1.0,True,True,NoRedLH3_0612,13.1
6765b501bf830acd8f0e20ba,3,1,0,10.0,AllColorsLH_0617,NoRedLH3_0612,6.5,7.8,4.42,4.62,1.0,1.0,1.0,40.0,1.0,12.0,1.0,1.0,True,True,NoRedLH3_0612,13.1
6765b501bf830acd8f0e20ba,4,1,0,11.0,NoRedLH3_0612,AllColorsLH_0617,6.3,5.8,4.62,4.42,0.0,1.0,1.0,53.0,3.0,11.0,1.0,1.0,False,False,NoRedLH3_0612,13.1
57c74977b23f0e000182dc3f,1,4,0,15.0,AllColorsLL1_0526,AllColorsLH_0617,-2.0,-7.0,3.26,4.42,1.0,1.0,0.0,60.0,1.0,2.0,1.0,-1.0,False,True,NoRedLH3_0612,13.1
57c74977b23f0e000182dc3f,2,4,0,17.0,AllColorsLH_0617,NoRedLH3_0612,5.4,6.5,4.42,4.62,1.0,1.0,1.0,70.0,1.0,9.0,1.0,1.0,True,True,NoRedLH3_0612,13.1
57c74977b23f0e000182dc3f,3,4,0,19.0,NoRedLH3_0612,AllColorsLH_0617,6.3,5.8,4.62,4.42,1.0,0.0,0.0,32.0,1.0,16.0,1.0,1.0,False,False,NoRedLH3_0612,13.1
57c74977b23f0e000182dc3f,4,4,0,21.0,AllColorsLH_0617,NoRedLH3_0612,8.9,9.8,4.42,4.62,1.0,1.0,1.0,32.0,1.0,3.0,1.0,1.0,True,True,NoRedLH3_0612,13.1
57c74977b23f0e000182dc3f,5,4,0,21.0,NoRedLH3_0612,AllColorsLH_0617,4.4,8.5,4.62,4.42,0.0,1.0,0.0,40.0,1.0,12.0,1.0,1.0,True,False,NoRedLH3_0612,13.1
5718a9c4dd9ef10013df01f0,1,2,1,4.0,AllColorsLL1_0526,AllColorsLH_0617,5.7,5.4,3.26,4.42,1.0,1.0,0.0,25.0,1.0,17.0,1.0,-1.0,False,True,NoRedLH3_0612,13.1
5718a9c4dd9ef10013df01f0,2,2,1,5.0,AllColorsLH_0617,NoRedLH3_0612,8.5,4.4,4.42,4.62,1.0,1.0,0.0,22.0,1.0,16.0,1.0,1.0,False,True,NoRedLH3_0612,13.1
5718a9c4dd9ef10013df01f0,4,2,1,5.0,NoRedLH3_0612,AllColorsLH_0617,7.8,7.8,4.62,4.42,1.0,0.0,1.0,14.0,1.0,9.0,1.0,1.0,True,False,NoRedLH3_0612,13.1
5718a9c4dd9ef10013df01f0,5,2,1,6.0,AllColorsLH_0617,NoRedLH3_0612,3.5,-6.0,4.42,4.62,1.0,1.0,0.0,60.0,3.0,15.0,1.0,-1.0,False,True,NoRedLH3_0612,13.1
6140e84e88a8dd365dc87c6b,1,3,0,1.0,AllColorsLL1_0526,AllColorsLH_0617,1.1,3.5,3.26,4.42,1.0,1.0,1.0,13.0,1.0,15.0,1.0,1.0,True,True,NoRedLH3_0612,13.1
6140e84e88a8dd365dc87c6b,2,3,0,1.0,AllColorsLH_0617,NoRedLH3_0612,6.3,6.4,4.42,4.62,1.0,1.0,1.0,33.0,2.0,12.0,1.0,1.0,True,True,NoRedLH3_0612,13.1
6140e84e88a8dd365dc87c6b,3,3,0,2.0,NoRedLH3_0612,AllColorsLH_0617,10.6,10.2,4.62,4.42,0.0,1.0,1.0,28.0,1.0,3.0,1.0,1.0,False,False,NoRedLH3_0612,13.1
6140e84e88a8dd365dc87c6b,5,3,0,3.0,NoRedLH3_0612,AllColorsLH_0617,4.6,2.1,4.62,4.42,0.0,1.0,1.0,14.0,2.0,3.0,1.0,-1.0,False,False,NoRedLH3_0612,13.1
65389f0b0f181197c4218f6d,1,0,1,,AllColorsLL1_0526,AllColorsLH_0617,3.5,8.5,3.26,4.42,1.0,1.0,1.0,0.0,0.0,16.0,1.0,1.0,True,True,AllColorsLH_0617,13.3
65389f0b0f181197c4218f6d,2,0,1,,AllColorsLH_0617,AllColorsLH_0617,8.9,8.4,4.42,5.25,1.0,1.0,0.0,0.0,0.0,8.0,1.0,1.0,False,True,AllColorsLH_0617,13.3
5e9430cc1ed15800084ffbb0,1,4,0,2.0,AllColorsLL1_0526,AllColorsLH_0617,3.5,8.5,3.26,4.42,1.0,1.0,1.0,91.0,1.0,5.0,1.0,1.0,True,True,AllColorsLH_0617,13.3
5e9430cc1ed15800084ffbb0,2,4,0,2.0,AllColorsLH_0617,NoRedLH3_0612,7.8,7.8,4.42,4.62,0.0,0.0,1.0,61.0,1.0,2.0,1.0,1.0,True,True,AllColorsLH_0617,13.3
5e9430cc1ed15800084ffbb0,3,4,0,3.0,AllColorsLH_0617,AllColorsLL1_0526,7.8,7.1,4.42,3.26,0.0,1.0,1.0,51.0,1.0,14.0,0.0,0.0,False,False,AllColorsLH_0617,13.3
5e9430cc1ed15800084ffbb0,4,4,0,3.0,AllColorsLH_0617,NoRedLH3_0612,6.5,7.8,4.42,4.62,0.0,0.0,0.0,34.0,1.0,1.0,1.0,1.0,True,True,AllColorsLH_0617,13.3
5e9430cc1ed15800084ffbb0,5,4,0,6.0,AllColorsLH_0617,OnlyBlueLH_0706,2.1,7.7,4.42,4.13,0.0,1.0,0.0,22.0,1.0,5.0,1.0,1.0,True,False,AllColorsLH_0617,13.3
6691a5c500af8a7d634133f7,1,2,0,3.0,AllColorsLL1_0526,AllColorsLH_0617,1.1,3.5,3.26,4.42,1.0,1.0,1.0,51.0,1.0,15.0,1.0,1.0,True,True,NoRedLH1_0612,5.0
6691a5c500af8a7d634133f7,2,2,0,4.0,AllColorsLH_0617,NoRedLH3_0612,5.8,6.3,4.42,4.62,1.0,1.0,1.0,64.0,1.0,11.0,1.0,1.0,True,True,NoRedLH1_0612,5.0
6691a5c500af8a7d634133f7,4,2,0,5.0,NoRedLH3_0612,AllColorsLH_0617,6.4,6.3,4.62,4.42,0.0,1.0,1.0,37.0,1.0,4.0,1.0,1.0,False,False,NoRedLH1_0612,5.0
6691a5c500af8a7d634133f7,5,2,0,5.0,NoRedLH3_0612,NoRedLH1_0612,4.4,5.0,4.62,5.25,1.0,1.0,1.0,40.0,1.0,16.0,1.0,1.0,True,True,NoRedLH1_0612,5.0
667d6327bd395da87f80a249,1,2,1,1.0,AllColorsLL1_0526,AllColorsLL2_0604,5.4,10.7,3.26,2.34,1.0,0.0,1.0,97.0,1.0,13.0,-1.0,1.0,True,False,OnlyBlueLH_0706,11.8
667d6327bd395da87f80a249,2,2,1,2.0,AllColorsLL2_0604,AllColorsLH_0617,4.3,6.3,2.34,4.42,1.0,1.0,1.0,14.0,1.0,4.0,1.0,1.0,True,True,OnlyBlueLH_0706,11.8
667d6327bd395da87f80a249,3,2,1,3.0,AllColorsLH_0617,NoRedLH3_0612,5.9,2.7,4.42,4.62,0.0,0.0,1.0,24.0,1.0,1.0,1.0,1.0,False,True,OnlyBlueLH_0706,11.8
667d6327bd395da87f80a249,4,2,1,3.0,AllColorsLH_0617,OnlyBlueLH_0706,8.5,1.6,4.42,4.13,0.0,1.0,1.0,15.0,1.0,16.0,1.0,-1.0,False,False,OnlyBlueLH_0706,11.8
667d6327bd395da87f80a249,5,2,1,4.0,AllColorsLH_0617,OnlyBlueLH_0706,5.4,7.0,4.42,4.13,1.0,0.0,1.0,16.0,1.0,17.0,1.0,1.0,True,False,OnlyBlueLH_0706,11.8
5c9d88bb2b3c77001744ec1c,3,1,0,1.0,AllColorsLL1_0526,AllColorsLH_0617,3.5,8.5,3.26,4.42,1.0,1.0,1.0,88.0,1.0,16.0,1.0,1.0,True,True,OnlyBlueLH_0706,11.8
5c9d88bb2b3c77001744ec1c,4,1,0,2.0,AllColorsLH_0617,NoRedLH3_0612,7.8,7.8,4.42,4.62,0.0,0.0,1.0,225.0,1.0,9.0,1.0,1.0,True,True,OnlyBlueLH_0706,11.8
5c9d88bb2b3c77001744ec1c,5,1,0,5.0,AllColorsLH_0617,OnlyBlueLH_0706,6.3,4.7,4.42,4.13,0.0,1.0,1.0,45.0,1.0,4.0,1.0,1.0,False,False,OnlyBlueLH_0706,11.8
5bffc3ae4108380001f5cd63,1,1,0,1.0,AllColorsLL1_0526,AllColorsLH_0617,1.8,5.9,3.26,4.42,1.0,1.0,1.0,55.0,1.0,1.0,1.0,1.0,True,True,NoRedLH2_0618,13.3
5bffc3ae4108380001f5cd63,2,1,0,3.0,AllColorsLH_0617,OnlyBlueLH_0706,5.8,4.8,4.42,4.13,0.0,1.0,1.0,36.0,2.0,11.0,1.0,1.0,False,False,NoRedLH2_0618,13.3
5bffc3ae4108380001f5cd63,3,1,0,4.0,AllColorsLH_0617,NoRedLH3_0612,10.2,10.6,4.42,4.62,1.0,1.0,1.0,81.0,2.0,5.0,1.0,1.0,True,True,NoRedLH2_0618,13.3
5bffc3ae4108380001f5cd63,4,1,0,6.0,NoRedLH3_0612,NoRedLH2_0618,7.8,7.9,4.62,3.98,1.0,0.0,1.0,41.0,1.0,12.0,1.0,1.0,True,False,NoRedLH2_0618,13.3
5c158ec0c6b01c0001bcfa72,1,3,0,6.0,AllColorsLL1_0526,AllColorsLH_0617,2.1,5.8,3.26,4.42,0.0,0.0,0.0,57.0,4.0,15.0,1.0,1.0,True,True,OnlyBlueLL_0625,4.7
5c158ec0c6b01c0001bcfa72,2,3,0,15.0,AllColorsLL1_0526,AllColorsLH_0617,-2.0,-7.0,3.26,4.42,0.0,0.0,1.0,54.0,4.0,15.0,1.0,-1.0,False,True,OnlyBlueLL_0625,4.7
5c158ec0c6b01c0001bcfa72,3,3,0,17.0,AllColorsLL1_0526,AllColorsLH_0617,1.8,5.9,3.26,4.42,1.0,1.0,1.0,83.0,4.0,15.0,1.0,1.0,True,True,OnlyBlueLL_0625,4.7
5c158ec0c6b01c0001bcfa72,4,3,0,20.0,AllColorsLH_0617,AllColorsLL1_0526,1.6,-8.9,4.42,3.26,1.0,0.0,0.0,38.0,4.0,4.0,0.0,0.0,False,False,OnlyBlueLL_0625,4.7
5c158ec0c6b01c0001bcfa72,5,3,0,26.0,AllColorsLL1_0526,OnlyBlueLL_0625,1.1,-0.6,3.26,2.45,1.0,0.0,0.0,44.0,4.0,2.0,-1.0,-1.0,False,False,OnlyBlueLL_0625,4.7
5b0c96679663ee0001459213,1,4,1,3.0,AllColorsLL1_0526,AllColorsLH_0617,-8.9,1.6,3.26,4.42,1.0,1.0,1.0,77.0,1.0,17.0,1.0,1.0,True,True,NoRedLH3_0612,13.1
5b0c96679663ee0001459213,2,4,1,4.0,AllColorsLH_0617,NoRedLH3_0612,10.2,10.6,4.42,4.62,1.0,1.0,1.0,61.0,3.0,11.0,1.0,1.0,True,True,NoRedLH3_0612,13.1
5b0c96679663ee0001459213,4,4,1,4.0,NoRedLH3_0612,AllColorsLH_0617,2.7,5.9,4.62,4.42,0.0,1.0,0.0,53.0,1.0,3.0,1.0,1.0,True,False,NoRedLH3_0612,13.1
673153d88d13bed22065fd88,2,1,0,5.0,AllColorsLL1_0526,AllColorsLH_0617,9.3,10.2,3.26,4.42,1.0,1.0,1.0,65.0,1.0,3.0,1.0,1.0,True,True,NoRedLH3_0612,13.1
673153d88d13bed22065fd88,3,1,0,6.0,AllColorsLH_0617,NoRedLH3_0612,5.4,6.5,4.42,4.62,1.0,1.0,1.0,50.0,1.0,17.0,1.0,1.0,True,True,NoRedLH3_0612,13.1
66fad26e4b07f6149ceb136d,1,1,1,2.0,AllColorsLL1_0526,AllColorsLH_0617,1.1,3.5,3.26,4.42,1.0,1.0,1.0,109.0,4.0,15.0,1.0,1.0,True,True,NoRedLH1_0612,5.0
66fad26e4b07f6149ceb136d,2,1,1,2.0,AllColorsLH_0617,AllColorsLL1_0526,2.1,2.3,4.42,3.26,0.0,1.0,0.0,67.0,2.0,10.0,0.0,0.0,True,False,NoRedLH1_0612,5.0
66fad26e4b07f6149ceb136d,3,1,1,3.0,AllColorsLH_0617,NoRedLH3_0612,6.5,7.8,4.42,4.62,1.0,1.0,1.0,29.0,1.0,12.0,1.0,1.0,True,True,NoRedLH1_0612,5.0
66fad26e4b07f6149ceb136d,5,1,1,3.0,NoRedLH3_0612,NoRedLH1_0612,9.8,8.4,4.62,5.25,1.0,1.0,0.0,41.0,1.0,8.0,1.0,1.0,False,True,NoRedLH1_0612,5.0
5c87e674c558df0014565c72,1,2,1,1.0,AllColorsLL1_0526,AllColorsLH_0617,1.8,5.9,3.26,4.42,1.0,1.0,1.0,35.0,2.0,1.0,1.0,1.0,True,True,NoRedLH3_0612,13.1
5c87e674c558df0014565c72,2,2,1,2.0,AllColorsLH_0617,OnlyBlueLH_0706,5.4,7.0,4.42,4.13,0.0,1.0,0.0,63.0,4.0,17.0,1.0,1.0,True,False,NoRedLH3_0612,13.1
5c87e674c558df0014565c72,4,2,1,3.0,AllColorsLH_0617,NoRedLH3_0612,10.2,11.7,4.42,4.62,1.0,1.0,1.0,67.0,4.0,3.0,1.0,1.0,True,True,NoRedLH3_0612,13.1
5c87e674c558df0014565c72,5,2,1,4.0,NoRedLH3_0612,AllColorsLH_0617,6.3,5.8,4.62,4.42,0.0,1.0,1.0,26.0,3.0,11.0,1.0,1.0,False,False,NoRedLH3_0612,13.1
678c0d73fea9aaf55cd880be,1,3,1,2.0,AllColorsLL1_0526,AllColorsLH_0617,3.5,8.5,3.26,4.42,1.0,1.0,1.0,67.0,3.0,15.0,1.0,1.0,True,True,AllColorsLH_0617,13.3
678c0d73fea9aaf55cd880be,3,3,1,2.0,AllColorsLH_0617,AllColorsLL1_0526,2.1,2.3,4.42,3.26,0.0,1.0,0.0,135.0,4.0,4.0,0.0,0.0,True,False,AllColorsLH_0617,13.3
678c0d73fea9aaf55cd880be,4,3,1,2.0,AllColorsLH_0617,NoRedLH3_0612,5.9,2.7,4.42,4.62,1.0,1.0,0.0,36.0,1.0,12.0,1.0,1.0,False,True,AllColorsLH_0617,13.3
678c0d73fea9aaf55cd880be,5,3,1,3.0,NoRedLH3_0612,AllColorsLH_0617,6.3,5.8,4.62,4.42,1.0,0.0,0.0,130.0,4.0,3.0,1.0,1.0,False,False,AllColorsLH_0617,13.3
67dac9fec33b7784afd3d08b,2,0,1,,AllColorsLL1_0526,AllColorsLH_0617,2.1,5.8,3.26,4.42,1.0,1.0,1.0,0.0,0.0,11.0,1.0,1.0,True,True,NoRedLH2_0618,13.3
67dac9fec33b7784afd3d08b,5,0,1,,AllColorsLH_0617,AllColorsLL1_0526,2.1,2.3,4.42,3.26,1.0,0.0,1.0,0.0,0.0,10.0,0.0,0.0,True,False,NoRedLH2_0618,13.3
675762346cd569df080a5e8e,2,2,1,1.0,AllColorsLL1_0526,AllColorsLH_0617,2.1,5.8,3.26,4.42,1.0,1.0,1.0,39.0,3.0,11.0,1.0,1.0,True,True,NoRedLH3_0612,13.1
675762346cd569df080a5e8e,5,2,1,4.0,AllColorsLH_0617,NoRedLH3_0612,3.4,1.0,4.42,4.62,1.0,1.0,0.0,12.0,2.0,7.0,1.0,1.0,False,True,NoRedLH3_0612,13.1
663791040de5898120ca93cd,1,0,0,,AllColorsLL1_0526,OnlyBlueLL_0625,3.5,3.7,3.26,2.45,1.0,0.0,1.0,0.0,0.0,16.0,-1.0,1.0,True,False,OnlyBlueLH_0706,11.8
663791040de5898120ca93cd,2,0,0,,OnlyBlueLL_0625,NoRedLL_G_0617,4.8,8.2,2.45,4.62,1.0,1.0,1.0,0.0,0.0,11.0,1.0,1.0,True,True,OnlyBlueLH_0706,11.8
663791040de5898120ca93cd,3,0,0,,NoRedLL_G_0617,NoRedLH2_0618,5.4,7.9,4.62,3.98,1.0,0.0,1.0,0.0,0.0,12.0,1.0,1.0,True,False,OnlyBlueLH_0706,11.8
663791040de5898120ca93cd,4,0,0,,NoRedLH2_0618,OnlyBlueLH_0706,7.9,4.6,3.98,4.13,1.0,1.0,0.0,0.0,0.0,2.0,1.0,-1.0,False,True,OnlyBlueLH_0706,11.8
663791040de5898120ca93cd,5,0,0,,OnlyBlueLH_0706,OnlyBlueLH_0706,7.0,6.5,4.13,5.25,1.0,1.0,0.0,0.0,0.0,17.0,1.0,1.0,False,True,OnlyBlueLH_0706,11.8
5d1290103b20b0000102e8e3,1,2,0,1.0,AllColorsLL1_0526,OnlyBlueLL_0625,2.7,2.4,3.26,2.45,0.0,1.0,1.0,59.0,3.0,9.0,-1.0,-1.0,False,False,NoRedLH3_0612,13.1
5d1290103b20b0000102e8e3,2,2,0,4.0,AllColorsLL1_0526,AllColorsLH_0617,8.9,10.2,3.26,4.42,1.0,1.0,1.0,34.0,1.0,5.0,1.0,1.0,True,True,NoRedLH3_0612,13.1
5d1290103b20b0000102e8e3,3,2,0,6.0,AllColorsLH_0617,NoRedLH3_0612,10.2,11.7,4.42,4.62,1.0,1.0,1.0,52.0,1.0,3.0,1.0,1.0,True,True,NoRedLH3_0612,13.1
5d1290103b20b0000102e8e3,4,2,0,7.0,NoRedLH3_0612,AllColorsLH_0617,6.5,5.4,4.62,4.42,1.0,0.0,0.0,92.0,2.0,17.0,1.0,-1.0,False,False,NoRedLH3_0612,13.1
5d1290103b20b0000102e8e3,5,2,0,8.0,AllColorsLH_0617,NoRedLH3_0612,1.6,-4.0,4.42,4.62,1.0,1.0,0.0,48.0,1.0,14.0,1.0,1.0,False,True,NoRedLH3_0612,13.1
66a41543adadffb17baf40b8,1,1,1,2.0,AllColorsLL1_0526,OnlyBlueLL_0625,-8.9,-2.5,3.26,2.45,0.0,1.0,0.0,89.0,1.0,14.0,-1.0,1.0,True,False,AllColorsLL2_0604,5.0
66a41543adadffb17baf40b8,3,1,1,2.0,AllColorsLL1_0526,AllColorsLL2_0604,5.4,10.7,3.26,2.34,1.0,0.0,1.0,106.0,1.0,13.0,-1.0,1.0,True,False,AllColorsLL2_0604,5.0
66a41543adadffb17baf40b8,4,1,1,4.0,AllColorsLL2_0604,AllColorsLH_0617,4.3,6.3,2.34,4.42,0.0,0.0,0.0,53.0,1.0,4.0,1.0,1.0,True,True,AllColorsLL2_0604,5.0
66a41543adadffb17baf40b8,5,1,1,5.0,AllColorsLL2_0604,AllColorsLL1_0526,0.3,1.8,2.34,3.26,0.0,0.0,0.0,82.0,2.0,1.0,0.0,0.0,True,True,AllColorsLL2_0604,5.0
