user_id,episode,group,trust_the_agent,prev_agent,updated_agent,prev_agent_mean_score,update_agent_mean_score,prev_agent_feedback_score,updated_agent_feedback_score,choice_to_update,correct_choice_generalized,correct_choice_feedback,choice_time,improved_from_prev_feedback,improved_from_prev_mean
61523aaa256db1e1d5a6f734,1,Control,1,AllColorsLL1_0526,OnlyBlueLH_0706,6.48,8.84,10.4,10.4,1,1,1,0.0,True,True
61523aaa256db1e1d5a6f734,4,Control,1,OnlyBlueLH_0706,OnlyBlueLL_0625,8.84,7.49,8.6,10.2,1,0,1,0.0,True,False
61523aaa256db1e1d5a6f734,5,Control,1,OnlyBlueLL_0625,OnlyBlueLL_0625,7.49,8.84,8.6,11.4,1,1,1,0.0,True,True
5a5d060ee0cf3d0001269471,1,Same,1,AllColorsLL1_0526,AllColorsLH_0617,6.48,9.39,2.9,5.7,1,1,1,24.0,True,True
5a5d060ee0cf3d0001269471,4,Same,1,AllColorsLH_0617,NoRedLH1_0612,9.39,10.87,9.8,10.2,1,1,1,22.0,True,True
5a5d060ee0cf3d0001269471,5,Same,1,NoRedLH1_0612,AllColorsLH_0617,10.87,9.39,9.9,11.0,1,0,1,29.0,True,False
55a1d8e2fdf99b1c103f2660,2,Control,1,AllColorsLL1_0526,AllColorsLH_0617,6.48,9.39,5.6,11.4,1,1,1,0.0,True,True
55a1d8e2fdf99b1c103f2660,4,Control,1,AllColorsLH_0617,NoRedLH1_0612,9.39,10.87,7.2,11.2,1,1,1,0.0,True,True
681d11acf32ffbb177100579,1,Random,1,AllColorsLL1_0526,OnlyGreenLL_0429,6.48,1.88,8.2,5.6,1,0,0,38.0,False,False
681d11acf32ffbb177100579,2,Random,1,OnlyGreenLL_0429,AllColorsLL1_0526,1.88,6.48,2.4,10.4,1,1,1,25.0,True,True
681d11acf32ffbb177100579,3,Random,1,AllColorsLL1_0526,AllColorsLH_0617,6.48,9.39,7.6,10.8,0,0,0,17.0,True,True
681d11acf32ffbb177100579,4,Random,1,AllColorsLL1_0526,OnlyBlueLH_0706,6.48,8.84,6.7,9.7,0,0,0,17.0,True,True
681d11acf32ffbb177100579,5,Random,1,AllColorsLL1_0526,OnlyGreenLL_0429,6.48,1.88,8.2,-0.5,1,0,0,14.0,False,False
669177c66d14fd83c2a18125,1,Salient-Contrast,1,AllColorsLL1_0526,AllColorsLH_0617,6.48,9.39,4.9,7.2,1,1,1,15.0,True,True
669177c66d14fd83c2a18125,3,Salient-Contrast,1,AllColorsLH_0617,NoRedLH1_0612,9.39,10.87,10.9,13.4,1,1,1,19.0,True,True
66323da1523d26e305334df8,1,Same,0,AllColorsLL1_0526,AllColorsLH_0617,6.48,9.39,4.9,7.2,0,0,0,29.0,True,True
66323da1523d26e305334df8,2,Same,0,AllColorsLL1_0526,OnlyBlueLL_0625,6.48,7.49,7.6,2.7,1,1,0,20.0,False,True
5ecd36302b4d3c05d4cc1ba2,2,Salient-Contrast,0,AllColorsLL1_0526,AllColorsLH_0617,6.48,9.39,5.6,11.4,1,1,1,16.0,True,True
655b901b23209ae4a194a402,1,Random,1,AllColorsLL1_0526,AllColorsLH_0617,6.48,9.39,3.5,6.1,1,1,1,37.0,True,True
655b901b23209ae4a194a402,2,Random,1,AllColorsLH_0617,OnlyBlueLL_0625,9.39,7.49,9.3,9.7,1,0,1,10.0,True,False
655b901b23209ae4a194a402,3,Random,1,OnlyBlueLL_0625,OnlyGreenLL_0429,7.49,1.88,11.6,5.6,1,0,0,8.0,False,False
655b901b23209ae4a194a402,4,Random,1,OnlyGreenLL_0429,AllColorsLH_0617,1.88,9.39,2.5,5.7,1,1,1,6.0,True,True
655b901b23209ae4a194a402,5,Random,1,AllColorsLH_0617,NoRedLH1_0612,9.39,10.87,7.8,9.3,1,1,1,10.0,True,True
5cbe00898f939c0017c0b9d8,2,Salient-Contrast,0,AllColorsLL1_0526,AllColorsLH_0617,6.48,9.39,7.6,7.8,1,1,1,15.0,True,True
5cbe00898f939c0017c0b9d8,3,Salient-Contrast,0,AllColorsLH_0617,NoRedLH1_0612,9.39,10.87,7.2,11.2,1,1,1,9.0,True,True
5cbe00898f939c0017c0b9d8,5,Salient-Contrast,0,NoRedLH1_0612,OnlyBlueLH_0706,10.87,8.84,12.2,8.6,1,0,0,10.0,False,False
5c5d36bc034e280001644c3b,1,Salient-Contrast,1,AllColorsLL1_0526,OnlyBlueLH_0706,6.48,8.84,7.3,7.7,1,1,1,46.0,True,True
62ff3d3ee03b44e79bb2d479,1,Salient-Contrast,0,AllColorsLL1_0526,OnlyBlueLH_0706,6.48,8.84,6.7,9.7,1,1,1,30.0,True,True
62ff3d3ee03b44e79bb2d479,3,Salient-Contrast,0,OnlyBlueLH_0706,AllColorsLL1_0526,8.84,6.48,12.8,11.9,0,1,1,27.0,False,False
62ff3d3ee03b44e79bb2d479,5,Salient-Contrast,0,OnlyBlueLH_0706,OnlyBlueLL_0625,8.84,7.49,7.4,4.7,0,1,1,31.0,False,False
5e47a5ae418f6125620ee944,1,Salient-Contrast,1,AllColorsLL1_0526,OnlyGreenLL_0429,6.48,1.88,8.2,-0.5,0,1,1,39.0,False,False
5e47a5ae418f6125620ee944,2,Salient-Contrast,1,AllColorsLL1_0526,OnlyBlueLH_0706,6.48,8.84,10.9,11.5,1,1,1,20.0,True,True
5e47a5ae418f6125620ee944,3,Salient-Contrast,1,OnlyBlueLH_0706,AllColorsLH_0617,8.84,9.39,7.7,9.3,1,1,1,28.0,True,True
5e47a5ae418f6125620ee944,4,Salient-Contrast,1,AllColorsLH_0617,OnlyBlueLH_0706,9.39,8.84,6.1,9.5,0,1,0,18.0,True,False
5dd59fe0a6438056ac397382,1,Same,0,AllColorsLL1_0526,AllColorsLH_0617,6.48,9.39,8.2,11.9,1,1,1,22.0,True,True
5dd59fe0a6438056ac397382,2,Same,0,AllColorsLH_0617,OnlyBlueLH_0706,9.39,8.84,10.9,11.5,1,0,1,7.0,True,False
5dd59fe0a6438056ac397382,3,Same,0,OnlyBlueLH_0706,NoRedLH1_0612,8.84,10.87,7.7,9.5,1,1,1,5.0,True,True
6659ca3aede1cd81f25f5d46,1,Control,0,AllColorsLL1_0526,OnlyBlueLH_0706,6.48,8.84,5.6,11.4,1,1,1,0.0,True,True
6659ca3aede1cd81f25f5d46,2,Control,0,OnlyBlueLH_0706,AllColorsLL1_0526,8.84,6.48,12.8,11.9,1,0,0,0.0,False,False
6659ca3aede1cd81f25f5d46,3,Control,0,AllColorsLL1_0526,OnlyBlueLH_0706,6.48,8.84,4.3,8.6,1,1,1,0.0,True,True
6659ca3aede1cd81f25f5d46,4,Control,0,OnlyBlueLH_0706,NoRedLH1_0612,8.84,10.87,11.1,14.4,1,1,1,0.0,True,True
59d3ef2c078dbe000195117f,1,Same,0,AllColorsLL1_0526,OnlyGreenLL_0429,6.48,1.88,4.3,5.7,1,0,1,14.0,True,False
59d3ef2c078dbe000195117f,2,Same,0,OnlyGreenLL_0429,AllColorsLL1_0526,1.88,6.48,2.5,2.9,1,1,1,13.0,True,True
59d3ef2c078dbe000195117f,3,Same,0,AllColorsLL1_0526,OnlyBlueLH_0706,6.48,8.84,8.0,6.5,1,1,0,7.0,False,True
59d3ef2c078dbe000195117f,5,Same,0,OnlyBlueLH_0706,NoRedLH1_0612,8.84,10.87,11.1,14.4,1,1,1,15.0,True,True
5eaecb0824839e59ed3523eb,1,Random,0,AllColorsLL1_0526,OnlyBlueLL_0625,6.48,7.49,3.5,7.5,1,1,1,49.0,True,True
5eaecb0824839e59ed3523eb,2,Random,0,OnlyBlueLL_0625,OnlyBlueLH_0706,7.49,8.84,10.4,10.4,1,1,1,40.0,True,True
5eaecb0824839e59ed3523eb,3,Random,0,OnlyBlueLH_0706,NoRedLH1_0612,8.84,10.87,12.8,14.7,1,1,1,31.0,True,True
63ed50df25d0ea08696b393f,3,Salient-Contrast,1,AllColorsLL1_0526,AllColorsLH_0617,6.48,9.39,3.5,6.1,0,0,0,33.0,True,True
63ed50df25d0ea08696b393f,5,Salient-Contrast,1,AllColorsLL1_0526,AllColorsLH_0617,6.48,9.39,9.3,8.9,1,1,0,37.0,False,True
58cd0bc2a47dbb000171dc8b,1,Control,0,AllColorsLL1_0526,OnlyBlueLH_0706,6.48,8.84,4.4,11.1,1,1,1,0.0,True,True
58cd0bc2a47dbb000171dc8b,3,Control,0,OnlyBlueLH_0706,AllColorsLH_0617,8.84,9.39,11.4,11.4,1,1,1,0.0,True,True
604a4755d62e5590404b5426,1,Salient-Contrast,0,AllColorsLL1_0526,AllColorsLH_0617,6.48,9.39,11.9,15.1,1,1,1,26.0,True,True
604a4755d62e5590404b5426,3,Salient-Contrast,0,AllColorsLH_0617,NoRedLH1_0612,9.39,10.87,7.2,11.2,1,1,1,18.0,True,True
66ef36768bc403140fa01e35,1,Control,0,AllColorsLL1_0526,AllColorsLH_0617,6.48,9.39,8.2,11.9,1,1,1,0.0,True,True
66ef36768bc403140fa01e35,2,Control,0,AllColorsLH_0617,NoRedLH1_0612,9.39,10.87,11.0,11.4,1,1,1,0.0,True,True
66ef36768bc403140fa01e35,5,Control,0,NoRedLH1_0612,NoRedLH1_0612,10.87,6.48,9.1,7.6,1,0,0,0.0,False,False
5f61023f891bb903b975dbee,1,Same,0,AllColorsLL1_0526,OnlyBlueLH_0706,6.48,8.84,3.5,9.5,0,0,0,34.0,True,True
5f61023f891bb903b975dbee,2,Same,0,AllColorsLL1_0526,OnlyBlueLL_0625,6.48,7.49,10.9,14.1,0,0,0,16.0,True,True
5f61023f891bb903b975dbee,4,Same,0,AllColorsLL1_0526,AllColorsLH_0617,6.48,9.39,4.3,9.1,1,1,1,26.0,True,True
660ea65b18972d0e6a14a896,1,Random,0,AllColorsLL1_0526,AllColorsLH_0617,6.48,9.39,5.6,11.4,1,1,1,42.0,True,True
660ea65b18972d0e6a14a896,3,Random,0,AllColorsLH_0617,NoRedLH1_0612,9.39,10.87,8.9,10.0,1,1,1,18.0,True,True
660ea65b18972d0e6a14a896,4,Random,0,NoRedLH1_0612,OnlyBlueLL_0625,10.87,7.49,13.4,14.1,0,1,0,11.0,True,False
5e7b6486b704ac034e3f01c8,1,Salient-Contrast,0,AllColorsLL1_0526,OnlyBlueLL_0625,6.48,7.49,4.1,4.7,1,1,1,14.0,True,True
5e7b6486b704ac034e3f01c8,5,Salient-Contrast,0,OnlyBlueLL_0625,OnlyGreenLL_0429,7.49,1.88,7.5,2.6,0,1,1,32.0,False,False
648353f2886c3c0072018e4a,1,Random,1,AllColorsLL1_0526,OnlyBlueLH_0706,6.48,8.84,10.9,11.5,1,1,1,43.0,True,True
648353f2886c3c0072018e4a,2,Random,1,OnlyBlueLH_0706,AllColorsLH_0617,8.84,9.39,7.4,9.8,0,0,0,27.0,True,True
6717d0f52cc5e0a7f13b596a,1,Control,0,AllColorsLL1_0526,OnlyBlueLH_0706,6.48,8.84,7.6,7.6,1,1,1,0.0,True,True
6717d0f52cc5e0a7f13b596a,3,Control,0,OnlyBlueLH_0706,AllColorsLH_0617,8.84,9.39,7.4,9.8,1,1,1,0.0,True,True
6717d0f52cc5e0a7f13b596a,5,Control,0,AllColorsLH_0617,AllColorsLH_0617,9.39,10.87,11.4,12.9,1,1,1,0.0,True,True
62e7357284e65421d8f8b10f,1,Random,0,AllColorsLL1_0526,AllColorsLH_0617,6.48,9.39,7.6,10.8,1,1,1,76.0,True,True
62e7357284e65421d8f8b10f,2,Random,0,AllColorsLH_0617,OnlyBlueLL_0625,9.39,7.49,7.2,7.8,0,1,0,70.0,True,False
62e7357284e65421d8f8b10f,4,Random,0,AllColorsLH_0617,NoRedLH1_0612,9.39,10.87,13.2,14.4,1,1,1,73.0,True,True
62e7357284e65421d8f8b10f,5,Random,0,NoRedLH1_0612,OnlyBlueLL_0625,10.87,7.49,12.2,10.2,0,1,1,55.0,False,False
677c4ec6bf1d6e16cf3d3055,1,Control,0,AllColorsLL1_0526,OnlyGreenLL_0429,6.48,1.88,4.3,5.7,1,0,1,0.0,True,False
677c4ec6bf1d6e16cf3d3055,2,Control,0,OnlyGreenLL_0429,AllColorsLH_0617,1.88,9.39,8.4,11.0,1,1,1,0.0,True,True
677c4ec6bf1d6e16cf3d3055,3,Control,0,AllColorsLH_0617,NoRedLH1_0612,9.39,10.87,9.8,10.2,1,1,1,0.0,True,True
672f488089b8f59064c010fc,1,Random,1,AllColorsLL1_0526,AllColorsLH_0617,6.48,9.39,8.0,11.0,1,1,1,30.0,True,True
672f488089b8f59064c010fc,3,Random,1,AllColorsLH_0617,OnlyBlueLH_0706,9.39,8.84,9.3,7.7,1,0,0,22.0,False,False
672f488089b8f59064c010fc,5,Random,1,OnlyBlueLH_0706,AllColorsLL1_0526,8.84,6.48,11.6,8.2,0,1,1,12.0,False,False
6156fef09d1ab07148870099,1,Random,0,AllColorsLL1_0526,AllColorsLH_0617,6.48,9.39,5.6,11.4,1,1,1,20.0,True,True
6156fef09d1ab07148870099,2,Random,0,AllColorsLH_0617,AllColorsLL1_0526,9.39,6.48,7.8,7.6,0,1,1,33.0,False,False
6156fef09d1ab07148870099,3,Random,0,AllColorsLH_0617,OnlyBlueLH_0706,9.39,8.84,9.3,9.7,0,1,0,20.0,True,False
6156fef09d1ab07148870099,4,Random,0,AllColorsLH_0617,OnlyBlueLH_0706,9.39,8.84,13.2,11.1,1,0,0,110.0,False,False
577a3dfd92c50c0001c9488f,1,Salient-Contrast,1,AllColorsLL1_0526,OnlyBlueLH_0706,6.48,8.84,2.9,3.8,1,1,1,52.0,True,True
577a3dfd92c50c0001c9488f,2,Salient-Contrast,1,OnlyBlueLH_0706,NoRedLH1_0612,8.84,10.87,11.1,14.4,1,1,1,56.0,True,True
660453c9877e571d12b555f7,1,Random,0,AllColorsLL1_0526,OnlyBlueLH_0706,6.48,8.84,2.9,3.8,1,1,1,72.0,True,True
660453c9877e571d12b555f7,3,Random,0,OnlyBlueLH_0706,NoRedLH1_0612,8.84,10.87,12.8,14.7,1,1,1,57.0,True,True
660453c9877e571d12b555f7,4,Random,0,NoRedLH1_0612,AllColorsLL1_0526,10.87,6.48,10.0,9.3,0,1,1,13.0,False,False
660453c9877e571d12b555f7,5,Random,0,NoRedLH1_0612,OnlyBlueLL_0625,10.87,7.49,9.9,6.7,0,1,1,58.0,False,False
665f461d043d90dd77710aa3,1,Random,1,AllColorsLL1_0526,AllColorsLH_0617,6.48,9.39,11.9,15.1,1,1,1,23.0,True,True
665f461d043d90dd77710aa3,2,Random,1,AllColorsLH_0617,NoRedLH1_0612,9.39,10.87,9.1,12.2,1,1,1,10.0,True,True
5bbb5e3f118c0600013c3202,1,Random,0,AllColorsLL1_0526,OnlyBlueLL_0625,6.48,7.49,8.0,6.7,1,1,0,21.0,False,True
5bbb5e3f118c0600013c3202,2,Random,0,OnlyBlueLL_0625,AllColorsLH_0617,7.49,9.39,9.7,9.3,0,0,1,29.0,False,True
63d13d12c35a12dd05922c69,1,Control,0,AllColorsLL1_0526,OnlyBlueLH_0706,6.48,8.84,10.9,11.5,1,1,1,0.0,True,True
63d13d12c35a12dd05922c69,3,Control,0,AllColorsLH_0617,OnlyBlueLL_0625,9.39,7.49,11.0,6.7,1,0,0,0.0,False,False
63d13d12c35a12dd05922c69,4,Control,0,OnlyBlueLL_0625,AllColorsLH_0617,7.49,9.39,10.2,11.4,1,1,1,0.0,True,True
63d13d12c35a12dd05922c69,5,Control,0,AllColorsLH_0617,AllColorsLH_0617,9.39,10.87,10.8,14.7,1,1,1,0.0,True,True
545d347afdf99b7f9fca22c7,1,Same,0,AllColorsLL1_0526,OnlyBlueLH_0706,6.48,8.84,6.7,9.7,1,1,1,71.0,True,True
545d347afdf99b7f9fca22c7,2,Same,0,OnlyBlueLH_0706,NoRedLH1_0612,8.84,10.87,8.6,12.2,1,1,1,36.0,True,True
545d347afdf99b7f9fca22c7,5,Same,0,NoRedLH1_0612,AllColorsLH_0617,10.87,9.39,9.5,9.3,0,1,1,34.0,False,False
5ea00d4b1286ee0008405450,2,Control,0,AllColorsLL1_0526,AllColorsLH_0617,6.48,9.39,2.9,5.7,1,1,1,0.0,True,True
677299ebbff623812504a11d,1,Control,1,AllColorsLL1_0526,OnlyBlueLH_0706,6.48,8.84,4.3,8.6,1,1,1,0.0,True,True
677299ebbff623812504a11d,4,Control,1,OnlyBlueLH_0706,AllColorsLH_0617,8.84,9.39,11.4,11.4,1,1,1,0.0,True,True
677299ebbff623812504a11d,5,Control,1,AllColorsLH_0617,AllColorsLH_0617,9.39,10.87,9.3,9.5,1,1,1,0.0,True,True
662190146ef67bab626e48cb,1,Control,1,AllColorsLL1_0526,AllColorsLH_0617,6.48,9.39,3.7,11.0,1,1,1,0.0,True,True
662190146ef67bab626e48cb,3,Control,1,AllColorsLH_0617,AllColorsLL1_0526,9.39,6.48,7.2,4.9,1,0,0,0.0,False,False
662190146ef67bab626e48cb,5,Control,1,AllColorsLL1_0526,AllColorsLL1_0526,6.48,9.39,2.9,5.7,1,1,1,0.0,True,True
66d9cd06e207a93377f7820e,1,Salient-Contrast,0,AllColorsLL1_0526,OnlyBlueLH_0706,6.48,8.84,7.6,7.6,1,1,1,31.0,True,True
66d9cd06e207a93377f7820e,2,Salient-Contrast,0,OnlyBlueLH_0706,AllColorsLH_0617,8.84,9.39,3.8,5.7,1,1,1,28.0,True,True
66d9cd06e207a93377f7820e,4,Salient-Contrast,0,AllColorsLH_0617,OnlyBlueLH_0706,9.39,8.84,9.3,7.7,1,0,0,17.0,False,False
66d9cd06e207a93377f7820e,5,Salient-Contrast,0,OnlyBlueLH_0706,OnlyBlueLL_0625,8.84,7.49,8.6,10.2,0,1,0,89.0,True,False
5e7987df47422a5443426cd7,1,Control,0,AllColorsLL1_0526,AllColorsLH_0617,6.48,9.39,8.2,11.9,1,1,1,0.0,True,True
5e7987df47422a5443426cd7,2,Control,0,AllColorsLH_0617,NoRedLH1_0612,9.39,10.87,10.8,14.7,1,1,1,0.0,True,True
5e7987df47422a5443426cd7,3,Control,0,NoRedLH1_0612,AllColorsLH_0617,10.87,9.39,10.0,8.9,1,0,0,0.0,False,False
5e7987df47422a5443426cd7,4,Control,0,AllColorsLH_0617,NoRedLH1_0612,9.39,10.87,7.8,9.1,1,1,1,0.0,True,True
67a7d4e19fee63cbe222ae02,2,Random,0,AllColorsLL1_0526,OnlyBlueLH_0706,6.48,8.84,8.0,6.5,1,1,0,12.0,False,True
67a7d4e19fee63cbe222ae02,3,Random,0,OnlyBlueLH_0706,AllColorsLL1_0526,8.84,6.48,7.7,7.3,1,0,0,22.0,False,False
67a7d4e19fee63cbe222ae02,4,Random,0,AllColorsLL1_0526,AllColorsLH_0617,6.48,9.39,4.1,9.8,1,1,1,13.0,True,True
5f3ade361d75be1c1d974926,1,Salient-Contrast,0,AllColorsLL1_0526,OnlyBlueLH_0706,6.48,8.84,10.4,10.4,1,1,1,11.0,True,True
5f0cf299c6db5770064402e1,1,Random,1,AllColorsLL1_0526,OnlyGreenLL_0429,6.48,1.88,4.3,5.7,0,1,0,53.0,True,False
5f0cf299c6db5770064402e1,2,Random,1,AllColorsLL1_0526,AllColorsLH_0617,6.48,9.39,4.9,7.2,1,1,1,40.0,True,True
5f0cf299c6db5770064402e1,4,Random,1,AllColorsLH_0617,NoRedLH1_0612,9.39,10.87,7.8,9.3,0,0,0,35.0,True,True
5f0cf299c6db5770064402e1,5,Random,1,AllColorsLH_0617,NoRedLH1_0612,9.39,10.87,5.7,9.1,1,1,1,47.0,True,True
66549baded520d79543222a4,1,Salient-Contrast,0,AllColorsLL1_0526,AllColorsLH_0617,6.48,9.39,7.3,9.3,0,0,0,30.0,True,True
66549baded520d79543222a4,3,Salient-Contrast,0,AllColorsLL1_0526,OnlyGreenLL_0429,6.48,1.88,10.9,7.3,0,1,1,42.0,False,False
66549baded520d79543222a4,5,Salient-Contrast,0,AllColorsLL1_0526,OnlyBlueLH_0706,6.48,8.84,5.6,11.4,1,1,1,19.0,True,True
667a9bdad0e1a943ee3d04bb,1,Random,0,AllColorsLL1_0526,AllColorsLH_0617,6.48,9.39,8.2,11.9,1,1,1,43.0,True,True
667a9bdad0e1a943ee3d04bb,2,Random,0,AllColorsLH_0617,NoRedLH1_0612,9.39,10.87,11.0,11.4,0,0,0,11.0,True,True
667a9bdad0e1a943ee3d04bb,3,Random,0,AllColorsLH_0617,NoRedLH1_0612,9.39,10.87,7.8,9.3,1,1,1,22.0,True,True
667a9bdad0e1a943ee3d04bb,5,Random,0,NoRedLH1_0612,OnlyBlueLL_0625,10.87,7.49,12.2,10.2,0,1,1,17.0,False,False
66a261c8cd2d7a18cbe95b9a,1,Salient-Contrast,1,AllColorsLL1_0526,OnlyBlueLH_0706,6.48,8.84,10.4,10.4,1,1,1,80.0,True,True
66a261c8cd2d7a18cbe95b9a,2,Salient-Contrast,1,OnlyBlueLH_0706,AllColorsLL1_0526,8.84,6.48,7.8,4.9,0,1,1,15.0,False,False
66a261c8cd2d7a18cbe95b9a,3,Salient-Contrast,1,OnlyBlueLH_0706,NoRedLH1_0612,8.84,10.87,7.7,9.5,1,1,1,46.0,True,True
67d47bef1b8777e754726be0,4,Control,0,AllColorsLL1_0526,OnlyGreenLL_0429,6.48,1.88,5.6,-3.4,1,0,0,0.0,False,False
67eff0475e43d9a5390ff55e,1,Same,1,AllColorsLL1_0526,AllColorsLH_0617,6.48,9.39,9.3,8.9,0,0,1,32.0,False,True
67eff0475e43d9a5390ff55e,2,Same,1,AllColorsLL1_0526,AllColorsLH_0617,6.48,9.39,4.1,9.8,1,1,1,27.0,True,True
67eff0475e43d9a5390ff55e,4,Same,1,AllColorsLH_0617,AllColorsLL1_0526,9.39,6.48,7.2,4.9,0,1,1,16.0,False,False
67eff0475e43d9a5390ff55e,5,Same,1,AllColorsLH_0617,NoRedLH1_0612,9.39,10.87,11.0,11.4,1,1,1,76.0,True,True
5e89ec793c01b3685a00bb12,1,Same,0,AllColorsLL1_0526,AllColorsLH_0617,6.48,9.39,11.9,15.1,1,1,1,94.0,True,True
5e89ec793c01b3685a00bb12,2,Same,0,AllColorsLH_0617,OnlyBlueLH_0706,9.39,8.84,9.1,8.6,1,0,0,,False,False
5e89ec793c01b3685a00bb12,4,Same,0,OnlyBlueLH_0706,NoRedLH1_0612,8.84,10.87,6.5,9.9,0,0,0,13.0,True,True
6594bab615de581dcf3c1848,1,Control,1,AllColorsLL1_0526,OnlyBlueLH_0706,6.48,8.84,6.7,9.7,1,1,1,0.0,True,True
6594bab615de581dcf3c1848,2,Control,1,OnlyBlueLH_0706,NoRedLH1_0612,8.84,10.87,7.7,9.5,1,1,1,0.0,True,True
6594bab615de581dcf3c1848,5,Control,1,NoRedLH1_0612,NoRedLH1_0612,10.87,9.39,9.1,5.7,1,0,0,0.0,False,False
5eab170759f5390b776df5a1,1,Control,1,AllColorsLL1_0526,OnlyBlueLH_0706,6.48,8.84,10.9,11.5,1,1,1,0.0,True,True
5eab170759f5390b776df5a1,2,Control,1,OnlyBlueLH_0706,AllColorsLH_0617,8.84,9.39,7.6,8.9,1,1,1,0.0,True,True
5eab170759f5390b776df5a1,3,Control,1,AllColorsLH_0617,NoRedLH1_0612,9.39,10.87,9.1,12.2,1,1,1,0.0,True,True
680d155019b77b986ff85126,1,Same,0,AllColorsLL1_0526,OnlyGreenLL_0429,6.48,1.88,4.1,4.4,1,0,1,72.0,True,False
680d155019b77b986ff85126,2,Same,0,OnlyGreenLL_0429,OnlyBlueLL_0625,1.88,7.49,5.7,10.2,0,0,0,68.0,True,True
680d155019b77b986ff85126,3,Same,0,OnlyGreenLL_0429,AllColorsLH_0617,1.88,9.39,8.4,11.0,1,1,1,60.0,True,True
680d155019b77b986ff85126,4,Same,0,AllColorsLH_0617,OnlyBlueLH_0706,9.39,8.84,11.9,11.6,1,0,0,88.0,False,False
680d155019b77b986ff85126,5,Same,0,OnlyBlueLH_0706,OnlyBlueLL_0625,8.84,7.49,10.4,10.4,1,0,1,144.0,True,False
5aea16d3ff24e0000124b803,1,Random,1,AllColorsLL1_0526,OnlyGreenLL_0429,6.48,1.88,4.1,4.4,1,0,1,97.0,True,False
5aea16d3ff24e0000124b803,2,Random,1,OnlyGreenLL_0429,AllColorsLL1_0526,1.88,6.48,4.5,11.9,1,1,1,97.0,True,True
5aea16d3ff24e0000124b803,3,Random,1,AllColorsLL1_0526,AllColorsLH_0617,6.48,9.39,7.3,9.3,1,1,1,116.0,True,True
5aea16d3ff24e0000124b803,4,Random,1,AllColorsLH_0617,NoRedLH1_0612,9.39,10.87,10.9,13.4,1,1,1,31.0,True,True
66597efb84cb793eeaa06ef8,1,Control,0,AllColorsLL1_0526,OnlyGreenLL_0429,6.48,1.88,10.9,7.3,1,0,0,0.0,False,False
66597efb84cb793eeaa06ef8,2,Control,0,OnlyGreenLL_0429,AllColorsLH_0617,1.88,9.39,2.6,6.1,1,1,1,0.0,True,True
66597efb84cb793eeaa06ef8,3,Control,0,AllColorsLH_0617,NoRedLH1_0612,9.39,10.87,8.9,10.0,1,1,1,0.0,True,True
66597efb84cb793eeaa06ef8,4,Control,0,NoRedLH1_0612,OnlyBlueLL_0625,10.87,7.49,9.7,9.7,1,0,1,0.0,True,False
66597efb84cb793eeaa06ef8,5,Control,0,OnlyBlueLL_0625,OnlyBlueLL_0625,7.49,1.88,10.4,2.4,1,0,0,0.0,False,False
66774233add67a4a8e71398e@email.prolific.com,1,Same,1,AllColorsLL1_0526,AllColorsLH_0617,6.48,9.39,7.6,10.8,1,1,1,26.0,True,True
66774233add67a4a8e71398e@email.prolific.com,3,Same,1,AllColorsLH_0617,NoRedLH1_0612,9.39,10.87,13.2,14.4,1,1,1,11.0,True,True
6772ed74a16a7086a77e5d6e,1,Salient-Contrast,0,AllColorsLL1_0526,OnlyBlueLH_0706,6.48,8.84,4.9,7.8,1,1,1,32.0,True,True
6772ed74a16a7086a77e5d6e,2,Salient-Contrast,0,OnlyBlueLH_0706,AllColorsLH_0617,8.84,9.39,10.4,11.4,0,0,0,33.0,True,True
6772ed74a16a7086a77e5d6e,3,Salient-Contrast,0,OnlyBlueLH_0706,NoRedLH1_0612,8.84,10.87,11.1,14.4,1,1,1,23.0,True,True
5b99663d4cefb60001e7a214,1,Control,0,AllColorsLL1_0526,AllColorsLH_0617,6.48,9.39,7.6,7.8,1,1,1,0.0,True,True
5b99663d4cefb60001e7a214,2,Control,0,AllColorsLH_0617,NoRedLH1_0612,9.39,10.87,7.8,9.3,1,1,1,0.0,True,True
5b99663d4cefb60001e7a214,3,Control,0,NoRedLH1_0612,OnlyBlueLL_0625,10.87,7.49,10.2,4.7,1,0,0,0.0,False,False
5b99663d4cefb60001e7a214,4,Control,0,OnlyBlueLL_0625,OnlyBlueLH_0706,7.49,8.84,10.4,10.4,1,1,1,0.0,True,True
5b99663d4cefb60001e7a214,5,Control,0,OnlyBlueLH_0706,OnlyBlueLH_0706,8.84,9.39,11.4,11.4,1,1,1,0.0,True,True
59dccd61e75b450001a689b7,1,Control,1,AllColorsLL1_0526,AllColorsLH_0617,6.48,9.39,4.9,7.2,1,1,1,0.0,True,True
59dccd61e75b450001a689b7,4,Control,1,AllColorsLH_0617,AllColorsLL1_0526,9.39,6.48,11.4,5.6,1,0,0,0.0,False,False
59dccd61e75b450001a689b7,5,Control,1,AllColorsLL1_0526,OnlyBlueLH_0706,6.48,8.84,11.9,12.8,1,1,1,0.0,True,True
616446c54ec10a56f2070911,1,Same,0,AllColorsLL1_0526,AllColorsLH_0617,6.48,9.39,8.2,11.9,1,1,1,47.0,True,True
616446c54ec10a56f2070911,2,Same,0,AllColorsLH_0617,OnlyBlueLH_0706,9.39,8.84,6.1,9.5,1,0,1,26.0,True,False
616446c54ec10a56f2070911,5,Same,0,OnlyBlueLH_0706,OnlyBlueLL_0625,8.84,7.49,7.4,4.7,0,1,1,147.0,False,False
67237e8fe4d32fbb53aabc67,1,Random,1,AllColorsLL1_0526,AllColorsLH_0617,6.48,9.39,8.2,11.9,1,1,1,19.0,True,True
67237e8fe4d32fbb53aabc67,2,Random,1,AllColorsLH_0617,OnlyBlueLH_0706,9.39,8.84,9.3,7.7,1,0,0,40.0,False,False
67237e8fe4d32fbb53aabc67,4,Random,1,OnlyBlueLH_0706,NoRedLH1_0612,8.84,10.87,11.1,14.4,1,1,1,12.0,True,True
67237e8fe4d32fbb53aabc67,5,Random,1,NoRedLH1_0612,OnlyBlueLH_0706,10.87,8.84,13.4,11.5,0,1,1,20.0,False,False
6413a8ae4d8739dd77933117,1,Same,0,AllColorsLL1_0526,OnlyGreenLL_0429,6.48,1.88,5.6,-3.4,0,1,1,17.0,False,False
6413a8ae4d8739dd77933117,2,Same,0,AllColorsLL1_0526,OnlyBlueLL_0625,6.48,7.49,4.4,10.4,0,0,0,13.0,True,True
6413a8ae4d8739dd77933117,4,Same,0,AllColorsLL1_0526,AllColorsLH_0617,6.48,9.39,4.3,9.1,1,1,1,12.0,True,True
614e848825ae648282115670,1,Same,1,AllColorsLL1_0526,OnlyBlueLH_0706,6.48,8.84,10.4,10.4,1,1,1,113.0,True,True
614e848825ae648282115670,2,Same,1,OnlyBlueLH_0706,AllColorsLL1_0526,8.84,6.48,11.6,8.2,0,1,1,46.0,False,False
614e848825ae648282115670,3,Same,1,OnlyBlueLH_0706,NoRedLH1_0612,8.84,10.87,8.6,12.2,1,1,1,66.0,True,True
66c4f3cb14cbfc4db836bd4e,1,Same,0,AllColorsLL1_0526,OnlyGreenLL_0429,6.48,1.88,9.3,7.0,1,0,0,72.0,False,False
66c4f3cb14cbfc4db836bd4e,3,Same,0,OnlyGreenLL_0429,AllColorsLL1_0526,1.88,6.48,5.6,8.2,0,0,0,17.0,True,True
56b78f11e77ebe000cbefe79,1,Random,1,AllColorsLL1_0526,AllColorsLH_0617,6.48,9.39,4.9,7.2,1,1,1,42.0,True,True
56b78f11e77ebe000cbefe79,3,Random,1,AllColorsLH_0617,OnlyBlueLH_0706,9.39,8.84,9.1,8.6,0,1,1,91.0,False,False
56b78f11e77ebe000cbefe79,5,Random,1,AllColorsLH_0617,OnlyBlueLH_0706,9.39,8.84,13.2,11.1,1,0,0,69.0,False,False
6065f9d75bd3321f0bafa750,1,Control,0,AllColorsLL1_0526,OnlyGreenLL_0429,6.48,1.88,8.0,8.4,1,0,1,0.0,True,False
6065f9d75bd3321f0bafa750,2,Control,0,OnlyGreenLL_0429,AllColorsLL1_0526,1.88,6.48,4.5,11.9,1,1,1,0.0,True,True
6065f9d75bd3321f0bafa750,4,Control,0,AllColorsLL1_0526,OnlyBlueLH_0706,6.48,8.84,4.3,8.6,1,1,1,0.0,True,True
6065f9d75bd3321f0bafa750,5,Control,0,OnlyBlueLH_0706,OnlyBlueLH_0706,8.84,9.39,11.4,11.4,1,1,1,0.0,True,True
6595d2e18750476cd41774f6,1,Control,1,AllColorsLL1_0526,OnlyBlueLH_0706,6.48,8.84,4.3,8.6,1,1,1,0.0,True,True
5c849a40a869d400179ab427,1,Random,0,AllColorsLL1_0526,OnlyBlueLH_0706,6.48,8.84,4.4,11.1,1,1,1,26.0,True,True
5c849a40a869d400179ab427,2,Random,0,OnlyBlueLH_0706,OnlyBlueLL_0625,8.84,7.49,7.4,4.7,0,1,1,24.0,False,False
5c849a40a869d400179ab427,4,Random,0,OnlyBlueLH_0706,NoRedLH1_0612,8.84,10.87,8.6,12.2,0,0,0,42.0,True,True
5d542c3a5af5900019bc80c4,1,Random,0,AllColorsLL1_0526,OnlyBlueLH_0706,6.48,8.84,3.7,11.4,0,0,0,62.0,True,True
5d542c3a5af5900019bc80c4,2,Random,0,AllColorsLL1_0526,OnlyBlueLH_0706,6.48,8.84,7.6,7.6,1,1,1,26.0,True,True
5d542c3a5af5900019bc80c4,3,Random,0,OnlyBlueLH_0706,OnlyBlueLL_0625,8.84,7.49,10.4,10.4,0,1,1,35.0,True,False
5d542c3a5af5900019bc80c4,4,Random,0,OnlyBlueLH_0706,AllColorsLL1_0526,8.84,6.48,11.6,8.2,0,1,1,42.0,False,False
5d542c3a5af5900019bc80c4,5,Random,0,OnlyBlueLH_0706,AllColorsLH_0617,8.84,9.39,7.6,7.8,0,0,0,28.0,True,True
5c2b9ce5b337310001996c05,1,Same,0,AllColorsLL1_0526,OnlyGreenLL_0429,6.48,1.88,10.9,7.3,0,1,1,30.0,False,False
5c2b9ce5b337310001996c05,2,Same,0,AllColorsLL1_0526,AllColorsLH_0617,6.48,9.39,2.9,5.7,1,1,1,16.0,True,True
5c2b9ce5b337310001996c05,4,Same,0,AllColorsLH_0617,OnlyBlueLH_0706,9.39,8.84,9.1,8.6,1,0,0,22.0,False,False
5c2b9ce5b337310001996c05,5,Same,0,OnlyBlueLH_0706,AllColorsLH_0617,8.84,9.39,11.4,11.4,1,1,1,15.0,True,True
60b3950b9a1de417d37bb8d2,1,Salient-Contrast,1,AllColorsLL1_0526,AllColorsLH_0617,6.48,9.39,6.7,9.3,1,1,1,23.0,True,True
60b3950b9a1de417d37bb8d2,2,Salient-Contrast,1,AllColorsLH_0617,NoRedLH1_0612,9.39,10.87,10.9,13.4,1,1,1,16.0,True,True
60b3950b9a1de417d37bb8d2,5,Salient-Contrast,1,NoRedLH1_0612,AllColorsLH_0617,10.87,9.39,10.2,9.8,1,0,0,40.0,False,False
59142b45ef024b0001c54c33,1,Control,1,AllColorsLL1_0526,OnlyGreenLL_0429,6.48,1.88,4.3,5.7,1,0,1,0.0,True,False
59142b45ef024b0001c54c33,2,Control,1,OnlyGreenLL_0429,OnlyBlueLL_0625,1.88,7.49,5.6,11.6,1,1,1,0.0,True,True
59142b45ef024b0001c54c33,3,Control,1,OnlyBlueLL_0625,AllColorsLH_0617,7.49,9.39,7.7,9.3,1,1,1,0.0,True,True
59142b45ef024b0001c54c33,4,Control,1,AllColorsLH_0617,NoRedLH1_0612,9.39,10.87,5.7,9.1,1,1,1,0.0,True,True
6777f3e9760d3844217b5ea8,1,Control,0,AllColorsLL1_0526,AllColorsLH_0617,6.48,9.39,3.7,11.0,1,1,1,0.0,True,True
6777f3e9760d3844217b5ea8,2,Control,0,AllColorsLH_0617,NoRedLH1_0612,9.39,10.87,9.3,9.7,1,1,1,0.0,True,True
6777f3e9760d3844217b5ea8,3,Control,0,NoRedLH1_0612,AllColorsLH_0617,10.87,9.39,9.9,11.0,1,0,1,0.0,True,False
6777f3e9760d3844217b5ea8,4,Control,0,AllColorsLH_0617,NoRedLH1_0612,9.39,10.87,7.8,9.1,1,1,1,0.0,True,True
66a90c2263a2823be078178e,1,Random,1,AllColorsLL1_0526,OnlyBlueLH_0706,6.48,8.84,8.0,6.5,1,1,0,54.0,False,True
66a90c2263a2823be078178e,2,Random,1,OnlyBlueLH_0706,AllColorsLH_0617,8.84,9.39,11.4,11.4,0,0,1,47.0,True,True
66a90c2263a2823be078178e,3,Random,1,OnlyBlueLH_0706,NoRedLH1_0612,8.84,10.87,11.5,13.4,0,0,0,51.0,True,True
66a90c2263a2823be078178e,4,Random,1,OnlyBlueLH_0706,AllColorsLH_0617,8.84,9.39,7.6,8.9,0,0,0,38.0,True,True
66a90c2263a2823be078178e,5,Random,1,OnlyBlueLH_0706,AllColorsLH_0617,8.84,9.39,3.8,5.7,1,1,1,29.0,True,True
6630fcae418bde6a9e7c3b47,1,Control,0,AllColorsLL1_0526,AllColorsLH_0617,6.48,9.39,9.3,8.9,1,1,0,0.0,False,True
6630fcae418bde6a9e7c3b47,2,Control,0,AllColorsLH_0617,NoRedLH1_0612,9.39,10.87,11.4,13.0,1,1,1,0.0,True,True
6630fcae418bde6a9e7c3b47,3,Control,0,NoRedLH1_0612,OnlyBlueLL_0625,10.87,7.49,9.7,9.7,1,0,1,0.0,True,False
6630fcae418bde6a9e7c3b47,4,Control,0,OnlyBlueLL_0625,AllColorsLH_0617,7.49,9.39,2.7,7.8,1,1,1,0.0,True,True
6630fcae418bde6a9e7c3b47,5,Control,0,AllColorsLH_0617,AllColorsLH_0617,9.39,10.87,9.3,9.5,1,1,1,0.0,True,True
59bc25620ac77f0001f05574,1,Same,1,AllColorsLL1_0526,OnlyBlueLH_0706,6.48,8.84,5.6,11.4,1,1,1,45.0,True,True
66799043863669170269eedf,1,Salient-Contrast,1,AllColorsLL1_0526,OnlyBlueLL_0625,6.48,7.49,8.2,11.6,0,0,0,29.0,True,True
66799043863669170269eedf,2,Salient-Contrast,1,AllColorsLL1_0526,OnlyBlueLL_0625,6.48,7.49,4.9,7.8,1,1,1,31.0,True,True
66799043863669170269eedf,3,Salient-Contrast,1,OnlyBlueLL_0625,AllColorsLH_0617,7.49,9.39,10.4,13.2,1,1,1,20.0,True,True
66799043863669170269eedf,4,Salient-Contrast,1,AllColorsLH_0617,NoRedLH1_0612,9.39,10.87,9.3,9.5,1,1,1,25.0,True,True
67aa34015d2def3278e3ee41,2,Same,0,AllColorsLL1_0526,AllColorsLH_0617,6.48,9.39,11.9,15.1,1,1,1,13.0,True,True
60fd310fff5b2600c9d95554,1,Random,0,AllColorsLL1_0526,OnlyBlueLH_0706,6.48,8.84,7.6,7.6,1,1,1,77.0,True,True
60fd310fff5b2600c9d95554,2,Random,0,OnlyBlueLH_0706,AllColorsLL1_0526,8.84,6.48,11.5,10.9,0,1,1,46.0,False,False
60fd310fff5b2600c9d95554,3,Random,0,OnlyBlueLH_0706,AllColorsLH_0617,8.84,9.39,7.6,7.8,1,1,1,72.0,True,True
60fd310fff5b2600c9d95554,4,Random,0,AllColorsLH_0617,NoRedLH1_0612,9.39,10.87,11.4,13.0,1,1,1,52.0,True,True
66a63df6388e9adeb75e857d,1,Salient-Contrast,1,AllColorsLL1_0526,OnlyBlueLH_0706,6.48,8.84,10.4,10.4,1,1,1,21.0,True,True
66a63df6388e9adeb75e857d,2,Salient-Contrast,1,OnlyBlueLH_0706,AllColorsLL1_0526,8.84,6.48,12.8,11.9,0,1,1,46.0,False,False
66a63df6388e9adeb75e857d,3,Salient-Contrast,1,OnlyBlueLH_0706,AllColorsLH_0617,8.84,9.39,7.4,9.8,1,1,1,29.0,True,True
66a63df6388e9adeb75e857d,4,Salient-Contrast,1,AllColorsLH_0617,NoRedLH1_0612,9.39,10.87,7.8,9.3,1,1,1,43.0,True,True
6747603ffa5c374fa8cfbe30,2,Same,1,AllColorsLL1_0526,OnlyBlueLH_0706,6.48,8.84,8.2,11.6,1,1,1,53.0,True,True
66894af85d486bf277cfa44b,1,Same,0,AllColorsLL1_0526,OnlyGreenLL_0429,6.48,1.88,8.0,8.4,1,0,1,38.0,True,False
66894af85d486bf277cfa44b,2,Same,0,OnlyGreenLL_0429,AllColorsLH_0617,1.88,9.39,-8.6,11.0,1,1,1,23.0,True,True
66894af85d486bf277cfa44b,3,Same,0,AllColorsLH_0617,NoRedLH1_0612,9.39,10.87,9.3,9.7,1,1,1,34.0,True,True
66894af85d486bf277cfa44b,4,Same,0,NoRedLH1_0612,AllColorsLL1_0526,10.87,6.48,9.1,7.6,0,1,1,26.0,False,False
66894af85d486bf277cfa44b,5,Same,0,NoRedLH1_0612,OnlyBlueLL_0625,10.87,7.49,13.4,14.1,1,0,1,34.0,True,False
5e7d2f16e863ba0d96dc610f,1,Same,0,AllColorsLL1_0526,OnlyBlueLH_0706,6.48,8.84,7.6,7.6,1,1,1,60.0,True,True
5e7d2f16e863ba0d96dc610f,2,Same,0,OnlyBlueLH_0706,AllColorsLH_0617,8.84,9.39,7.6,7.8,1,1,1,43.0,True,True
5e7d2f16e863ba0d96dc610f,3,Same,0,AllColorsLH_0617,OnlyBlueLL_0625,9.39,7.49,6.1,7.5,1,0,1,37.0,True,False
5e7d2f16e863ba0d96dc610f,5,Same,0,OnlyBlueLL_0625,AllColorsLH_0617,7.49,9.39,7.7,9.3,1,1,1,36.0,True,True
5bb62f1a3e969700019bd44d,1,Same,0,AllColorsLL1_0526,OnlyBlueLH_0706,6.48,8.84,10.9,11.5,1,1,1,32.0,True,True
5bb62f1a3e969700019bd44d,3,Same,0,OnlyBlueLH_0706,AllColorsLH_0617,8.84,9.39,7.7,9.3,1,1,1,66.0,True,True
5bb62f1a3e969700019bd44d,5,Same,0,AllColorsLH_0617,NoRedLH1_0612,9.39,10.87,10.8,14.7,1,1,1,19.0,True,True
5f98099d48060d0450394002,1,Salient-Contrast,0,AllColorsLL1_0526,AllColorsLH_0617,6.48,9.39,11.9,15.1,1,1,1,21.0,True,True
5f98099d48060d0450394002,2,Salient-Contrast,0,AllColorsLH_0617,OnlyBlueLH_0706,9.39,8.84,9.1,8.6,1,0,0,12.0,False,False
5e1b795dc799223a3b447ada,1,Same,1,AllColorsLL1_0526,OnlyBlueLH_0706,6.48,8.84,4.4,11.1,1,1,1,8.0,True,True
6763911a202c7db0ad8d5790,1,Random,1,AllColorsLL1_0526,AllColorsLH_0617,6.48,9.39,5.6,11.4,1,1,1,29.0,True,True
6763911a202c7db0ad8d5790,2,Random,1,AllColorsLH_0617,NoRedLH1_0612,9.39,10.87,11.0,11.4,0,0,0,13.0,True,True
6763911a202c7db0ad8d5790,5,Random,1,AllColorsLH_0617,NoRedLH1_0612,9.39,10.87,9.8,10.2,1,1,1,29.0,True,True
663e1aba0afad079dae41953,1,Control,1,AllColorsLL1_0526,AllColorsLH_0617,6.48,9.39,11.9,15.1,1,1,1,0.0,True,True
663e1aba0afad079dae41953,2,Control,1,AllColorsLH_0617,NoRedLH1_0612,9.39,10.87,11.0,11.4,1,1,1,0.0,True,True
559b8c79fdf99b5ae13fd3d1,1,Salient-Contrast,1,AllColorsLL1_0526,OnlyGreenLL_0429,6.48,1.88,8.0,8.4,0,1,0,26.0,True,False
559b8c79fdf99b5ae13fd3d1,2,Salient-Contrast,1,AllColorsLL1_0526,AllColorsLH_0617,6.48,9.39,7.3,9.3,1,1,1,19.0,True,True
559b8c79fdf99b5ae13fd3d1,4,Salient-Contrast,1,AllColorsLH_0617,NoRedLH1_0612,9.39,10.87,11.9,12.8,0,0,0,19.0,True,True
634d7250f674c11a71d1b88e,1,Random,0,AllColorsLL1_0526,OnlyGreenLL_0429,6.48,1.88,8.0,8.4,0,1,0,66.0,True,False
634d7250f674c11a71d1b88e,2,Random,0,AllColorsLL1_0526,AllColorsLH_0617,6.48,9.39,8.2,11.9,1,1,1,16.0,True,True
634d7250f674c11a71d1b88e,3,Random,0,AllColorsLH_0617,NoRedLH1_0612,9.39,10.87,5.7,9.1,1,1,1,21.0,True,True
634d7250f674c11a71d1b88e,5,Random,0,NoRedLH1_0612,OnlyBlueLL_0625,10.87,7.49,12.2,10.2,0,1,1,20.0,False,False
5e38397719e44f0244389781,1,Control,0,AllColorsLL1_0526,OnlyGreenLL_0429,6.48,1.88,8.2,-0.5,1,0,0,0.0,False,False
5e38397719e44f0244389781,2,Control,0,OnlyGreenLL_0429,AllColorsLH_0617,1.88,9.39,7.0,8.9,1,1,1,0.0,True,True
5e38397719e44f0244389781,3,Control,0,AllColorsLH_0617,NoRedLH1_0612,9.39,10.87,13.2,14.4,1,1,1,0.0,True,True
5e38397719e44f0244389781,4,Control,0,NoRedLH1_0612,AllColorsLH_0617,10.87,9.39,10.2,9.8,1,0,0,0.0,False,False
5e38397719e44f0244389781,5,Control,0,AllColorsLH_0617,AllColorsLH_0617,9.39,8.84,9.1,8.6,1,0,0,0.0,False,False
5d41925ef7b99500012b960e,1,Random,0,AllColorsLL1_0526,AllColorsLH_0617,6.48,9.39,9.3,8.9,1,1,0,27.0,False,True
5d41925ef7b99500012b960e,2,Random,0,AllColorsLH_0617,NoRedLH1_0612,9.39,10.87,10.9,13.4,0,0,0,49.0,True,True
5d41925ef7b99500012b960e,4,Random,0,AllColorsLH_0617,NoRedLH1_0612,9.39,10.87,9.3,9.5,0,0,0,30.0,True,True
5d41925ef7b99500012b960e,5,Random,0,AllColorsLH_0617,OnlyBlueLL_0625,9.39,7.49,9.3,9.7,0,1,0,10.0,True,False
67e6e99634be5e57bbd2553f,2,Control,0,AllColorsLL1_0526,AllColorsLH_0617,6.48,9.39,11.9,15.1,1,1,1,0.0,True,True
67e6e99634be5e57bbd2553f,5,Control,0,AllColorsLH_0617,AllColorsLH_0617,9.39,6.48,5.7,2.9,1,0,0,0.0,False,False
68423451060859f8ce31ee5a,2,Salient-Contrast,0,AllColorsLL1_0526,OnlyGreenLL_0429,6.48,1.88,7.3,-11.0,1,0,0,58.0,False,False
68423451060859f8ce31ee5a,3,Salient-Contrast,0,OnlyGreenLL_0429,AllColorsLH_0617,1.88,9.39,7.0,8.9,1,1,1,40.0,True,True
68423451060859f8ce31ee5a,4,Salient-Contrast,0,AllColorsLH_0617,NoRedLH1_0612,9.39,10.87,9.3,9.7,0,0,0,22.0,True,True
5f720be956c0ef0dc307426f,1,Same,0,AllColorsLL1_0526,OnlyBlueLH_0706,6.48,8.84,4.4,11.1,1,1,1,9.0,True,True
5f720be956c0ef0dc307426f,2,Same,0,OnlyBlueLH_0706,AllColorsLH_0617,8.84,9.39,7.6,7.8,1,1,1,13.0,True,True
5f720be956c0ef0dc307426f,3,Same,0,AllColorsLH_0617,NoRedLH1_0612,9.39,10.87,10.9,13.4,1,1,1,16.0,True,True
63af557b3d4f219c3226b7d6,1,Salient-Contrast,0,AllColorsLL1_0526,OnlyGreenLL_0429,6.48,1.88,10.9,7.3,1,0,0,28.0,False,False
63af557b3d4f219c3226b7d6,2,Salient-Contrast,0,OnlyGreenLL_0429,OnlyBlueLL_0625,1.88,7.49,7.5,3.6,1,1,0,24.0,False,True
63af557b3d4f219c3226b7d6,4,Salient-Contrast,0,OnlyBlueLL_0625,AllColorsLH_0617,7.49,9.39,7.5,6.1,1,1,0,20.0,False,True
63af557b3d4f219c3226b7d6,5,Salient-Contrast,0,AllColorsLH_0617,OnlyBlueLH_0706,9.39,8.84,9.8,7.4,0,1,1,47.0,False,False
5f2f8574ff256b37b1970220,1,Same,0,AllColorsLL1_0526,AllColorsLH_0617,6.48,9.39,7.6,10.8,1,1,1,88.0,True,True
5f2f8574ff256b37b1970220,2,Same,0,AllColorsLH_0617,NoRedLH1_0612,9.39,10.87,11.4,13.0,1,1,1,63.0,True,True
5f2f8574ff256b37b1970220,4,Same,0,NoRedLH1_0612,AllColorsLH_0617,10.87,9.39,9.9,11.0,1,0,1,54.0,True,False
5f2f8574ff256b37b1970220,5,Same,0,AllColorsLH_0617,NoRedLH1_0612,9.39,10.87,7.8,9.3,1,1,1,86.0,True,True
5978f6f009bdcf000153f43d,1,Random,0,AllColorsLL1_0526,OnlyBlueLH_0706,6.48,8.84,6.7,9.7,1,1,1,29.0,True,True
5978f6f009bdcf000153f43d,3,Random,0,OnlyBlueLH_0706,AllColorsLL1_0526,8.84,6.48,12.8,7.6,1,0,0,18.0,False,False
5978f6f009bdcf000153f43d,4,Random,0,AllColorsLL1_0526,OnlyBlueLH_0706,6.48,8.84,4.9,7.8,1,1,1,14.0,True,True
5978f6f009bdcf000153f43d,5,Random,0,OnlyBlueLH_0706,AllColorsLL1_0526,8.84,6.48,10.4,10.4,0,1,1,25.0,True,False
61705235c277934df17055e6,1,Random,0,AllColorsLL1_0526,AllColorsLH_0617,6.48,9.39,3.7,11.0,0,0,0,12.0,True,True
61705235c277934df17055e6,4,Random,0,AllColorsLL1_0526,OnlyBlueLH_0706,6.48,8.84,4.3,8.6,1,1,1,55.0,True,True
615838a2d65d6be56cc96091,2,Salient-Contrast,1,AllColorsLL1_0526,AllColorsLH_0617,6.48,9.39,4.3,9.1,1,1,1,21.0,True,True
615838a2d65d6be56cc96091,4,Salient-Contrast,1,AllColorsLH_0617,NoRedLH1_0612,9.39,10.87,11.4,13.0,0,0,0,21.0,True,True
671fe3978b9b0b5d4b9a1265,1,Control,0,AllColorsLL1_0526,OnlyBlueLH_0706,6.48,8.84,7.6,12.8,1,1,1,0.0,True,True
671fe3978b9b0b5d4b9a1265,2,Control,0,OnlyBlueLH_0706,AllColorsLL1_0526,8.84,6.48,3.8,2.9,1,0,0,0.0,False,False
671fe3978b9b0b5d4b9a1265,3,Control,0,AllColorsLL1_0526,OnlyBlueLH_0706,6.48,8.84,3.7,11.4,1,1,1,0.0,True,True
671fe3978b9b0b5d4b9a1265,4,Control,0,OnlyBlueLH_0706,OnlyBlueLL_0625,8.84,7.49,11.6,11.6,1,0,1,0.0,True,False
671fe3978b9b0b5d4b9a1265,5,Control,0,OnlyBlueLL_0625,OnlyBlueLL_0625,7.49,8.84,7.6,7.6,1,1,1,0.0,True,True
5ee5defbfe74a3000d106f51,1,Random,0,AllColorsLL1_0526,OnlyGreenLL_0429,6.48,1.88,10.9,7.3,1,0,0,24.0,False,False
5ee5defbfe74a3000d106f51,3,Random,0,OnlyGreenLL_0429,OnlyBlueLL_0625,1.88,7.49,7.0,7.6,1,1,1,8.0,True,True
5ee5defbfe74a3000d106f51,5,Random,0,OnlyBlueLL_0625,OnlyBlueLH_0706,7.49,8.84,10.4,11.1,0,0,0,9.0,True,True
669eba3ad8d7d49177bc50d0,1,Random,0,AllColorsLL1_0526,OnlyGreenLL_0429,6.48,1.88,8.2,5.6,0,1,1,49.0,False,False
669eba3ad8d7d49177bc50d0,2,Random,0,AllColorsLL1_0526,OnlyGreenLL_0429,6.48,1.88,9.3,7.0,1,0,0,27.0,False,False
669eba3ad8d7d49177bc50d0,3,Random,0,OnlyGreenLL_0429,AllColorsLH_0617,1.88,9.39,7.5,10.8,1,1,1,28.0,True,True
669eba3ad8d7d49177bc50d0,4,Random,0,AllColorsLH_0617,OnlyBlueLL_0625,9.39,7.49,7.2,7.8,1,0,1,13.0,True,False
669eba3ad8d7d49177bc50d0,5,Random,0,OnlyBlueLL_0625,AllColorsLL1_0526,7.49,6.48,7.7,7.3,0,1,1,22.0,False,False
5e5a96f5a2f2c528edf70f6e,1,Control,0,AllColorsLL1_0526,AllColorsLH_0617,6.48,9.39,11.9,15.1,1,1,1,0.0,True,True
5e5a96f5a2f2c528edf70f6e,2,Control,0,AllColorsLH_0617,OnlyBlueLL_0625,9.39,7.49,7.2,7.8,1,0,1,0.0,True,False
5e5a96f5a2f2c528edf70f6e,3,Control,0,OnlyBlueLL_0625,OnlyGreenLL_0429,7.49,1.88,11.6,5.6,1,0,0,0.0,False,False
5e5a96f5a2f2c528edf70f6e,4,Control,0,OnlyGreenLL_0429,AllColorsLH_0617,1.88,9.39,7.0,8.9,1,1,1,0.0,True,True
5e5a96f5a2f2c528edf70f6e,5,Control,0,AllColorsLH_0617,AllColorsLH_0617,9.39,10.87,11.4,13.0,1,1,1,0.0,True,True
6544fd514964fea23051c3b7,1,Random,0,AllColorsLL1_0526,AllColorsLH_0617,6.48,9.39,7.3,9.3,1,1,1,27.0,True,True
6544fd514964fea23051c3b7,3,Random,0,AllColorsLH_0617,OnlyBlueLL_0625,9.39,7.49,9.8,4.7,1,0,0,7.0,False,False
6544fd514964fea23051c3b7,5,Random,0,OnlyBlueLL_0625,AllColorsLL1_0526,7.49,6.48,10.2,4.3,1,0,0,8.0,False,False
6730f965beb7513190d2be93,1,Control,0,AllColorsLL1_0526,AllColorsLH_0617,6.48,9.39,3.5,6.1,1,1,1,0.0,True,True
6730f965beb7513190d2be93,2,Control,0,AllColorsLH_0617,AllColorsLL1_0526,9.39,6.48,10.8,7.6,1,0,0,0.0,False,False
6730f965beb7513190d2be93,3,Control,0,AllColorsLL1_0526,AllColorsLH_0617,6.48,9.39,4.4,13.2,1,1,1,0.0,True,True
6730f965beb7513190d2be93,4,Control,0,AllColorsLH_0617,AllColorsLL1_0526,9.39,6.48,5.7,2.9,1,0,0,0.0,False,False
58954e2dc88c680001dd4b7e,1,Control,0,AllColorsLL1_0526,AllColorsLH_0617,6.48,9.39,4.9,7.2,1,1,1,0.0,True,True
58954e2dc88c680001dd4b7e,2,Control,0,AllColorsLH_0617,AllColorsLL1_0526,9.39,6.48,11.4,5.6,1,0,0,0.0,False,False
58954e2dc88c680001dd4b7e,3,Control,0,AllColorsLL1_0526,OnlyGreenLL_0429,6.48,1.88,4.3,5.7,1,0,1,0.0,True,False
58954e2dc88c680001dd4b7e,4,Control,0,OnlyGreenLL_0429,OnlyBlueLH_0706,1.88,8.84,4.4,7.4,1,1,1,0.0,True,True
58954e2dc88c680001dd4b7e,5,Control,0,OnlyBlueLH_0706,OnlyBlueLH_0706,8.84,6.48,7.6,9.3,1,0,1,0.0,True,False
67e48fe0292eb135e6a513d8,1,Salient-Contrast,1,AllColorsLL1_0526,OnlyGreenLL_0429,6.48,1.88,9.3,7.0,1,0,0,133.0,False,False
67e48fe0292eb135e6a513d8,2,Salient-Contrast,1,OnlyGreenLL_0429,AllColorsLH_0617,1.88,9.39,2.5,5.7,1,1,1,114.0,True,True
67e48fe0292eb135e6a513d8,3,Salient-Contrast,1,AllColorsLH_0617,OnlyBlueLL_0625,9.39,7.49,9.3,9.7,0,1,0,109.0,True,False
67e48fe0292eb135e6a513d8,4,Salient-Contrast,1,AllColorsLH_0617,NoRedLH1_0612,9.39,10.87,11.0,11.4,1,1,1,48.0,True,True
5da09f733c3367001a72dec6,1,Random,0,AllColorsLL1_0526,OnlyGreenLL_0429,6.48,1.88,7.3,-11.0,1,0,0,42.0,False,False
5da09f733c3367001a72dec6,2,Random,0,OnlyGreenLL_0429,OnlyBlueLL_0625,1.88,7.49,7.0,7.6,1,1,1,24.0,True,True
5da09f733c3367001a72dec6,3,Random,0,OnlyBlueLL_0625,OnlyGreenLL_0429,7.49,1.88,3.6,7.5,1,0,1,13.0,True,False
5da09f733c3367001a72dec6,4,Random,0,OnlyGreenLL_0429,OnlyBlueLL_0625,1.88,7.49,4.5,9.9,1,1,1,8.0,True,True
572faa2cad131600100169b5,1,Salient-Contrast,1,AllColorsLL1_0526,OnlyBlueLL_0625,6.48,7.49,4.9,7.8,1,1,1,54.0,True,True
572faa2cad131600100169b5,2,Salient-Contrast,1,OnlyBlueLL_0625,AllColorsLH_0617,7.49,9.39,2.7,7.8,1,1,1,42.0,True,True
572faa2cad131600100169b5,3,Salient-Contrast,1,AllColorsLH_0617,NoRedLH1_0612,9.39,10.87,8.9,10.0,1,1,1,40.0,True,True
5ea1dc176205ad0c7c941ca1,1,Random,0,AllColorsLL1_0526,AllColorsLH_0617,6.48,9.39,7.3,9.3,0,0,0,29.0,True,True
5ea1dc176205ad0c7c941ca1,2,Random,0,AllColorsLL1_0526,OnlyBlueLL_0625,6.48,7.49,7.6,2.7,0,0,1,9.0,False,True
5ea1dc176205ad0c7c941ca1,4,Random,0,AllColorsLL1_0526,OnlyGreenLL_0429,6.48,1.88,3.5,2.6,1,0,0,10.0,False,False
5ea1dc176205ad0c7c941ca1,5,Random,0,OnlyGreenLL_0429,OnlyBlueLH_0706,1.88,8.84,8.4,6.5,1,1,0,25.0,False,True
6670e05a65d32df6fa3e7560,1,Salient-Contrast,1,AllColorsLL1_0526,AllColorsLH_0617,6.48,9.39,6.7,9.3,1,1,1,11.0,True,True
6670e05a65d32df6fa3e7560,2,Salient-Contrast,1,AllColorsLH_0617,AllColorsLL1_0526,9.39,6.48,11.4,5.6,0,1,1,14.0,False,False
66f75098a075cf5f392deaab,1,Random,0,AllColorsLL1_0526,AllColorsLH_0617,6.48,9.39,2.9,5.7,1,1,1,54.0,True,True
66f75098a075cf5f392deaab,3,Random,0,AllColorsLH_0617,OnlyBlueLH_0706,9.39,8.84,11.0,11.4,1,0,1,30.0,True,False
66f75098a075cf5f392deaab,4,Random,0,OnlyBlueLH_0706,AllColorsLL1_0526,8.84,6.48,11.6,8.2,0,1,1,27.0,False,False
66f75098a075cf5f392deaab,5,Random,0,OnlyBlueLH_0706,NoRedLH1_0612,8.84,10.87,11.1,14.4,1,1,1,23.0,True,True
6400f14b24ac2b910c9f2d93,2,Salient-Contrast,0,AllColorsLL1_0526,AllColorsLH_0617,6.48,9.39,10.9,10.9,1,1,1,52.0,True,True
5ab8c3fb9534ba0001c6b60d,1,Control,1,AllColorsLL1_0526,AllColorsLH_0617,6.48,9.39,4.9,7.2,1,1,1,0.0,True,True
5ab8c3fb9534ba0001c6b60d,2,Control,1,AllColorsLH_0617,NoRedLH1_0612,9.39,10.87,9.3,9.7,1,1,1,0.0,True,True
5ab8c3fb9534ba0001c6b60d,3,Control,1,NoRedLH1_0612,OnlyBlueLL_0625,10.87,7.49,13.4,14.1,1,0,1,0.0,True,False
5ab8c3fb9534ba0001c6b60d,4,Control,1,OnlyBlueLL_0625,AllColorsLH_0617,7.49,9.39,7.5,6.1,1,1,0,0.0,False,True
66107a3619b2031a5256b327,5,Salient-Contrast,1,AllColorsLL1_0526,AllColorsLH_0617,6.48,9.39,3.5,6.1,1,1,1,33.0,True,True
6100105892a2248ae5d48498,1,Random,0,AllColorsLL1_0526,OnlyGreenLL_0429,6.48,1.88,10.9,7.3,0,1,1,38.0,False,False
6100105892a2248ae5d48498,2,Random,0,AllColorsLL1_0526,AllColorsLH_0617,6.48,9.39,5.6,11.4,1,1,1,25.0,True,True
6100105892a2248ae5d48498,3,Random,0,AllColorsLH_0617,OnlyBlueLH_0706,9.39,8.84,13.2,11.1,1,0,0,31.0,False,False
6100105892a2248ae5d48498,4,Random,0,OnlyBlueLH_0706,AllColorsLH_0617,8.84,9.39,3.8,5.7,0,0,0,44.0,True,True
6100105892a2248ae5d48498,5,Random,0,OnlyBlueLH_0706,OnlyBlueLL_0625,8.84,7.49,7.6,2.7,0,1,1,26.0,False,False
66703e9ca0e67f0864687e47,1,Same,0,AllColorsLL1_0526,AllColorsLH_0617,6.48,9.39,8.2,11.9,1,1,1,24.0,True,True
66703e9ca0e67f0864687e47,2,Same,0,AllColorsLH_0617,NoRedLH1_0612,9.39,10.87,13.2,14.4,0,0,0,38.0,True,True
66703e9ca0e67f0864687e47,3,Same,0,AllColorsLH_0617,NoRedLH1_0612,9.39,10.87,11.4,13.0,1,1,1,19.0,True,True
63d16bb09fbf6b74afb1a010,3,Random,0,AllColorsLL1_0526,AllColorsLH_0617,6.48,9.39,8.2,11.9,1,1,1,15.0,True,True
63d16bb09fbf6b74afb1a010,5,Random,0,AllColorsLH_0617,NoRedLH1_0612,9.39,10.87,10.9,13.4,0,0,0,45.0,True,True
5b10527374db8f00013fdc57,1,Salient-Contrast,0,AllColorsLL1_0526,AllColorsLH_0617,6.48,9.39,5.6,11.4,1,1,1,24.0,True,True
5b10527374db8f00013fdc57,2,Salient-Contrast,0,AllColorsLH_0617,AllColorsLL1_0526,9.39,6.48,8.9,9.3,0,1,0,14.0,True,False
5b10527374db8f00013fdc57,3,Salient-Contrast,0,AllColorsLH_0617,OnlyBlueLL_0625,9.39,7.49,6.1,7.5,0,1,0,20.0,True,False
5b10527374db8f00013fdc57,4,Salient-Contrast,0,AllColorsLH_0617,OnlyBlueLH_0706,9.39,8.84,10.9,11.5,1,0,1,21.0,True,False
58a1fe40ea3d11000170d9b9,1,Same,1,AllColorsLL1_0526,OnlyBlueLH_0706,6.48,8.84,11.9,12.8,1,1,1,14.0,True,True
58a1fe40ea3d11000170d9b9,2,Same,1,OnlyBlueLH_0706,AllColorsLL1_0526,8.84,6.48,7.8,4.9,0,1,1,12.0,False,False
58a1fe40ea3d11000170d9b9,3,Same,1,OnlyBlueLH_0706,OnlyBlueLL_0625,8.84,7.49,7.6,2.7,0,1,1,11.0,False,False
58a1fe40ea3d11000170d9b9,4,Same,1,OnlyBlueLH_0706,NoRedLH1_0612,8.84,10.87,7.7,9.5,1,1,1,8.0,True,True
62ceeffea6d9872b4adeee6f,2,Same,1,AllColorsLL1_0526,OnlyGreenLL_0429,6.48,1.88,9.3,7.0,0,1,1,45.0,False,False
62ceeffea6d9872b4adeee6f,3,Same,1,AllColorsLL1_0526,OnlyBlueLH_0706,6.48,8.84,10.9,11.5,1,1,1,67.0,True,True
62ceeffea6d9872b4adeee6f,4,Same,1,OnlyBlueLH_0706,OnlyBlueLL_0625,8.84,7.49,7.6,2.7,0,1,1,90.0,False,False
62ceeffea6d9872b4adeee6f,5,Same,1,OnlyBlueLH_0706,AllColorsLH_0617,8.84,9.39,7.4,9.8,1,1,1,34.0,True,True
62a4c0b7a811ed5b57009081,1,Same,0,AllColorsLL1_0526,OnlyBlueLH_0706,6.48,8.84,8.2,11.6,1,1,1,111.0,True,True
62a4c0b7a811ed5b57009081,3,Same,0,OnlyBlueLH_0706,AllColorsLH_0617,8.84,9.39,7.8,7.2,0,0,1,110.0,False,True
5de3d4fc1d61c93cd498bb92,1,Salient-Contrast,1,AllColorsLL1_0526,OnlyBlueLH_0706,6.48,8.84,2.9,3.8,1,1,1,41.0,True,True
5de3d4fc1d61c93cd498bb92,2,Salient-Contrast,1,OnlyBlueLH_0706,AllColorsLH_0617,8.84,9.39,11.5,10.9,1,1,0,95.0,False,True
5de3d4fc1d61c93cd498bb92,3,Salient-Contrast,1,AllColorsLH_0617,NoRedLH1_0612,9.39,10.87,11.0,11.4,1,1,1,75.0,True,True
5f818c9c145bf623caf8d14b,1,Random,0,AllColorsLL1_0526,AllColorsLH_0617,6.48,9.39,4.1,9.8,1,1,1,49.0,True,True
5f818c9c145bf623caf8d14b,2,Random,0,AllColorsLH_0617,NoRedLH1_0612,9.39,10.87,11.0,11.4,1,1,1,32.0,True,True
5f818c9c145bf623caf8d14b,5,Random,0,NoRedLH1_0612,AllColorsLL1_0526,10.87,6.48,9.1,7.6,1,0,0,22.0,False,False
677302ad15f7e3d0c1725fef,1,Random,0,AllColorsLL1_0526,AllColorsLH_0617,6.48,9.39,7.3,9.3,1,1,1,24.0,True,True
677302ad15f7e3d0c1725fef,2,Random,0,AllColorsLH_0617,OnlyBlueLH_0706,9.39,8.84,11.0,11.4,1,0,1,28.0,True,False
677302ad15f7e3d0c1725fef,4,Random,0,OnlyBlueLH_0706,AllColorsLH_0617,8.84,9.39,7.6,7.8,1,1,1,16.0,True,True
677302ad15f7e3d0c1725fef,5,Random,0,AllColorsLH_0617,OnlyBlueLL_0625,9.39,7.49,10.8,3.6,1,0,0,10.0,False,False
6773dea609f77d473900997a,1,Control,1,AllColorsLL1_0526,OnlyBlueLL_0625,6.48,7.49,8.2,4.8,1,1,0,0.0,False,True
6773dea609f77d473900997a,2,Control,1,OnlyGreenLL_0429,AllColorsLH_0617,1.88,9.39,0.8,9.3,1,1,1,0.0,True,True
6773dea609f77d473900997a,3,Control,1,AllColorsLH_0617,OnlyBlueLL_0625,9.39,7.49,7.8,2.7,1,0,0,0.0,False,False
6773dea609f77d473900997a,4,Control,1,NoRedLH1_0612,OnlyBlueLH_0706,10.87,8.84,12.2,8.6,1,0,0,0.0,False,False
5e3d57c40d3a26000edff2e1,1,Salient-Contrast,0,AllColorsLL1_0526,AllColorsLH_0617,6.48,9.39,3.7,11.0,0,0,0,15.0,True,True
5e3d57c40d3a26000edff2e1,2,Salient-Contrast,0,AllColorsLL1_0526,OnlyGreenLL_0429,6.48,1.88,8.2,-0.5,0,1,1,18.0,False,False
5e3d57c40d3a26000edff2e1,3,Salient-Contrast,0,AllColorsLL1_0526,OnlyBlueLH_0706,6.48,8.84,10.4,10.4,1,1,1,15.0,True,True
5e3d57c40d3a26000edff2e1,4,Salient-Contrast,0,OnlyBlueLH_0706,AllColorsLL1_0526,8.84,6.48,6.5,8.0,0,1,0,10.0,True,False
5e3d57c40d3a26000edff2e1,5,Salient-Contrast,0,OnlyBlueLH_0706,AllColorsLL1_0526,8.84,6.48,12.8,11.9,0,1,1,6.0,False,False
66e7381b679a09a5e859d755,1,Salient-Contrast,0,AllColorsLL1_0526,OnlyBlueLH_0706,6.48,8.84,6.7,9.7,1,1,1,41.0,True,True
66e7381b679a09a5e859d755,2,Salient-Contrast,0,OnlyBlueLH_0706,AllColorsLH_0617,8.84,9.39,7.4,9.8,0,0,0,30.0,True,True
66e7381b679a09a5e859d755,3,Salient-Contrast,0,OnlyBlueLH_0706,OnlyBlueLL_0625,8.84,7.49,7.6,2.7,0,1,1,30.0,False,False
66e7381b679a09a5e859d755,4,Salient-Contrast,0,OnlyBlueLH_0706,AllColorsLH_0617,8.84,9.39,7.6,7.8,1,1,1,41.0,True,True
66e7381b679a09a5e859d755,5,Salient-Contrast,0,AllColorsLH_0617,NoRedLH1_0612,9.39,10.87,10.9,13.4,1,1,1,24.0,True,True
5eac3c1950fecd25d2d6d5ed,1,Control,1,AllColorsLL1_0526,AllColorsLH_0617,6.48,9.39,7.3,9.3,1,1,1,0.0,True,True
5eac3c1950fecd25d2d6d5ed,2,Control,1,AllColorsLH_0617,NoRedLH1_0612,9.39,10.87,9.8,10.2,1,1,1,0.0,True,True
66be3ed60ce8896e4feb1003,1,Random,0,AllColorsLL1_0526,OnlyBlueLH_0706,6.48,8.84,2.9,3.8,1,1,1,17.0,True,True
66be3ed60ce8896e4feb1003,2,Random,0,OnlyBlueLH_0706,AllColorsLH_0617,8.84,9.39,7.6,7.8,1,1,1,11.0,True,True
66be3ed60ce8896e4feb1003,3,Random,0,AllColorsLH_0617,OnlyBlueLL_0625,9.39,7.49,7.8,2.7,1,0,0,9.0,False,False
66be3ed60ce8896e4feb1003,4,Random,0,OnlyBlueLL_0625,AllColorsLH_0617,7.49,9.39,10.4,11.4,1,1,1,8.0,True,True
66be3ed60ce8896e4feb1003,5,Random,0,AllColorsLH_0617,NoRedLH1_0612,9.39,10.87,8.9,10.0,1,1,1,9.0,True,True
66b73f9ba035651170b94c76,1,Salient-Contrast,0,AllColorsLL1_0526,OnlyGreenLL_0429,6.48,1.88,8.0,8.4,1,0,1,15.0,True,False
66b73f9ba035651170b94c76,4,Salient-Contrast,0,OnlyGreenLL_0429,AllColorsLH_0617,1.88,9.39,-8.6,11.0,1,1,1,10.0,True,True
66b73f9ba035651170b94c76,5,Salient-Contrast,0,AllColorsLH_0617,NoRedLH1_0612,9.39,10.87,9.8,10.2,1,1,1,4.0,True,True
56b3edf12bac74000d89e452,1,Salient-Contrast,0,AllColorsLL1_0526,OnlyBlueLH_0706,6.48,8.84,10.4,10.4,1,1,1,25.0,True,True
56b3edf12bac74000d89e452,3,Salient-Contrast,0,OnlyBlueLH_0706,AllColorsLH_0617,8.84,9.39,3.8,5.7,1,1,1,18.0,True,True
56b3edf12bac74000d89e452,4,Salient-Contrast,0,AllColorsLH_0617,OnlyBlueLH_0706,9.39,8.84,10.9,11.5,1,0,1,15.0,True,False
56b3edf12bac74000d89e452,5,Salient-Contrast,0,OnlyBlueLH_0706,NoRedLH1_0612,8.84,10.87,12.8,14.7,1,1,1,19.0,True,True
660b46f30e0078173c658320,1,Random,0,AllColorsLL1_0526,OnlyGreenLL_0429,6.48,1.88,8.2,-0.5,0,1,1,11.0,False,False
660b46f30e0078173c658320,2,Random,0,AllColorsLL1_0526,OnlyGreenLL_0429,6.48,1.88,4.3,5.7,0,1,0,29.0,True,False
660b46f30e0078173c658320,4,Random,0,AllColorsLL1_0526,AllColorsLH_0617,6.48,9.39,2.9,5.7,1,1,1,21.0,True,True
660b46f30e0078173c658320,5,Random,0,AllColorsLH_0617,OnlyBlueLH_0706,9.39,8.84,13.2,11.1,1,0,0,33.0,False,False
5aafd9eff69e940001d88bf4,1,Same,1,AllColorsLL1_0526,OnlyBlueLH_0706,6.48,8.84,5.6,11.4,1,1,1,22.0,True,True
5aafd9eff69e940001d88bf4,5,Same,1,OnlyBlueLH_0706,AllColorsLH_0617,8.84,9.39,7.4,9.8,0,0,0,41.0,True,True
6683f9cded466c62ba631d9e,1,Same,1,AllColorsLL1_0526,AllColorsLH_0617,6.48,9.39,3.7,11.0,1,1,1,17.0,True,True
6683f9cded466c62ba631d9e,2,Same,1,AllColorsLH_0617,AllColorsLL1_0526,9.39,6.48,11.9,8.2,1,0,0,24.0,False,False
6683f9cded466c62ba631d9e,3,Same,1,AllColorsLL1_0526,OnlyBlueLH_0706,6.48,8.84,8.2,7.6,1,1,0,17.0,False,True
6683f9cded466c62ba631d9e,4,Same,1,OnlyBlueLH_0706,OnlyBlueLL_0625,8.84,7.49,7.6,2.7,0,1,1,24.0,False,False
6683f9cded466c62ba631d9e,5,Same,1,OnlyBlueLH_0706,NoRedLH1_0612,8.84,10.87,11.5,13.4,1,1,1,13.0,True,True
5e1829a4388ec910efd56602,1,Same,0,AllColorsLL1_0526,AllColorsLH_0617,6.48,9.39,7.6,10.8,1,1,1,32.0,True,True
5e1829a4388ec910efd56602,2,Same,0,AllColorsLH_0617,OnlyBlueLH_0706,9.39,8.84,9.3,7.7,1,0,0,21.0,False,False
5e1829a4388ec910efd56602,4,Same,0,OnlyBlueLH_0706,AllColorsLH_0617,8.84,9.39,3.8,5.7,1,1,1,17.0,True,True
5e1829a4388ec910efd56602,5,Same,0,AllColorsLH_0617,OnlyBlueLH_0706,9.39,8.84,10.9,11.5,1,0,1,26.0,True,False
5eea9efc609f0d1ad38199bd,1,Same,1,AllColorsLL1_0526,OnlyBlueLH_0706,6.48,8.84,10.4,10.4,1,1,1,12.0,True,True
5eea9efc609f0d1ad38199bd,2,Same,1,OnlyBlueLH_0706,AllColorsLL1_0526,8.84,6.48,11.5,10.9,1,0,0,13.0,False,False
5eea9efc609f0d1ad38199bd,4,Same,1,AllColorsLL1_0526,OnlyBlueLH_0706,6.48,8.84,4.4,11.1,1,1,1,11.0,True,True
5eea9efc609f0d1ad38199bd,5,Same,1,OnlyBlueLH_0706,AllColorsLH_0617,8.84,9.39,3.8,5.7,1,1,1,16.0,True,True
613e495d5991ed54f860fe9d,1,Random,0,AllColorsLL1_0526,OnlyGreenLL_0429,6.48,1.88,4.3,5.7,0,1,0,25.0,True,False
613e495d5991ed54f860fe9d,2,Random,0,AllColorsLL1_0526,AllColorsLH_0617,6.48,9.39,8.2,11.9,1,1,1,24.0,True,True
613e495d5991ed54f860fe9d,3,Random,0,AllColorsLH_0617,NoRedLH1_0612,9.39,10.87,7.8,9.3,1,1,1,13.0,True,True
665a2ec0103f8c77303c4a83,3,Same,0,AllColorsLL1_0526,AllColorsLH_0617,6.48,9.39,4.1,9.8,1,1,1,13.0,True,True
609ab94f178ec843226336a7,1,Control,1,AllColorsLL1_0526,AllColorsLH_0617,6.48,9.39,8.2,11.9,1,1,1,0.0,True,True
609ab94f178ec843226336a7,2,Control,1,AllColorsLH_0617,NoRedLH1_0612,9.39,10.87,10.8,14.7,1,1,1,0.0,True,True
5b985404a15058000124e508,1,Control,0,AllColorsLL1_0526,OnlyBlueLH_0706,6.48,8.84,3.7,11.4,1,1,1,0.0,True,True
5b985404a15058000124e508,2,Control,0,OnlyBlueLH_0706,NoRedLH1_0612,8.84,10.87,11.1,14.4,1,1,1,0.0,True,True
5b985404a15058000124e508,4,Control,0,NoRedLH1_0612,AllColorsLL1_0526,10.87,6.48,9.1,7.6,1,0,0,0.0,False,False
5b985404a15058000124e508,5,Control,0,AllColorsLL1_0526,AllColorsLL1_0526,6.48,9.39,7.6,10.8,1,1,1,0.0,True,True
6100906e671b8294f9ea93d8,1,Control,1,AllColorsLL1_0526,AllColorsLH_0617,6.48,9.39,7.3,9.3,1,1,1,0.0,True,True
6100906e671b8294f9ea93d8,2,Control,1,AllColorsLH_0617,NoRedLH1_0612,9.39,10.87,13.2,14.4,1,1,1,0.0,True,True
6100906e671b8294f9ea93d8,3,Control,1,NoRedLH1_0612,AllColorsLH_0617,10.87,9.39,14.7,10.8,1,0,0,0.0,False,False
6100906e671b8294f9ea93d8,4,Control,1,AllColorsLH_0617,NoRedLH1_0612,9.39,10.87,7.2,11.2,1,1,1,0.0,True,True
6100906e671b8294f9ea93d8,5,Control,1,NoRedLH1_0612,NoRedLH1_0612,10.87,9.39,10.2,9.8,1,0,0,0.0,False,False
5e2be3d254c76b227de0b72f,1,Salient-Contrast,1,AllColorsLL1_0526,AllColorsLH_0617,6.48,9.39,2.9,5.7,1,1,1,56.0,True,True
5e2be3d254c76b227de0b72f,2,Salient-Contrast,1,AllColorsLH_0617,OnlyBlueLL_0625,9.39,7.49,11.0,8.6,0,1,1,26.0,False,False
5e2be3d254c76b227de0b72f,3,Salient-Contrast,1,AllColorsLH_0617,OnlyBlueLH_0706,9.39,8.84,9.1,8.6,1,0,0,20.0,False,False
62029a55ef1cb18a1337c61a,1,Salient-Contrast,0,AllColorsLL1_0526,AllColorsLH_0617,6.48,9.39,4.1,9.8,1,1,1,36.0,True,True
62029a55ef1cb18a1337c61a,2,Salient-Contrast,0,AllColorsLH_0617,NoRedLH1_0612,9.39,10.87,10.8,14.7,1,1,1,21.0,True,True
62029a55ef1cb18a1337c61a,5,Salient-Contrast,0,NoRedLH1_0612,OnlyBlueLL_0625,10.87,7.49,12.2,10.2,0,1,1,28.0,False,False
67a577bd526d53b904219c1d,1,Control,1,AllColorsLL1_0526,OnlyBlueLL_0625,6.48,7.49,4.1,4.7,1,1,1,0.0,True,True
67a577bd526d53b904219c1d,2,Control,1,OnlyBlueLL_0625,AllColorsLL1_0526,7.49,6.48,7.6,9.3,1,0,1,0.0,True,False
67a577bd526d53b904219c1d,3,Control,1,AllColorsLL1_0526,OnlyBlueLH_0706,6.48,8.84,11.9,12.8,1,1,1,0.0,True,True
67a577bd526d53b904219c1d,4,Control,1,OnlyBlueLH_0706,NoRedLH1_0612,8.84,10.87,11.6,12.8,1,1,1,0.0,True,True
67a577bd526d53b904219c1d,5,Control,1,NoRedLH1_0612,NoRedLH1_0612,10.87,7.49,9.5,7.5,1,0,0,0.0,False,False
5be9e07b887ea400012b46e6,1,Random,0,AllColorsLL1_0526,AllColorsLH_0617,6.48,9.39,5.6,11.4,1,1,1,74.0,True,True
5be9e07b887ea400012b46e6,3,Random,0,AllColorsLH_0617,NoRedLH1_0612,9.39,10.87,9.8,10.2,1,1,1,33.0,True,True
5be9e07b887ea400012b46e6,5,Random,0,NoRedLH1_0612,OnlyBlueLL_0625,10.87,7.49,9.9,6.7,0,1,1,35.0,False,False
6678a6336d90a3a9973585c3,1,Salient-Contrast,0,AllColorsLL1_0526,AllColorsLH_0617,6.48,9.39,7.3,9.3,1,1,1,20.0,True,True
6678a6336d90a3a9973585c3,3,Salient-Contrast,0,AllColorsLH_0617,NoRedLH1_0612,9.39,10.87,11.0,11.4,1,1,1,31.0,True,True
6678a6336d90a3a9973585c3,4,Salient-Contrast,0,NoRedLH1_0612,AllColorsLH_0617,10.87,9.39,13.4,10.9,1,0,0,27.0,False,False
671d3690dc5df6d004cfb65e,1,Random,0,AllColorsLL1_0526,OnlyBlueLL_0625,6.48,7.49,10.4,10.4,1,1,1,11.0,True,True
671d3690dc5df6d004cfb65e,2,Random,0,OnlyBlueLL_0625,OnlyBlueLH_0706,7.49,8.84,10.2,8.6,1,1,0,9.0,False,True
66b37344796f45313433abc8,1,Random,0,AllColorsLL1_0526,AllColorsLH_0617,6.48,9.39,8.0,11.0,1,1,1,17.0,True,True
66b37344796f45313433abc8,2,Random,0,AllColorsLH_0617,NoRedLH1_0612,9.39,10.87,7.2,11.2,1,1,1,22.0,True,True
66b37344796f45313433abc8,3,Random,0,NoRedLH1_0612,OnlyBlueLH_0706,10.87,8.84,13.4,11.5,0,1,1,28.0,False,False
66b37344796f45313433abc8,5,Random,0,NoRedLH1_0612,OnlyBlueLL_0625,10.87,7.49,12.2,10.2,0,1,1,14.0,False,False
5caf6864971a7b0012dc7562,1,Salient-Contrast,0,AllColorsLL1_0526,AllColorsLH_0617,6.48,9.39,2.9,5.7,1,1,1,50.0,True,True
5caf6864971a7b0012dc7562,2,Salient-Contrast,0,AllColorsLH_0617,OnlyBlueLH_0706,9.39,8.84,10.9,11.5,0,1,0,12.0,True,False
5caf6864971a7b0012dc7562,4,Salient-Contrast,0,AllColorsLH_0617,OnlyBlueLL_0625,9.39,7.49,7.2,7.8,0,1,0,24.0,True,False
5caf6864971a7b0012dc7562,5,Salient-Contrast,0,AllColorsLH_0617,NoRedLH1_0612,9.39,10.87,8.9,10.0,1,1,1,16.0,True,True
605fbc12c61d8d10250f6e51,1,Same,1,AllColorsLL1_0526,AllColorsLH_0617,6.48,9.39,11.9,15.1,1,1,1,26.0,True,True
605fbc12c61d8d10250f6e51,2,Same,1,AllColorsLH_0617,AllColorsLL1_0526,9.39,6.48,7.8,8.2,1,0,1,19.0,True,False
605fbc12c61d8d10250f6e51,3,Same,1,AllColorsLL1_0526,AllColorsLH_0617,6.48,9.39,4.9,7.2,1,1,1,41.0,True,True
605fbc12c61d8d10250f6e51,4,Same,1,AllColorsLH_0617,NoRedLH1_0612,9.39,10.87,8.9,10.0,1,1,1,18.0,True,True
561cdc083d7fe800050f591a,1,Same,1,AllColorsLL1_0526,OnlyBlueLL_0625,6.48,7.49,6.7,9.7,1,1,1,48.0,True,True
561cdc083d7fe800050f591a,2,Same,1,OnlyBlueLL_0625,AllColorsLH_0617,7.49,9.39,6.7,11.0,1,1,1,39.0,True,True
561cdc083d7fe800050f591a,3,Same,1,AllColorsLH_0617,NoRedLH1_0612,9.39,10.87,5.7,9.1,1,1,1,36.0,True,True
6723a12849796982b39f3c28,1,Control,0,AllColorsLL1_0526,OnlyBlueLH_0706,6.48,8.84,10.9,11.5,1,1,1,0.0,True,True
6723a12849796982b39f3c28,2,Control,0,OnlyBlueLH_0706,NoRedLH1_0612,8.84,10.87,11.1,14.4,1,1,1,0.0,True,True
57aa0bdb9ff3e900014135d9,1,Random,1,AllColorsLL1_0526,OnlyGreenLL_0429,6.48,1.88,8.2,-0.5,1,0,0,33.0,False,False
57aa0bdb9ff3e900014135d9,2,Random,1,OnlyGreenLL_0429,AllColorsLL1_0526,1.88,6.48,4.5,11.9,1,1,1,22.0,True,True
57aa0bdb9ff3e900014135d9,3,Random,1,AllColorsLL1_0526,AllColorsLH_0617,6.48,9.39,7.3,9.3,1,1,1,6.0,True,True
64f9db6943940e98c173b596,1,Random,1,AllColorsLL1_0526,OnlyBlueLH_0706,6.48,8.84,10.9,11.5,1,1,1,22.0,True,True
64f9db6943940e98c173b596,2,Random,1,OnlyBlueLH_0706,AllColorsLH_0617,8.84,9.39,12.8,15.1,0,0,0,22.0,True,True
64f9db6943940e98c173b596,4,Random,1,OnlyBlueLH_0706,AllColorsLH_0617,8.84,9.39,3.8,5.7,1,1,1,13.0,True,True
64f9db6943940e98c173b596,5,Random,1,AllColorsLH_0617,NoRedLH1_0612,9.39,10.87,11.4,12.9,1,1,1,12.0,True,True
6578943bda60b06de1ba4628,1,Salient-Contrast,1,AllColorsLL1_0526,OnlyGreenLL_0429,6.48,1.88,8.2,-0.5,1,0,0,74.0,False,False
6578943bda60b06de1ba4628,2,Salient-Contrast,1,OnlyGreenLL_0429,AllColorsLH_0617,1.88,9.39,2.5,5.7,1,1,1,14.0,True,True
6578943bda60b06de1ba4628,3,Salient-Contrast,1,AllColorsLH_0617,OnlyBlueLL_0625,9.39,7.49,7.8,2.7,0,1,1,18.0,False,False
6578943bda60b06de1ba4628,4,Salient-Contrast,1,AllColorsLH_0617,NoRedLH1_0612,9.39,10.87,13.2,14.4,1,1,1,12.0,True,True
6578943bda60b06de1ba4628,5,Salient-Contrast,1,NoRedLH1_0612,OnlyBlueLL_0625,10.87,7.49,13.4,14.1,0,1,0,13.0,True,False
6773d6d84f06b14a316648aa,1,Salient-Contrast,1,AllColorsLL1_0526,AllColorsLH_0617,6.48,9.39,3.7,11.0,1,1,1,34.0,True,True
64137cf15dfe79e9ff198054,1,Salient-Contrast,0,AllColorsLL1_0526,OnlyBlueLH_0706,6.48,8.84,2.9,3.8,0,0,0,9.0,True,True
6658c56f3d9230d99c3e6752,1,Control,1,AllColorsLL1_0526,AllColorsLH_0617,6.48,9.39,6.7,9.3,1,1,1,0.0,True,True
6658c56f3d9230d99c3e6752,2,Control,1,AllColorsLH_0617,NoRedLH1_0612,9.39,10.87,9.3,9.5,1,1,1,0.0,True,True
6658c56f3d9230d99c3e6752,3,Control,1,NoRedLH1_0612,OnlyBlueLL_0625,10.87,7.49,9.9,6.7,1,0,0,0.0,False,False
6658c56f3d9230d99c3e6752,4,Control,1,OnlyBlueLL_0625,OnlyGreenLL_0429,7.49,1.88,2.7,-0.5,1,0,0,0.0,False,False
6658c56f3d9230d99c3e6752,5,Control,1,OnlyGreenLL_0429,OnlyGreenLL_0429,1.88,9.39,5.6,11.9,1,1,1,0.0,True,True
5c59baa95e09ea00015521d9,1,Salient-Contrast,0,AllColorsLL1_0526,OnlyGreenLL_0429,6.48,1.88,8.0,8.4,1,0,1,42.0,True,False
5c59baa95e09ea00015521d9,2,Salient-Contrast,0,OnlyGreenLL_0429,OnlyBlueLL_0625,1.88,7.49,-0.5,2.7,1,1,1,16.0,True,True
5c59baa95e09ea00015521d9,3,Salient-Contrast,0,OnlyBlueLL_0625,OnlyBlueLH_0706,7.49,8.84,9.9,12.8,1,1,1,12.0,True,True
5c59baa95e09ea00015521d9,5,Salient-Contrast,0,OnlyBlueLH_0706,AllColorsLH_0617,8.84,9.39,7.6,7.8,0,0,0,16.0,True,True
67322550bd5dfa0cd2958366,2,Salient-Contrast,0,AllColorsLL1_0526,AllColorsLH_0617,6.48,9.39,11.9,15.1,1,1,1,35.0,True,True
67322550bd5dfa0cd2958366,3,Salient-Contrast,0,AllColorsLH_0617,OnlyBlueLH_0706,9.39,8.84,10.9,11.5,1,0,1,20.0,True,False
67322550bd5dfa0cd2958366,4,Salient-Contrast,0,OnlyBlueLH_0706,AllColorsLH_0617,8.84,9.39,7.7,9.3,0,0,0,26.0,True,True
67322550bd5dfa0cd2958366,5,Salient-Contrast,0,OnlyBlueLH_0706,OnlyBlueLL_0625,8.84,7.49,8.6,10.2,1,0,1,21.0,True,False
6888fee2d5bd4d7b5582cd31,1,Salient-Contrast,0,AllColorsLL1_0526,OnlyGreenLL_0429,6.48,1.88,8.2,-0.5,1,0,0,73.0,False,False
6888fee2d5bd4d7b5582cd31,2,Salient-Contrast,0,OnlyGreenLL_0429,OnlyBlueLL_0625,1.88,7.49,-0.5,2.7,1,1,1,58.0,True,True
6888fee2d5bd4d7b5582cd31,3,Salient-Contrast,0,OnlyBlueLL_0625,AllColorsLH_0617,7.49,9.39,10.4,13.2,1,1,1,50.0,True,True
6888fee2d5bd4d7b5582cd31,5,Salient-Contrast,0,AllColorsLH_0617,NoRedLH1_0612,9.39,10.87,11.4,13.0,1,1,1,47.0,True,True
66d29886c53f1949f8275cba,1,Random,0,AllColorsLL1_0526,OnlyBlueLL_0625,6.48,7.49,5.6,10.2,1,1,1,32.0,True,True
66d29886c53f1949f8275cba,2,Random,0,OnlyBlueLL_0625,OnlyBlueLH_0706,7.49,8.84,7.5,9.5,1,1,1,19.0,True,True
66d29886c53f1949f8275cba,4,Random,0,OnlyBlueLH_0706,AllColorsLH_0617,8.84,9.39,7.6,7.8,1,1,1,51.0,True,True
5de30dd39a9da5342d09f2e8,1,Control,0,AllColorsLL1_0526,OnlyBlueLH_0706,6.48,8.84,9.3,7.6,1,1,0,0.0,False,True
63beebaa4c5884797ff00a98,1,Same,1,AllColorsLL1_0526,OnlyGreenLL_0429,6.48,1.88,7.6,7.5,1,0,0,63.0,False,False
63beebaa4c5884797ff00a98,2,Same,1,OnlyGreenLL_0429,OnlyBlueLH_0706,1.88,8.84,2.6,9.5,1,1,1,21.0,True,True
63beebaa4c5884797ff00a98,3,Same,1,OnlyBlueLH_0706,NoRedLH1_0612,8.84,10.87,11.5,13.4,0,0,0,30.0,True,True
63beebaa4c5884797ff00a98,4,Same,1,OnlyBlueLH_0706,AllColorsLH_0617,8.84,9.39,7.6,8.9,0,0,0,18.0,True,True
63beebaa4c5884797ff00a98,5,Same,1,OnlyBlueLH_0706,AllColorsLH_0617,8.84,9.39,7.6,7.8,1,1,1,26.0,True,True
66928f171518765c5f8cea5b,1,Salient-Contrast,0,AllColorsLL1_0526,OnlyBlueLH_0706,6.48,8.84,8.2,11.6,1,1,1,45.0,True,True
66928f171518765c5f8cea5b,2,Salient-Contrast,0,OnlyBlueLH_0706,NoRedLH1_0612,8.84,10.87,11.5,13.4,1,1,1,41.0,True,True
66928f171518765c5f8cea5b,3,Salient-Contrast,0,NoRedLH1_0612,AllColorsLL1_0526,10.87,6.48,9.5,3.5,0,1,1,87.0,False,False
66928f171518765c5f8cea5b,4,Salient-Contrast,0,NoRedLH1_0612,AllColorsLL1_0526,10.87,6.48,9.1,7.6,0,1,1,27.0,False,False
66928f171518765c5f8cea5b,5,Salient-Contrast,0,NoRedLH1_0612,AllColorsLH_0617,10.87,9.39,10.2,9.8,0,1,1,27.0,False,False
5f68fe5be5cc370c0a0911de,2,Control,0,AllColorsLL1_0526,OnlyGreenLL_0429,6.48,1.88,8.2,-0.5,1,0,0,0.0,False,False
5f68fe5be5cc370c0a0911de,3,Control,0,OnlyGreenLL_0429,OnlyBlueLL_0625,1.88,7.49,-0.5,2.7,1,1,1,0.0,True,True
5f68fe5be5cc370c0a0911de,4,Control,0,OnlyBlueLL_0625,OnlyGreenLL_0429,7.49,1.88,8.6,-8.6,1,0,0,0.0,False,False
5f68fe5be5cc370c0a0911de,5,Control,0,OnlyGreenLL_0429,OnlyGreenLL_0429,1.88,9.39,4.5,15.1,1,1,1,0.0,True,True
573dbfc9cc30e7000dc57410,1,Same,0,AllColorsLL1_0526,OnlyBlueLL_0625,6.48,7.49,8.2,11.6,1,1,1,28.0,True,True
573dbfc9cc30e7000dc57410,2,Same,0,OnlyBlueLL_0625,AllColorsLH_0617,7.49,9.39,7.5,6.1,1,1,0,15.0,False,True
573dbfc9cc30e7000dc57410,3,Same,0,AllColorsLH_0617,NoRedLH1_0612,9.39,10.87,5.7,9.1,1,1,1,34.0,True,True
573dbfc9cc30e7000dc57410,4,Same,0,NoRedLH1_0612,OnlyBlueLL_0625,10.87,7.49,9.1,2.7,0,1,1,34.0,False,False
573dbfc9cc30e7000dc57410,5,Same,0,NoRedLH1_0612,AllColorsLH_0617,10.87,9.39,10.2,9.8,1,0,0,87.0,False,False
5ddce9f0f85b50c4fc1515a4,1,Same,0,AllColorsLL1_0526,OnlyBlueLL_0625,6.48,7.49,4.3,10.2,1,1,1,14.0,True,True
5ddce9f0f85b50c4fc1515a4,2,Same,0,OnlyBlueLL_0625,OnlyGreenLL_0429,7.49,1.88,9.9,4.5,0,1,1,18.0,False,False
5ddce9f0f85b50c4fc1515a4,3,Same,0,OnlyBlueLL_0625,AllColorsLL1_0526,7.49,6.48,10.4,10.4,1,0,1,21.0,True,False
5ddce9f0f85b50c4fc1515a4,4,Same,0,AllColorsLL1_0526,AllColorsLH_0617,6.48,9.39,8.0,11.0,1,1,1,16.0,True,True
5ddce9f0f85b50c4fc1515a4,5,Same,0,AllColorsLH_0617,NoRedLH1_0612,9.39,10.87,11.4,12.9,1,1,1,18.0,True,True
6112bab70c61f8247ee7e228,1,Control,1,AllColorsLL1_0526,AllColorsLH_0617,6.48,9.39,4.9,7.2,1,1,1,0.0,True,True
6112bab70c61f8247ee7e228,3,Control,1,AllColorsLH_0617,AllColorsLH_0617,9.39,9.39,5.7,5.7,1,1,1,0.0,True,True
65654bb65a81489784483bf0,2,Same,0,AllColorsLL1_0526,NoRedLH1_0612,6.48,10.87,7.6,9.1,1,1,1,24.0,True,True
65654bb65a81489784483bf0,4,Same,0,NoRedLH1_0612,OnlyBlueLL_0625,10.87,7.49,9.9,6.7,0,1,1,55.0,False,False
5dd671942b033b5ec8bc97b4,1,Same,0,AllColorsLL1_0526,OnlyBlueLL_0625,6.48,7.49,5.6,10.2,1,1,1,28.0,True,True
5dd671942b033b5ec8bc97b4,2,Same,0,OnlyBlueLL_0625,AllColorsLH_0617,7.49,9.39,2.7,7.8,1,1,1,39.0,True,True
5dd671942b033b5ec8bc97b4,3,Same,0,AllColorsLH_0617,OnlyBlueLH_0706,9.39,8.84,9.3,9.7,1,0,1,19.0,True,False
5dd671942b033b5ec8bc97b4,4,Same,0,OnlyBlueLH_0706,AllColorsLH_0617,8.84,9.39,7.6,7.8,0,0,0,29.0,True,True
67e2b6561ccb8f5bb055cc85,3,Random,0,AllColorsLL1_0526,AllColorsLH_0617,6.48,9.39,4.9,7.2,1,1,1,48.0,True,True
5f048fdc0aea5b0ae3215fc9,1,Control,0,AllColorsLL1_0526,OnlyGreenLL_0429,6.48,1.88,8.2,-0.5,1,0,0,0.0,False,False
5f048fdc0aea5b0ae3215fc9,4,Control,0,OnlyGreenLL_0429,OnlyBlueLH_0706,1.88,8.84,4.4,7.4,1,1,1,0.0,True,True
5e2ac2aa0038f21089a533a4,1,Random,0,AllColorsLL1_0526,AllColorsLH_0617,6.48,9.39,5.6,11.4,1,1,1,32.0,True,True
5e2ac2aa0038f21089a533a4,2,Random,0,AllColorsLH_0617,OnlyBlueLH_0706,9.39,8.84,10.9,11.5,1,0,1,48.0,True,False
5e2ac2aa0038f21089a533a4,3,Random,0,OnlyBlueLH_0706,OnlyBlueLL_0625,8.84,7.49,7.4,4.7,0,1,1,12.0,False,False
672f246d1d67d71960402ef8,1,Random,0,AllColorsLL1_0526,AllColorsLH_0617,6.48,9.39,8.2,11.9,1,1,1,70.0,True,True
672f246d1d67d71960402ef8,3,Random,0,AllColorsLH_0617,AllColorsLL1_0526,9.39,6.48,8.9,9.3,0,1,0,44.0,True,False
672f246d1d67d71960402ef8,4,Random,0,AllColorsLH_0617,NoRedLH1_0612,9.39,10.87,5.7,9.1,0,0,0,49.0,True,True
672f246d1d67d71960402ef8,5,Random,0,AllColorsLH_0617,NoRedLH1_0612,9.39,10.87,6.1,9.5,0,0,0,33.0,True,True
56b10faa6399f90011da710d,5,Random,0,AllColorsLL1_0526,OnlyBlueLL_0625,6.48,7.49,10.9,14.1,1,1,1,24.0,True,True
67448035804444614abdcc6c,1,Control,0,AllColorsLL1_0526,OnlyBlueLH_0706,6.48,8.84,5.6,11.4,1,1,1,0.0,True,True
67448035804444614abdcc6c,2,Control,0,OnlyBlueLH_0706,AllColorsLL1_0526,8.84,6.48,7.6,9.3,1,0,1,0.0,True,False
67448035804444614abdcc6c,3,Control,0,AllColorsLL1_0526,OnlyBlueLH_0706,6.48,8.84,2.9,3.8,1,1,1,0.0,True,True
67448035804444614abdcc6c,4,Control,0,OnlyBlueLH_0706,NoRedLH1_0612,8.84,10.87,12.8,14.7,1,1,1,0.0,True,True
67448035804444614abdcc6c,5,Control,0,NoRedLH1_0612,NoRedLH1_0612,10.87,8.84,9.5,9.5,1,0,1,0.0,True,False
668d82d4a86891ad552112b1,1,Control,0,AllColorsLL1_0526,AllColorsLH_0617,6.48,9.39,9.3,8.9,1,1,0,0.0,False,True
668d82d4a86891ad552112b1,2,Control,0,AllColorsLH_0617,OnlyBlueLH_0706,9.39,8.84,11.4,11.4,1,0,1,0.0,True,False
668d82d4a86891ad552112b1,3,Control,0,OnlyBlueLH_0706,OnlyBlueLL_0625,8.84,7.49,12.8,3.6,1,0,0,0.0,False,False
668d82d4a86891ad552112b1,4,Control,0,OnlyBlueLL_0625,OnlyGreenLL_0429,7.49,1.88,7.8,-5.4,1,0,0,0.0,False,False
668d82d4a86891ad552112b1,5,Control,0,OnlyGreenLL_0429,OnlyGreenLL_0429,1.88,6.48,-0.5,8.2,1,1,1,0.0,True,True
6759cf4aa98832e7c32a61b3,1,Salient-Contrast,1,AllColorsLL1_0526,AllColorsLH_0617,6.48,9.39,2.9,5.7,1,1,1,40.0,True,True
6759cf4aa98832e7c32a61b3,2,Salient-Contrast,1,AllColorsLH_0617,NoRedLH1_0612,9.39,10.87,8.9,10.0,1,1,1,48.0,True,True
62b0a3fa60084743d22ad31c,1,Random,1,AllColorsLL1_0526,AllColorsLH_0617,6.48,9.39,10.4,11.4,1,1,1,73.0,True,True
62b0a3fa60084743d22ad31c,3,Random,1,AllColorsLH_0617,AllColorsLL1_0526,9.39,6.48,10.8,7.6,0,1,1,39.0,False,False
62b0a3fa60084743d22ad31c,5,Random,1,AllColorsLH_0617,OnlyBlueLH_0706,9.39,8.84,10.9,11.5,1,0,1,10.0,True,False
681b781064a5701a5ceee3bc,1,Control,0,AllColorsLL1_0526,AllColorsLH_0617,6.48,9.39,4.9,7.2,1,1,1,0.0,True,True
681b781064a5701a5ceee3bc,2,Control,0,AllColorsLH_0617,AllColorsLH_0617,9.39,6.48,11.4,5.6,1,0,0,0.0,False,False
5f6660dbdd831c230e132024,1,Random,0,AllColorsLL1_0526,OnlyBlueLH_0706,6.48,8.84,6.7,9.7,0,0,0,104.0,True,True
5f6660dbdd831c230e132024,2,Random,0,AllColorsLL1_0526,AllColorsLH_0617,6.48,9.39,2.9,5.7,0,0,0,56.0,True,True
5f6660dbdd831c230e132024,3,Random,0,AllColorsLL1_0526,AllColorsLH_0617,6.48,9.39,7.3,9.3,1,1,1,58.0,True,True
5f6660dbdd831c230e132024,4,Random,0,AllColorsLH_0617,NoRedLH1_0612,9.39,10.87,11.4,12.9,0,0,0,49.0,True,True
5f6660dbdd831c230e132024,5,Random,0,AllColorsLH_0617,NoRedLH1_0612,9.39,10.87,8.9,10.0,0,0,0,57.0,True,True
5b9095901e21c10001e9e8ee,1,Salient-Contrast,0,AllColorsLL1_0526,OnlyBlueLH_0706,6.48,8.84,4.9,7.8,1,1,1,69.0,True,True
5b9095901e21c10001e9e8ee,4,Salient-Contrast,0,OnlyBlueLH_0706,AllColorsLH_0617,8.84,9.39,3.8,5.7,1,1,1,25.0,True,True
5b9095901e21c10001e9e8ee,5,Salient-Contrast,0,AllColorsLH_0617,OnlyBlueLH_0706,9.39,8.84,9.1,8.6,0,1,1,116.0,False,False
674f22af21d6a0d92c657422,1,Random,0,AllColorsLL1_0526,OnlyGreenLL_0429,6.48,1.88,3.5,2.6,1,0,0,23.0,False,False
674f22af21d6a0d92c657422,2,Random,0,OnlyGreenLL_0429,AllColorsLL1_0526,1.88,6.48,4.4,4.1,1,1,0,12.0,False,True
674f22af21d6a0d92c657422,5,Random,0,AllColorsLL1_0526,OnlyGreenLL_0429,6.48,1.88,8.2,-0.5,1,0,0,18.0,False,False
641a43f78351cc4fefe31190,2,Same,0,AllColorsLL1_0526,AllColorsLH_0617,6.48,9.39,3.7,11.0,1,1,1,27.0,True,True
641a43f78351cc4fefe31190,3,Same,0,AllColorsLH_0617,OnlyBlueLL_0625,9.39,7.49,7.8,2.7,0,1,1,17.0,False,False
650c3f3a36d72f87324d708f,1,Salient-Contrast,1,AllColorsLL1_0526,OnlyGreenLL_0429,6.48,1.88,9.3,7.0,0,1,1,80.0,False,False
650c3f3a36d72f87324d708f,2,Salient-Contrast,1,AllColorsLL1_0526,OnlyBlueLH_0706,6.48,8.84,4.9,7.8,1,1,1,61.0,True,True
650c3f3a36d72f87324d708f,3,Salient-Contrast,1,OnlyBlueLH_0706,AllColorsLH_0617,8.84,9.39,3.8,5.7,1,1,1,29.0,True,True
650c3f3a36d72f87324d708f,4,Salient-Contrast,1,AllColorsLH_0617,OnlyBlueLH_0706,9.39,8.84,9.1,8.6,1,0,0,55.0,False,False
607864ca34af93e712224f01,1,Control,0,AllColorsLL1_0526,AllColorsLH_0617,6.48,9.39,8.2,11.9,1,1,1,0.0,True,True
607864ca34af93e712224f01,2,Control,0,AllColorsLH_0617,NoRedLH1_0612,9.39,10.87,8.9,10.0,1,1,1,0.0,True,True
677052c959de45fd60f8d1a9,1,Salient-Contrast,0,AllColorsLL1_0526,AllColorsLH_0617,6.48,9.39,4.9,7.2,1,1,1,19.0,True,True
677bb2c5448379a16cbf0a9e,1,Salient-Contrast,1,AllColorsLL1_0526,OnlyBlueLH_0706,6.48,8.84,6.7,9.7,1,1,1,56.0,True,True
677bb2c5448379a16cbf0a9e,2,Salient-Contrast,1,OnlyBlueLH_0706,AllColorsLL1_0526,8.84,6.48,11.6,8.2,0,1,1,17.0,False,False
677bb2c5448379a16cbf0a9e,3,Salient-Contrast,1,OnlyBlueLH_0706,AllColorsLH_0617,8.84,9.39,7.4,9.8,1,1,1,23.0,True,True
677bb2c5448379a16cbf0a9e,4,Salient-Contrast,1,AllColorsLH_0617,NoRedLH1_0612,9.39,10.87,10.8,14.7,1,1,1,20.0,True,True
67c5998272715aa6a5130741,1,Same,1,AllColorsLL1_0526,AllColorsLH_0617,6.48,9.39,4.1,9.8,1,1,1,37.0,True,True
67c5998272715aa6a5130741,2,Same,1,AllColorsLH_0617,OnlyBlueLH_0706,9.39,8.84,10.9,11.5,1,0,1,35.0,True,False
67c5998272715aa6a5130741,3,Same,1,OnlyBlueLH_0706,AllColorsLL1_0526,8.84,6.48,7.6,9.3,1,0,1,47.0,True,False
67c5998272715aa6a5130741,4,Same,1,AllColorsLL1_0526,OnlyGreenLL_0429,6.48,1.88,8.2,-0.5,0,1,1,19.0,False,False
67c5998272715aa6a5130741,5,Same,1,AllColorsLL1_0526,OnlyBlueLH_0706,6.48,8.84,4.3,8.6,1,1,1,14.0,True,True
5eaec18fbb7b8901200d16dd,1,Control,1,AllColorsLL1_0526,AllColorsLH_0617,6.48,9.39,7.3,9.3,1,1,1,0.0,True,True
5eaec18fbb7b8901200d16dd,3,Control,1,AllColorsLH_0617,NoRedLH1_0612,9.39,10.87,13.2,14.4,1,1,1,0.0,True,True
6078b4ad9006e4f6572dde97,1,Control,0,AllColorsLL1_0526,AllColorsLH_0617,6.48,9.39,6.7,9.3,1,1,1,0.0,True,True
6078b4ad9006e4f6572dde97,2,Control,0,AllColorsLH_0617,NoRedLH1_0612,9.39,10.87,11.9,12.8,1,1,1,0.0,True,True
6078b4ad9006e4f6572dde97,3,Control,0,NoRedLH1_0612,AllColorsLH_0617,10.87,9.39,10.2,9.8,1,0,0,0.0,False,False
6078b4ad9006e4f6572dde97,4,Control,0,AllColorsLH_0617,NoRedLH1_0612,9.39,10.87,7.2,11.2,1,1,1,0.0,True,True
66a641d8eae42f430895d856,2,Same,0,AllColorsLL1_0526,AllColorsLH_0617,6.48,9.39,11.9,15.1,1,1,1,73.0,True,True
66a641d8eae42f430895d856,3,Same,0,AllColorsLH_0617,NoRedLH1_0612,9.39,10.87,13.2,14.4,1,1,1,35.0,True,True
66f87d84fcfe786a13ff1edb,2,Random,0,AllColorsLL1_0526,AllColorsLH_0617,6.48,9.39,3.7,11.0,1,1,1,16.0,True,True
66f87d84fcfe786a13ff1edb,3,Random,0,AllColorsLH_0617,AllColorsLL1_0526,9.39,6.48,7.8,7.6,1,0,0,19.0,False,False
66f87d84fcfe786a13ff1edb,5,Random,0,AllColorsLL1_0526,AllColorsLH_0617,6.48,9.39,8.0,11.0,1,1,1,19.0,True,True
66c2c77d5b9a0a6d850046bb,2,Same,0,AllColorsLL1_0526,OnlyBlueLH_0706,6.48,8.84,4.9,7.8,1,1,1,21.0,True,True
5959cf88dd044900012cd375,2,Random,0,AllColorsLL1_0526,OnlyGreenLL_0429,6.48,1.88,9.3,7.0,1,0,0,17.0,False,False
5959cf88dd044900012cd375,3,Random,0,OnlyGreenLL_0429,AllColorsLH_0617,1.88,9.39,4.4,9.8,0,0,0,39.0,True,True
5959cf88dd044900012cd375,4,Random,0,OnlyGreenLL_0429,OnlyBlueLL_0625,1.88,7.49,7.3,14.1,0,0,0,10.0,True,True
5959cf88dd044900012cd375,5,Random,0,OnlyGreenLL_0429,OnlyBlueLH_0706,1.88,8.84,5.7,8.6,1,1,1,10.0,True,True
599da21f872eec00019569ff,1,Random,0,AllColorsLL1_0526,AllColorsLH_0617,6.48,9.39,2.9,5.7,1,1,1,38.0,True,True
599da21f872eec00019569ff,2,Random,0,AllColorsLH_0617,NoRedLH1_0612,9.39,10.87,11.4,13.0,0,0,0,41.0,True,True
599da21f872eec00019569ff,3,Random,0,AllColorsLH_0617,NoRedLH1_0612,9.39,10.87,6.1,9.5,0,0,0,39.0,True,True
599da21f872eec00019569ff,4,Random,0,AllColorsLH_0617,NoRedLH1_0612,9.39,10.87,9.3,9.5,1,1,1,31.0,True,True
5a198755f2e3460001edc5c9,2,Same,0,AllColorsLL1_0526,OnlyBlueLH_0706,6.48,8.84,10.4,10.4,1,1,1,29.0,True,True
5a198755f2e3460001edc5c9,4,Same,0,OnlyBlueLH_0706,AllColorsLL1_0526,8.84,6.48,12.8,11.9,0,1,1,56.0,False,False
5d8cef3c28e183001a335ab0,3,Random,1,AllColorsLL1_0526,AllColorsLH_0617,6.48,9.39,11.9,15.1,1,1,1,21.0,True,True
5d8cef3c28e183001a335ab0,5,Random,1,AllColorsLH_0617,AllColorsLL1_0526,9.39,6.48,8.9,9.3,1,0,1,22.0,True,False
63469a362ae94cb99d4fd99a,1,Control,0,AllColorsLL1_0526,AllColorsLH_0617,6.48,9.39,4.1,9.8,1,1,1,0.0,True,True
63469a362ae94cb99d4fd99a,2,Control,0,AllColorsLH_0617,NoRedLH1_0612,9.39,10.87,11.4,13.0,1,1,1,0.0,True,True
63469a362ae94cb99d4fd99a,5,Control,0,NoRedLH1_0612,NoRedLH1_0612,10.87,7.49,13.4,14.1,1,0,1,0.0,True,False
65cd90916d6c5ca9f796e9a3,1,Salient-Contrast,1,AllColorsLL1_0526,AllColorsLH_0617,6.48,9.39,7.3,9.3,1,1,1,54.0,True,True
65cd90916d6c5ca9f796e9a3,2,Salient-Contrast,1,AllColorsLH_0617,NoRedLH1_0612,9.39,10.87,5.7,9.1,1,1,1,21.0,True,True
617323e630f3fa36361cb35b,2,Same,1,AllColorsLL1_0526,OnlyGreenLL_0429,6.48,1.88,3.5,2.6,1,0,0,17.0,False,False
617323e630f3fa36361cb35b,4,Same,1,OnlyGreenLL_0429,OnlyBlueLL_0625,1.88,7.49,4.4,4.7,0,0,0,35.0,True,True
603b9be389c6cf7d0dd74fd1,1,Control,1,AllColorsLL1_0526,OnlyBlueLH_0706,6.48,8.84,2.9,3.8,1,1,1,0.0,True,True
603b9be389c6cf7d0dd74fd1,2,Control,1,OnlyBlueLH_0706,AllColorsLL1_0526,8.84,6.48,11.5,10.9,1,0,0,0.0,False,False
603b9be389c6cf7d0dd74fd1,3,Control,1,AllColorsLL1_0526,OnlyGreenLL_0429,6.48,1.88,3.5,2.6,1,0,0,0.0,False,False
603b9be389c6cf7d0dd74fd1,4,Control,1,OnlyGreenLL_0429,AllColorsLH_0617,1.88,9.39,4.4,9.8,1,1,1,0.0,True,True
603b9be389c6cf7d0dd74fd1,5,Control,1,AllColorsLH_0617,AllColorsLH_0617,9.39,10.87,7.8,9.1,1,1,1,0.0,True,True
66d40c57f897feb5421947d4,1,Random,1,AllColorsLL1_0526,AllColorsLH_0617,6.48,9.39,4.1,9.8,1,1,1,34.0,True,True
66d40c57f897feb5421947d4,2,Random,1,AllColorsLH_0617,OnlyBlueLH_0706,9.39,8.84,11.9,11.6,0,1,1,17.0,False,False
66d40c57f897feb5421947d4,3,Random,1,AllColorsLH_0617,OnlyBlueLH_0706,9.39,8.84,9.3,7.7,1,0,0,12.0,False,False
66d40c57f897feb5421947d4,4,Random,1,OnlyBlueLH_0706,NoRedLH1_0612,8.84,10.87,6.5,9.9,1,1,1,8.0,True,True
571b79495d40840009c448fe,1,Same,0,AllColorsLL1_0526,OnlyBlueLL_0625,6.48,7.49,3.5,7.5,1,1,1,14.0,True,True
571b79495d40840009c448fe,3,Same,0,OnlyBlueLL_0625,AllColorsLL1_0526,7.49,6.48,9.9,11.9,1,0,1,12.0,True,False
571b79495d40840009c448fe,4,Same,0,AllColorsLL1_0526,OnlyGreenLL_0429,6.48,1.88,8.2,-0.5,0,1,1,15.0,False,False
571b79495d40840009c448fe,5,Same,0,AllColorsLL1_0526,AllColorsLH_0617,6.48,9.39,6.7,9.3,1,1,1,11.0,True,True
6128279b17af1258eba39ada,1,Control,1,AllColorsLL1_0526,OnlyBlueLH_0706,6.48,8.84,9.3,7.6,1,1,0,0.0,False,True
6128279b17af1258eba39ada,5,Control,1,OnlyBlueLH_0706,OnlyBlueLH_0706,8.84,6.48,7.6,7.6,1,0,1,0.0,True,False
669b46825041be036247d1a2,1,Salient-Contrast,1,AllColorsLL1_0526,OnlyBlueLH_0706,6.48,8.84,3.5,9.5,1,1,1,24.0,True,True
669b46825041be036247d1a2,2,Salient-Contrast,1,OnlyBlueLH_0706,NoRedLH1_0612,8.84,10.87,11.4,11.4,1,1,1,34.0,True,True
669b46825041be036247d1a2,5,Salient-Contrast,1,NoRedLH1_0612,AllColorsLH_0617,10.87,9.39,10.0,8.9,1,0,0,36.0,False,False
65b92135e296f28cb1a093c3,1,Salient-Contrast,0,AllColorsLL1_0526,OnlyBlueLH_0706,6.48,8.84,10.9,11.5,1,1,1,36.0,True,True
65b92135e296f28cb1a093c3,3,Salient-Contrast,0,OnlyBlueLH_0706,NoRedLH1_0612,8.84,10.87,6.5,9.9,0,0,0,17.0,True,True
5fb551ccab996500099ab1aa,2,Random,0,AllColorsLL1_0526,OnlyBlueLH_0706,6.48,8.84,6.7,9.7,0,0,0,25.0,True,True
5fb551ccab996500099ab1aa,3,Random,0,AllColorsLL1_0526,OnlyBlueLH_0706,6.48,8.84,2.9,3.8,1,1,1,14.0,True,True
5fb551ccab996500099ab1aa,4,Random,0,OnlyBlueLH_0706,NoRedLH1_0612,8.84,10.87,11.1,14.4,0,0,0,16.0,True,True
6694154a46060b3c49b2d6fd,1,Control,0,AllColorsLL1_0526,OnlyGreenLL_0429,6.48,1.88,9.3,7.0,1,0,0,0.0,False,False
6694154a46060b3c49b2d6fd,2,Control,0,OnlyGreenLL_0429,AllColorsLH_0617,1.88,9.39,-0.5,7.8,1,1,1,0.0,True,True
6694154a46060b3c49b2d6fd,3,Control,0,AllColorsLH_0617,NoRedLH1_0612,9.39,10.87,11.4,13.0,1,1,1,0.0,True,True
6694154a46060b3c49b2d6fd,5,Control,0,NoRedLH1_0612,NoRedLH1_0612,10.87,6.48,9.1,7.6,1,0,0,0.0,False,False
6773dfa0391dd47ac7521b5b,1,Control,0,AllColorsLL1_0526,OnlyBlueLH_0706,6.48,8.84,6.7,9.7,1,1,1,0.0,True,True
6773dfa0391dd47ac7521b5b,4,Control,0,OnlyBlueLH_0706,OnlyBlueLL_0625,8.84,7.49,7.6,2.7,1,0,0,0.0,False,False
5f0c86cbe4af1361b7158f3e,1,Control,0,AllColorsLL1_0526,OnlyBlueLL_0625,6.48,7.49,6.7,9.7,1,1,1,0.0,True,True
5f0c86cbe4af1361b7158f3e,3,Control,0,OnlyBlueLL_0625,OnlyBlueLH_0706,7.49,8.84,10.4,11.1,1,1,1,0.0,True,True
5c91fad394f7e600172f9d4a,1,Control,0,AllColorsLL1_0526,AllColorsLH_0617,6.48,9.39,9.3,8.9,1,1,0,0.0,False,True
5c91fad394f7e600172f9d4a,3,Control,0,AllColorsLH_0617,AllColorsLL1_0526,9.39,6.48,7.8,7.6,1,0,0,0.0,False,False
5c91fad394f7e600172f9d4a,4,Control,0,AllColorsLL1_0526,AllColorsLH_0617,6.48,9.39,4.9,7.2,1,1,1,0.0,True,True
5c91fad394f7e600172f9d4a,5,Control,0,AllColorsLH_0617,AllColorsLH_0617,9.39,6.48,5.7,2.9,1,0,0,0.0,False,False
5e3723a2c0b2896ad554be73,2,Salient-Contrast,1,AllColorsLL1_0526,OnlyGreenLL_0429,6.48,1.88,4.1,4.4,0,1,0,21.0,True,False
5e3723a2c0b2896ad554be73,3,Salient-Contrast,1,AllColorsLL1_0526,AllColorsLH_0617,6.48,9.39,5.6,11.4,1,1,1,37.0,True,True
5e3723a2c0b2896ad554be73,4,Salient-Contrast,1,AllColorsLH_0617,AllColorsLL1_0526,9.39,6.48,8.9,9.3,0,1,0,39.0,True,False
5e3723a2c0b2896ad554be73,5,Salient-Contrast,1,AllColorsLH_0617,NoRedLH1_0612,9.39,10.87,9.3,9.5,1,1,1,29.0,True,True
5c4d8d706b23ab0001a34af2,1,Random,0,AllColorsLL1_0526,OnlyGreenLL_0429,6.48,1.88,4.3,5.7,0,1,0,0.0,True,False
5c4d8d706b23ab0001a34af2,2,Random,0,AllColorsLL1_0526,AllColorsLH_0617,6.48,9.39,4.4,13.2,1,1,1,14.0,True,True
5c4d8d706b23ab0001a34af2,5,Random,0,AllColorsLH_0617,NoRedLH1_0612,9.39,10.87,6.1,9.5,1,1,1,39.0,True,True
5ea97d9c3593b80714388e3d,1,Control,0,AllColorsLL1_0526,OnlyBlueLH_0706,6.48,8.84,10.4,10.4,1,1,1,0.0,True,True
5ea97d9c3593b80714388e3d,2,Control,0,OnlyBlueLH_0706,AllColorsLH_0617,8.84,9.39,7.6,7.8,1,1,1,0.0,True,True
5ea97d9c3593b80714388e3d,3,Control,0,AllColorsLH_0617,OnlyBlueLL_0625,9.39,7.49,9.3,9.7,1,0,1,0.0,True,False
5ea97d9c3593b80714388e3d,4,Control,0,OnlyBlueLL_0625,AllColorsLL1_0526,7.49,6.48,4.7,4.1,1,0,0,0.0,False,False
5ea97d9c3593b80714388e3d,5,Control,0,AllColorsLL1_0526,AllColorsLL1_0526,6.48,9.39,11.9,15.1,1,1,1,0.0,True,True
5fc59271971cc91189a1bdf0,1,Random,1,AllColorsLL1_0526,OnlyBlueLH_0706,6.48,8.84,4.9,7.8,1,1,1,86.0,True,True
5fc59271971cc91189a1bdf0,2,Random,1,OnlyBlueLH_0706,AllColorsLH_0617,8.84,9.39,7.6,7.8,1,1,1,125.0,True,True
5fc59271971cc91189a1bdf0,3,Random,1,AllColorsLH_0617,NoRedLH1_0612,9.39,10.87,11.9,12.8,1,1,1,29.0,True,True
5fc59271971cc91189a1bdf0,4,Random,1,NoRedLH1_0612,OnlyBlueLL_0625,10.87,7.49,14.7,3.6,0,1,1,26.0,False,False
672d98919cc177d28c204e76,1,Salient-Contrast,1,AllColorsLL1_0526,OnlyBlueLH_0706,6.48,8.84,7.6,12.8,1,1,1,13.0,True,True
672d98919cc177d28c204e76,2,Salient-Contrast,1,OnlyBlueLH_0706,OnlyBlueLL_0625,8.84,7.49,7.7,7.7,0,1,1,17.0,True,False
672d98919cc177d28c204e76,3,Salient-Contrast,1,OnlyBlueLH_0706,OnlyBlueLL_0625,8.84,7.49,7.6,2.7,0,1,1,19.0,False,False
672d98919cc177d28c204e76,4,Salient-Contrast,1,OnlyBlueLH_0706,AllColorsLL1_0526,8.84,6.48,6.5,8.0,0,1,0,13.0,True,False
672d98919cc177d28c204e76,5,Salient-Contrast,1,OnlyBlueLH_0706,NoRedLH1_0612,8.84,10.87,11.1,14.4,0,0,0,16.0,True,True
5883d68d300c0b000113db56,1,Random,1,AllColorsLL1_0526,OnlyBlueLH_0706,6.48,8.84,4.3,8.6,1,1,1,37.0,True,True
5883d68d300c0b000113db56,5,Random,1,OnlyBlueLH_0706,AllColorsLH_0617,8.84,9.39,3.8,5.7,1,1,1,43.0,True,True
5fc5b8714f337d14db11f49c,1,Salient-Contrast,0,AllColorsLL1_0526,OnlyGreenLL_0429,6.48,1.88,4.3,5.7,0,1,0,24.0,True,False
5fc5b8714f337d14db11f49c,3,Salient-Contrast,0,AllColorsLL1_0526,OnlyBlueLL_0625,6.48,7.49,7.6,2.7,1,1,0,14.0,False,True
5e29cc3230cf9d03580c34bf,1,Same,0,AllColorsLL1_0526,OnlyBlueLH_0706,6.48,8.84,10.9,11.5,1,1,1,63.0,True,True
5e29cc3230cf9d03580c34bf,2,Same,0,OnlyBlueLH_0706,AllColorsLH_0617,8.84,9.39,3.8,5.7,1,1,1,48.0,True,True
5e29cc3230cf9d03580c34bf,4,Same,0,AllColorsLH_0617,NoRedLH1_0612,9.39,10.87,7.8,9.3,1,1,1,17.0,True,True
5e29cc3230cf9d03580c34bf,5,Same,0,NoRedLH1_0612,AllColorsLL1_0526,10.87,6.48,9.1,7.6,0,1,1,32.0,False,False
654e37a130d94b47675dcebe,1,Salient-Contrast,0,AllColorsLL1_0526,OnlyGreenLL_0429,6.48,1.88,4.3,5.7,0,1,0,14.0,True,False
654e37a130d94b47675dcebe,2,Salient-Contrast,0,AllColorsLL1_0526,AllColorsLH_0617,6.48,9.39,3.5,6.1,1,1,1,11.0,True,True
654e37a130d94b47675dcebe,3,Salient-Contrast,0,AllColorsLH_0617,NoRedLH1_0612,9.39,10.87,10.9,13.4,1,1,1,15.0,True,True
654e37a130d94b47675dcebe,5,Salient-Contrast,0,NoRedLH1_0612,AllColorsLL1_0526,10.87,6.48,10.0,9.3,0,1,1,8.0,False,False
6108d2066bcc43df291c93f7,1,Control,0,AllColorsLL1_0526,OnlyBlueLL_0625,6.48,7.49,6.7,9.7,1,1,1,0.0,True,True
6108d2066bcc43df291c93f7,2,Control,0,OnlyBlueLL_0625,AllColorsLL1_0526,7.49,6.48,7.6,9.3,1,0,1,0.0,True,False
6108d2066bcc43df291c93f7,3,Control,0,AllColorsLL1_0526,OnlyGreenLL_0429,6.48,1.88,8.0,8.4,1,0,1,0.0,True,False
6108d2066bcc43df291c93f7,4,Control,0,OnlyGreenLL_0429,OnlyBlueLL_0625,1.88,7.49,2.6,7.5,1,1,1,0.0,True,True
6108d2066bcc43df291c93f7,5,Control,0,OnlyBlueLL_0625,OnlyBlueLL_0625,7.49,6.48,8.6,3.7,1,0,0,0.0,False,False
66d6376eb15526056851d558,1,Same,0,AllColorsLL1_0526,AllColorsLH_0617,6.48,9.39,6.7,9.3,0,0,0,108.0,True,True
66d6376eb15526056851d558,2,Same,0,AllColorsLL1_0526,AllColorsLH_0617,6.48,9.39,7.6,10.8,1,1,1,65.0,True,True
66d6376eb15526056851d558,3,Same,0,AllColorsLH_0617,NoRedLH1_0612,9.39,10.87,9.1,12.2,1,1,1,31.0,True,True
66d6376eb15526056851d558,5,Same,0,NoRedLH1_0612,AllColorsLH_0617,10.87,9.39,9.5,9.3,0,1,1,40.0,False,False
677b8e386966144d94556597,1,Salient-Contrast,1,AllColorsLL1_0526,OnlyBlueLH_0706,6.48,8.84,10.9,11.5,1,1,1,25.0,True,True
677b8e386966144d94556597,3,Salient-Contrast,1,OnlyBlueLH_0706,AllColorsLL1_0526,8.84,6.48,11.6,8.2,0,1,1,18.0,False,False
677b8e386966144d94556597,4,Salient-Contrast,1,OnlyBlueLH_0706,NoRedLH1_0612,8.84,10.87,11.1,14.4,1,1,1,14.0,True,True
5f5de7ba9a3ef664001fe837,1,Random,1,AllColorsLL1_0526,AllColorsLH_0617,6.48,9.39,4.1,9.8,0,0,0,6.0,True,True
5f5de7ba9a3ef664001fe837,2,Random,1,AllColorsLL1_0526,AllColorsLH_0617,6.48,9.39,4.3,9.1,0,0,0,9.0,True,True
5f5de7ba9a3ef664001fe837,3,Random,1,AllColorsLL1_0526,OnlyBlueLL_0625,6.48,7.49,8.2,11.6,0,0,0,6.0,True,True
5f5de7ba9a3ef664001fe837,4,Random,1,AllColorsLL1_0526,OnlyBlueLL_0625,6.48,7.49,3.7,8.6,0,0,0,5.0,True,True
5f5de7ba9a3ef664001fe837,5,Random,1,AllColorsLL1_0526,OnlyBlueLH_0706,6.48,8.84,6.7,9.7,0,0,0,5.0,True,True
676f2ff678d74407b518207d,3,Same,0,AllColorsLL1_0526,OnlyBlueLL_0625,6.48,7.49,3.5,7.5,1,1,1,16.0,True,True
676f2ff678d74407b518207d,4,Same,0,OnlyBlueLL_0625,OnlyGreenLL_0429,7.49,1.88,6.7,8.4,1,0,1,14.0,True,False
676f2ff678d74407b518207d,5,Same,0,OnlyGreenLL_0429,OnlyBlueLL_0625,1.88,7.49,-5.4,7.8,1,1,1,20.0,True,True
5f149a954d733b51cc1175d2,1,Salient-Contrast,1,AllColorsLL1_0526,OnlyGreenLL_0429,6.48,1.88,8.2,5.6,1,0,0,44.0,False,False
5f149a954d733b51cc1175d2,4,Salient-Contrast,1,OnlyGreenLL_0429,OnlyBlueLL_0625,1.88,7.49,-3.4,10.2,1,1,1,20.0,True,True
666332bdc5b6f8765b5e62f2,3,Random,1,AllColorsLL1_0526,AllColorsLH_0617,6.48,9.39,8.2,11.9,0,0,0,40.0,True,True
666332bdc5b6f8765b5e62f2,4,Random,1,AllColorsLL1_0526,OnlyGreenLL_0429,6.48,1.88,3.5,2.6,0,1,1,14.0,False,False
666332bdc5b6f8765b5e62f2,5,Random,1,AllColorsLL1_0526,OnlyBlueLH_0706,6.48,8.84,5.6,11.4,1,1,1,9.0,True,True
6501f7c274092e1270832a17,1,Same,0,AllColorsLL1_0526,AllColorsLH_0617,6.48,9.39,7.3,9.3,1,1,1,16.0,True,True
6501f7c274092e1270832a17,2,Same,0,AllColorsLH_0617,OnlyBlueLH_0706,9.39,8.84,6.1,9.5,1,0,1,48.0,True,False
6501f7c274092e1270832a17,3,Same,0,OnlyBlueLH_0706,NoRedLH1_0612,8.84,10.87,11.1,14.4,1,1,1,59.0,True,True
6501f7c274092e1270832a17,4,Same,0,NoRedLH1_0612,OnlyBlueLL_0625,10.87,7.49,13.4,14.1,1,0,1,37.0,True,False
6501f7c274092e1270832a17,5,Same,0,OnlyBlueLL_0625,AllColorsLH_0617,7.49,9.39,2.7,7.8,1,1,1,51.0,True,True
6658b1b56a1df274ee633fdc,1,Control,1,AllColorsLL1_0526,OnlyBlueLL_0625,6.48,7.49,3.7,8.6,1,1,1,0.0,True,True
6658b1b56a1df274ee633fdc,2,Control,1,OnlyBlueLL_0625,AllColorsLH_0617,7.49,9.39,7.5,6.1,1,1,0,0.0,False,True
6658b1b56a1df274ee633fdc,3,Control,1,AllColorsLH_0617,NoRedLH1_0612,9.39,10.87,13.2,14.4,1,1,1,0.0,True,True
67104c7deff954cb22438402,1,Same,1,AllColorsLL1_0526,OnlyGreenLL_0429,6.48,1.88,9.3,7.0,1,0,0,72.0,False,False
67104c7deff954cb22438402,2,Same,1,OnlyGreenLL_0429,AllColorsLH_0617,1.88,9.39,2.5,5.7,1,1,1,28.0,True,True
67104c7deff954cb22438402,4,Same,1,AllColorsLH_0617,OnlyBlueLL_0625,9.39,7.49,9.8,4.7,0,1,1,142.0,False,False
63038a4810d4751896ffcd01,2,Control,0,AllColorsLL1_0526,AllColorsLH_0617,6.48,9.39,4.9,7.2,1,1,1,0.0,True,True
63038a4810d4751896ffcd01,4,Control,0,AllColorsLH_0617,NoRedLH1_0612,9.39,10.87,11.4,12.9,1,1,1,0.0,True,True
6765e5d4ee75be7807670beb,1,Salient-Contrast,0,AllColorsLL1_0526,OnlyBlueLH_0706,6.48,8.84,10.4,10.4,1,1,1,25.0,True,True
6765e5d4ee75be7807670beb,3,Salient-Contrast,0,OnlyBlueLH_0706,NoRedLH1_0612,8.84,10.87,7.6,10.0,1,1,1,12.0,True,True
6765e5d4ee75be7807670beb,4,Salient-Contrast,0,NoRedLH1_0612,OnlyBlueLL_0625,10.87,7.49,13.4,14.1,0,1,0,27.0,True,False
6765e5d4ee75be7807670beb,5,Salient-Contrast,0,NoRedLH1_0612,AllColorsLH_0617,10.87,9.39,9.9,11.0,0,1,0,29.0,True,False
60ff1f78061fc7decaf31f11,1,Random,0,AllColorsLL1_0526,AllColorsLH_0617,6.48,9.39,7.6,10.8,1,1,1,32.0,True,True
60ff1f78061fc7decaf31f11,2,Random,0,AllColorsLH_0617,NoRedLH1_0612,9.39,10.87,5.7,9.1,1,1,1,33.0,True,True
60ff1f78061fc7decaf31f11,3,Random,0,NoRedLH1_0612,AllColorsLL1_0526,10.87,6.48,10.0,9.3,0,1,1,12.0,False,False
5f57be602095072bb238a7ab,1,Control,0,AllColorsLL1_0526,AllColorsLH_0617,6.48,9.39,4.9,7.2,1,1,1,0.0,True,True
5f57be602095072bb238a7ab,4,Control,0,AllColorsLH_0617,OnlyBlueLH_0706,9.39,8.84,10.9,11.5,1,0,1,0.0,True,False
5f57be602095072bb238a7ab,5,Control,0,OnlyBlueLH_0706,OnlyBlueLH_0706,8.84,9.39,10.4,11.4,1,1,1,0.0,True,True
67ca2b138e29010f04934911,2,Random,0,AllColorsLL1_0526,AllColorsLH_0617,6.48,9.39,5.6,11.4,0,0,0,64.0,True,True
67ca2b138e29010f04934911,3,Random,0,AllColorsLL1_0526,OnlyBlueLL_0625,6.48,7.49,4.9,7.8,1,1,1,15.0,True,True
67ca2b138e29010f04934911,4,Random,0,OnlyBlueLL_0625,AllColorsLH_0617,7.49,9.39,7.5,6.1,1,1,0,18.0,False,True
67ca2b138e29010f04934911,5,Random,0,AllColorsLH_0617,OnlyBlueLH_0706,9.39,8.84,9.3,9.7,1,0,1,13.0,True,False
67914a71e31261f2ae882759,1,Same,0,AllColorsLL1_0526,OnlyBlueLL_0625,6.48,7.49,6.7,9.7,1,1,1,46.0,True,True
67914a71e31261f2ae882759,2,Same,0,OnlyBlueLL_0625,AllColorsLL1_0526,7.49,6.48,4.8,8.2,1,0,1,45.0,True,False
67914a71e31261f2ae882759,3,Same,0,AllColorsLL1_0526,OnlyGreenLL_0429,6.48,1.88,9.3,7.0,1,0,0,61.0,False,False
67914a71e31261f2ae882759,4,Same,0,OnlyGreenLL_0429,OnlyBlueLL_0625,1.88,7.49,4.4,4.7,1,1,1,69.0,True,True
6722478c409070762121307f,1,Control,1,AllColorsLL1_0526,OnlyGreenLL_0429,6.48,1.88,9.3,7.0,1,0,0,0.0,False,False
6722478c409070762121307f,2,Control,1,OnlyGreenLL_0429,OnlyBlueLH_0706,1.88,8.84,-5.4,7.8,1,1,1,0.0,True,True
6722478c409070762121307f,3,Control,1,OnlyBlueLH_0706,OnlyBlueLL_0625,8.84,7.49,7.4,4.7,1,0,0,0.0,False,False
6722478c409070762121307f,4,Control,1,OnlyBlueLL_0625,OnlyGreenLL_0429,7.49,1.88,10.2,-3.4,1,0,0,0.0,False,False
6722478c409070762121307f,5,Control,1,OnlyGreenLL_0429,OnlyGreenLL_0429,1.88,6.48,2.5,2.9,1,1,1,0.0,True,True
5dbf261c3b89f23ccd3007af,1,Salient-Contrast,0,AllColorsLL1_0526,AllColorsLH_0617,6.48,9.39,3.7,11.0,1,1,1,17.0,True,True
6007421356226920359b5f3e,1,Same,0,AllColorsLL1_0526,AllColorsLH_0617,6.48,9.39,11.9,15.1,1,1,1,27.0,True,True
6007421356226920359b5f3e,2,Same,0,AllColorsLH_0617,OnlyBlueLH_0706,9.39,8.84,9.1,8.6,0,1,1,48.0,False,False
6007421356226920359b5f3e,3,Same,0,AllColorsLH_0617,NoRedLH1_0612,9.39,10.87,11.4,13.0,1,1,1,21.0,True,True
6007421356226920359b5f3e,5,Same,0,NoRedLH1_0612,AllColorsLL1_0526,10.87,6.48,10.0,9.3,0,1,1,38.0,False,False
66c9f523ec6668e0cfab755c,1,Control,0,AllColorsLL1_0526,OnlyGreenLL_0429,6.48,1.88,9.3,7.0,1,0,0,0.0,False,False
66c9f523ec6668e0cfab755c,2,Control,0,OnlyGreenLL_0429,OnlyBlueLH_0706,1.88,8.84,0.8,9.7,1,1,1,0.0,True,True
66c9f523ec6668e0cfab755c,3,Control,0,OnlyBlueLH_0706,AllColorsLL1_0526,8.84,6.48,10.4,10.4,1,0,1,0.0,True,False
66c9f523ec6668e0cfab755c,4,Control,0,AllColorsLL1_0526,OnlyBlueLH_0706,6.48,8.84,4.4,11.1,1,1,1,0.0,True,True
66c9f523ec6668e0cfab755c,5,Control,0,OnlyBlueLH_0706,OnlyBlueLH_0706,8.84,6.48,11.6,8.2,1,0,0,0.0,False,False
5d7fd2a5987f70001602d95b,1,Random,0,AllColorsLL1_0526,AllColorsLH_0617,6.48,9.39,4.1,9.8,1,1,1,284.0,True,True
5d7fd2a5987f70001602d95b,3,Random,0,AllColorsLH_0617,NoRedLH1_0612,9.39,10.87,10.9,13.4,1,1,1,29.0,True,True
6658b1b0d96a48e41e7e971a,2,Same,0,AllColorsLL1_0526,AllColorsLH_0617,6.48,9.39,3.7,11.0,1,1,1,22.0,True,True
6658b1b0d96a48e41e7e971a,3,Same,0,AllColorsLH_0617,NoRedLH1_0612,9.39,10.87,8.9,10.0,1,1,1,26.0,True,True
6658b1b0d96a48e41e7e971a,5,Same,0,NoRedLH1_0612,OnlyBlueLL_0625,10.87,7.49,12.8,11.6,1,0,0,19.0,False,False
66743f920e8215acd55b8eb3,1,Salient-Contrast,0,AllColorsLL1_0526,OnlyGreenLL_0429,6.48,1.88,8.0,8.4,0,1,0,55.0,True,False
66743f920e8215acd55b8eb3,2,Salient-Contrast,0,AllColorsLL1_0526,OnlyBlueLL_0625,6.48,7.49,3.5,7.5,1,1,1,68.0,True,True
66743f920e8215acd55b8eb3,3,Salient-Contrast,0,OnlyBlueLL_0625,AllColorsLH_0617,7.49,9.39,2.7,7.8,1,1,1,23.0,True,True
66743f920e8215acd55b8eb3,4,Salient-Contrast,0,AllColorsLH_0617,NoRedLH1_0612,9.39,10.87,10.8,14.7,1,1,1,16.0,True,True
6144b21806fb764e5f179bc2,1,Salient-Contrast,1,AllColorsLL1_0526,AllColorsLH_0617,6.48,9.39,7.6,10.8,1,1,1,33.0,True,True
6144b21806fb764e5f179bc2,2,Salient-Contrast,1,AllColorsLH_0617,NoRedLH1_0612,9.39,10.87,8.9,10.0,0,0,0,35.0,True,True
6144b21806fb764e5f179bc2,3,Salient-Contrast,1,AllColorsLH_0617,NoRedLH1_0612,9.39,10.87,9.8,10.2,1,1,1,31.0,True,True
6144b21806fb764e5f179bc2,5,Salient-Contrast,1,NoRedLH1_0612,AllColorsLH_0617,10.87,9.39,9.9,11.0,0,1,0,28.0,True,False
6776c927f9dc484f730bf614,2,Random,1,AllColorsLL1_0526,OnlyBlueLH_0706,6.48,8.84,3.7,11.4,1,1,1,56.0,True,True
6776c927f9dc484f730bf614,3,Random,1,OnlyBlueLH_0706,AllColorsLL1_0526,8.84,6.48,11.6,8.2,1,0,0,20.0,False,False
6776c927f9dc484f730bf614,5,Random,1,AllColorsLL1_0526,OnlyBlueLH_0706,6.48,8.84,10.4,10.4,0,0,1,30.0,True,True
5e39e1e2c8aeb01fe7aca4b6,1,Random,0,AllColorsLL1_0526,AllColorsLH_0617,6.48,9.39,5.6,11.4,1,1,1,16.0,True,True
5e39e1e2c8aeb01fe7aca4b6,2,Random,0,AllColorsLH_0617,AllColorsLL1_0526,9.39,6.48,7.2,4.9,0,1,1,25.0,False,False
5e39e1e2c8aeb01fe7aca4b6,4,Random,0,AllColorsLH_0617,AllColorsLL1_0526,9.39,6.48,6.1,3.5,0,1,1,15.0,False,False
5e39e1e2c8aeb01fe7aca4b6,5,Random,0,AllColorsLH_0617,NoRedLH1_0612,9.39,10.87,11.0,11.4,1,1,1,19.0,True,True
66d31a1b0515fe747830bab9,1,Random,1,AllColorsLL1_0526,OnlyGreenLL_0429,6.48,1.88,8.2,-0.5,1,0,0,21.0,False,False
66d31a1b0515fe747830bab9,2,Random,1,OnlyGreenLL_0429,AllColorsLL1_0526,1.88,6.48,2.4,10.4,0,0,0,11.0,True,True
67e461f383bb0fc948ffd5fd,1,Same,0,AllColorsLL1_0526,OnlyGreenLL_0429,6.48,1.88,10.9,7.3,1,0,0,32.0,False,False
67e461f383bb0fc948ffd5fd,2,Same,0,OnlyGreenLL_0429,AllColorsLH_0617,1.88,9.39,-0.5,7.8,1,1,1,34.0,True,True
67e461f383bb0fc948ffd5fd,3,Same,0,AllColorsLH_0617,OnlyBlueLH_0706,9.39,8.84,9.1,8.6,1,0,0,46.0,False,False
67e461f383bb0fc948ffd5fd,4,Same,0,OnlyBlueLH_0706,NoRedLH1_0612,8.84,10.87,7.7,9.5,1,1,1,20.0,True,True
67e461f383bb0fc948ffd5fd,5,Same,0,NoRedLH1_0612,AllColorsLL1_0526,10.87,6.48,10.0,9.3,0,1,1,48.0,False,False
67e069199f5b036960b0cc5f,1,Salient-Contrast,0,AllColorsLL1_0526,OnlyBlueLH_0706,6.48,8.84,7.6,7.6,1,1,1,15.0,True,True
67e069199f5b036960b0cc5f,2,Salient-Contrast,0,OnlyBlueLH_0706,OnlyBlueLL_0625,8.84,7.49,10.4,10.4,0,1,1,48.0,True,False
649ed52c6deb05c245aa42db,1,Control,0,AllColorsLL1_0526,OnlyBlueLH_0706,6.48,8.84,10.9,11.5,1,1,1,0.0,True,True
649ed52c6deb05c245aa42db,2,Control,0,OnlyBlueLH_0706,OnlyBlueLL_0625,8.84,7.49,8.6,10.2,1,0,1,0.0,True,False
649ed52c6deb05c245aa42db,3,Control,0,OnlyBlueLL_0625,OnlyBlueLH_0706,7.49,8.84,4.8,7.6,1,1,1,0.0,True,True
649ed52c6deb05c245aa42db,4,Control,0,OnlyBlueLH_0706,OnlyBlueLL_0625,8.84,7.49,7.6,2.7,1,0,0,0.0,False,False
649ed52c6deb05c245aa42db,5,Control,0,OnlyBlueLL_0625,OnlyBlueLL_0625,7.49,8.84,10.4,11.1,1,1,1,0.0,True,True
67d01671bd666a9fb9c603fb,1,Random,0,AllColorsLL1_0526,AllColorsLH_0617,6.48,9.39,4.1,9.8,1,1,1,66.0,True,True
67d01671bd666a9fb9c603fb,2,Random,0,AllColorsLH_0617,OnlyBlueLH_0706,9.39,8.84,9.3,7.7,1,0,0,64.0,False,False
67d01671bd666a9fb9c603fb,3,Random,0,OnlyBlueLH_0706,AllColorsLL1_0526,8.84,6.48,6.5,8.0,0,1,0,29.0,True,False
67e1dc9c35b6facf1079fb30,1,Salient-Contrast,1,AllColorsLL1_0526,AllColorsLH_0617,6.48,9.39,8.0,11.0,1,1,1,62.0,True,True
67e1dc9c35b6facf1079fb30,2,Salient-Contrast,1,AllColorsLH_0617,OnlyBlueLL_0625,9.39,7.49,7.8,2.7,0,1,1,31.0,False,False
67e1dc9c35b6facf1079fb30,3,Salient-Contrast,1,AllColorsLH_0617,NoRedLH1_0612,9.39,10.87,11.9,12.8,1,1,1,14.0,True,True
67e1dc9c35b6facf1079fb30,5,Salient-Contrast,1,NoRedLH1_0612,OnlyBlueLL_0625,10.87,7.49,13.4,14.1,0,1,0,15.0,True,False
676055469b245b53e81358d0,1,Same,0,AllColorsLL1_0526,OnlyBlueLL_0625,6.48,7.49,4.9,7.8,1,1,1,26.0,True,True
676055469b245b53e81358d0,2,Same,0,OnlyBlueLL_0625,OnlyGreenLL_0429,7.49,1.88,4.7,4.4,1,0,0,14.0,False,False
676055469b245b53e81358d0,3,Same,0,OnlyGreenLL_0429,AllColorsLH_0617,1.88,9.39,2.5,5.7,1,1,1,5.0,True,True
676055469b245b53e81358d0,4,Same,0,AllColorsLH_0617,NoRedLH1_0612,9.39,10.87,6.1,9.5,1,1,1,3.0,True,True
661ec48c618b7a27e5a9077a,1,Same,1,AllColorsLL1_0526,OnlyBlueLH_0706,6.48,8.84,4.3,8.6,1,1,1,76.0,True,True
661ec48c618b7a27e5a9077a,2,Same,1,OnlyBlueLH_0706,AllColorsLL1_0526,8.84,6.48,11.1,4.4,0,1,1,51.0,False,False
661ec48c618b7a27e5a9077a,3,Same,1,OnlyBlueLH_0706,AllColorsLL1_0526,8.84,6.48,7.7,7.3,0,1,1,45.0,False,False
672be724a1f9a800fcbd3d02,4,Salient-Contrast,0,AllColorsLL1_0526,OnlyBlueLH_0706,6.48,8.84,4.3,8.6,1,1,1,60.0,True,True
60e526b8c0bb71dce32c3166,1,Salient-Contrast,0,AllColorsLL1_0526,OnlyBlueLH_0706,6.48,8.84,4.3,8.6,1,1,1,52.0,True,True
60e526b8c0bb71dce32c3166,2,Salient-Contrast,0,OnlyBlueLH_0706,AllColorsLL1_0526,8.84,6.48,3.8,2.9,0,1,1,9.0,False,False
60e526b8c0bb71dce32c3166,3,Salient-Contrast,0,OnlyBlueLH_0706,AllColorsLH_0617,8.84,9.39,11.6,11.9,1,1,1,58.0,True,True
60e526b8c0bb71dce32c3166,4,Salient-Contrast,0,AllColorsLH_0617,NoRedLH1_0612,9.39,10.87,11.4,13.0,0,0,0,25.0,True,True
60e526b8c0bb71dce32c3166,5,Salient-Contrast,0,AllColorsLH_0617,OnlyBlueLL_0625,9.39,7.49,7.8,2.7,0,1,1,45.0,False,False
66f52b5788cb0f542d8b25d5,3,Random,1,AllColorsLL1_0526,OnlyBlueLL_0625,6.48,7.49,4.4,10.4,1,1,1,20.0,True,True
66f52b5788cb0f542d8b25d5,4,Random,1,OnlyBlueLL_0625,OnlyGreenLL_0429,7.49,1.88,7.7,-11.0,1,0,0,12.0,False,False
602d1d984787306b190f0b43,2,Same,0,AllColorsLL1_0526,OnlyBlueLH_0706,6.48,8.84,7.6,12.8,1,1,1,13.0,True,True
6604906b9c2bd27270e6cc2b,1,Control,0,AllColorsLL1_0526,OnlyBlueLL_0625,6.48,7.49,10.9,14.1,1,1,1,0.0,True,True
6604906b9c2bd27270e6cc2b,2,Control,0,OnlyBlueLL_0625,OnlyGreenLL_0429,7.49,1.88,3.6,7.5,1,0,1,0.0,True,False
6604906b9c2bd27270e6cc2b,3,Control,0,OnlyGreenLL_0429,AllColorsLH_0617,1.88,9.39,0.8,9.3,1,1,1,0.0,True,True
6604906b9c2bd27270e6cc2b,4,Control,0,AllColorsLH_0617,AllColorsLH_0617,9.39,7.49,7.2,7.8,1,0,1,0.0,True,False
62b5da77688feb883eba275d,1,Control,0,AllColorsLL1_0526,OnlyBlueLH_0706,6.48,8.84,4.3,8.6,1,1,1,0.0,True,True
62b5da77688feb883eba275d,3,Control,0,OnlyBlueLH_0706,AllColorsLH_0617,8.84,9.39,7.7,9.3,1,1,1,0.0,True,True
62b5da77688feb883eba275d,4,Control,0,AllColorsLH_0617,OnlyBlueLH_0706,9.39,8.84,10.9,11.5,1,0,1,0.0,True,False
62b5da77688feb883eba275d,5,Control,0,OnlyBlueLH_0706,OnlyBlueLH_0706,8.84,9.39,11.4,11.4,1,1,1,0.0,True,True
66c0f464e0ff62798027b486,2,Random,0,AllColorsLL1_0526,AllColorsLH_0617,6.48,9.39,7.6,7.8,1,1,1,55.0,True,True
66c0f464e0ff62798027b486,3,Random,0,AllColorsLH_0617,NoRedLH1_0612,9.39,10.87,8.9,10.0,1,1,1,66.0,True,True
66c0f464e0ff62798027b486,4,Random,0,NoRedLH1_0612,AllColorsLH_0617,10.87,9.39,9.9,11.0,0,1,0,45.0,True,False
66c0f464e0ff62798027b486,5,Random,0,NoRedLH1_0612,OnlyBlueLL_0625,10.87,7.49,12.8,11.6,1,0,0,40.0,False,False
63469da3cef76cc5b3523b97,1,Salient-Contrast,1,AllColorsLL1_0526,OnlyBlueLH_0706,6.48,8.84,8.0,6.5,1,1,0,26.0,False,True
63469da3cef76cc5b3523b97,2,Salient-Contrast,1,OnlyBlueLH_0706,AllColorsLH_0617,8.84,9.39,3.8,5.7,1,1,1,23.0,True,True
665cc6c3bc1bea935ccfebbf,1,Salient-Contrast,1,AllColorsLL1_0526,AllColorsLH_0617,6.48,9.39,4.1,9.8,1,1,1,48.0,True,True
665cc6c3bc1bea935ccfebbf,2,Salient-Contrast,1,AllColorsLH_0617,NoRedLH1_0612,9.39,10.87,8.9,10.0,1,1,1,21.0,True,True
665cc6c3bc1bea935ccfebbf,3,Salient-Contrast,1,NoRedLH1_0612,OnlyBlueLL_0625,10.87,7.49,9.9,6.7,0,1,1,22.0,False,False
66049315b5c325fdaafea8fa,1,Same,0,AllColorsLL1_0526,AllColorsLH_0617,6.48,9.39,7.6,10.8,1,1,1,30.0,True,True
66049315b5c325fdaafea8fa,2,Same,0,AllColorsLH_0617,OnlyBlueLL_0625,9.39,7.49,9.3,9.7,1,0,1,43.0,True,False
66049315b5c325fdaafea8fa,3,Same,0,OnlyBlueLL_0625,OnlyBlueLH_0706,7.49,8.84,10.2,8.6,1,1,0,59.0,False,True
66049315b5c325fdaafea8fa,4,Same,0,OnlyBlueLH_0706,AllColorsLL1_0526,8.84,6.48,11.5,10.9,0,1,1,31.0,False,False
66049315b5c325fdaafea8fa,5,Same,0,OnlyBlueLH_0706,AllColorsLL1_0526,8.84,6.48,7.6,9.3,1,0,1,20.0,True,False
6314c1e76c3f71e2127f1976,3,Control,0,AllColorsLL1_0526,AllColorsLH_0617,6.48,9.39,4.9,7.2,1,1,1,0.0,True,True
6314c1e76c3f71e2127f1976,4,Control,0,AllColorsLH_0617,OnlyBlueLH_0706,9.39,8.84,10.9,11.5,1,0,1,0.0,True,False
655e1678dd2c966d4754ecb4,2,Salient-Contrast,0,AllColorsLL1_0526,OnlyBlueLH_0706,6.48,8.84,10.4,10.4,1,1,1,31.0,True,True
655e1678dd2c966d4754ecb4,3,Salient-Contrast,0,OnlyBlueLH_0706,NoRedLH1_0612,8.84,10.87,7.4,10.2,1,1,1,26.0,True,True
6426cfe964863ee2ff26642f,1,Random,0,AllColorsLL1_0526,AllColorsLH_0617,6.48,9.39,3.5,6.1,1,1,1,21.0,True,True
6426cfe964863ee2ff26642f,2,Random,0,AllColorsLH_0617,AllColorsLL1_0526,9.39,6.48,9.8,4.1,1,0,0,19.0,False,False
6426cfe964863ee2ff26642f,3,Random,0,AllColorsLL1_0526,OnlyBlueLH_0706,6.48,8.84,8.0,6.5,1,1,0,20.0,False,True
6426cfe964863ee2ff26642f,4,Random,0,OnlyBlueLH_0706,AllColorsLL1_0526,8.84,6.48,11.6,8.2,0,1,1,17.0,False,False
673321669f5c5d443040682b,1,Control,0,AllColorsLL1_0526,OnlyBlueLH_0706,6.48,8.84,10.4,10.4,1,1,1,0.0,True,True
673321669f5c5d443040682b,3,Control,0,OnlyBlueLH_0706,OnlyBlueLL_0625,8.84,7.49,8.6,10.2,1,0,1,0.0,True,False
673321669f5c5d443040682b,4,Control,0,OnlyBlueLL_0625,AllColorsLL1_0526,7.49,6.48,2.7,7.6,1,0,1,0.0,True,False
673321669f5c5d443040682b,5,Control,0,AllColorsLL1_0526,AllColorsLL1_0526,6.48,9.39,3.7,11.0,1,1,1,0.0,True,True
65f0f44f1cae5992a2cc2c8b,1,Salient-Contrast,1,AllColorsLL1_0526,AllColorsLH_0617,6.48,9.39,11.9,15.1,1,1,1,41.0,True,True
65f0f44f1cae5992a2cc2c8b,2,Salient-Contrast,1,AllColorsLH_0617,OnlyBlueLL_0625,9.39,7.49,8.9,7.6,0,1,1,49.0,False,False
65f0f44f1cae5992a2cc2c8b,3,Salient-Contrast,1,AllColorsLH_0617,NoRedLH1_0612,9.39,10.87,7.8,9.3,1,1,1,30.0,True,True
65f0f44f1cae5992a2cc2c8b,4,Salient-Contrast,1,NoRedLH1_0612,OnlyBlueLL_0625,10.87,7.49,12.2,10.2,0,1,1,20.0,False,False
65f0f44f1cae5992a2cc2c8b,5,Salient-Contrast,1,NoRedLH1_0612,AllColorsLL1_0526,10.87,6.48,9.1,7.6,0,1,1,35.0,False,False
662c0e7a4a4e2b2fc26960f5,1,Same,1,AllColorsLL1_0526,OnlyGreenLL_0429,6.48,1.88,3.5,2.6,1,0,0,56.0,False,False
662c0e7a4a4e2b2fc26960f5,2,Same,1,OnlyGreenLL_0429,OnlyBlueLL_0625,1.88,7.49,5.7,10.2,1,1,1,103.0,True,True
662c0e7a4a4e2b2fc26960f5,3,Same,1,OnlyBlueLL_0625,OnlyGreenLL_0429,7.49,1.88,10.2,-3.4,0,1,1,22.0,False,False
662c0e7a4a4e2b2fc26960f5,4,Same,1,OnlyBlueLL_0625,AllColorsLH_0617,7.49,9.39,7.8,7.2,0,0,1,158.0,False,True
662c0e7a4a4e2b2fc26960f5,5,Same,1,OnlyBlueLL_0625,OnlyBlueLH_0706,7.49,8.84,10.4,11.1,1,1,1,52.0,True,True
680008702b9fd50b094a19eb,1,Salient-Contrast,1,AllColorsLL1_0526,OnlyBlueLL_0625,6.48,7.49,5.6,10.2,1,1,1,48.0,True,True
680008702b9fd50b094a19eb,2,Salient-Contrast,1,OnlyBlueLL_0625,AllColorsLH_0617,7.49,9.39,7.5,6.1,1,1,0,22.0,False,True
680008702b9fd50b094a19eb,3,Salient-Contrast,1,AllColorsLH_0617,OnlyBlueLH_0706,9.39,8.84,9.3,7.7,1,0,0,27.0,False,False
680008702b9fd50b094a19eb,4,Salient-Contrast,1,OnlyBlueLH_0706,AllColorsLH_0617,8.84,9.39,7.6,7.8,1,1,1,11.0,True,True
680008702b9fd50b094a19eb,5,Salient-Contrast,1,AllColorsLH_0617,NoRedLH1_0612,9.39,10.87,8.9,10.0,1,1,1,12.0,True,True
653e666cc034dbb89a5b83ce,1,Random,0,AllColorsLL1_0526,AllColorsLH_0617,6.48,9.39,8.2,11.9,1,1,1,22.0,True,True
653e666cc034dbb89a5b83ce,2,Random,0,AllColorsLH_0617,NoRedLH1_0612,9.39,10.87,8.9,10.0,0,0,0,21.0,True,True
653e666cc034dbb89a5b83ce,3,Random,0,AllColorsLH_0617,OnlyBlueLH_0706,9.39,8.84,6.1,9.5,1,0,1,38.0,True,False
653e666cc034dbb89a5b83ce,5,Random,0,OnlyBlueLH_0706,AllColorsLL1_0526,8.84,6.48,12.8,7.6,0,1,1,22.0,False,False
67ae36e6472072f99199d636,1,Random,0,AllColorsLL1_0526,AllColorsLH_0617,6.48,9.39,7.6,7.8,1,1,1,56.0,True,True
67ae36e6472072f99199d636,2,Random,0,AllColorsLH_0617,NoRedLH1_0612,9.39,10.87,8.9,10.0,1,1,1,16.0,True,True
67ae36e6472072f99199d636,3,Random,0,NoRedLH1_0612,OnlyBlueLH_0706,10.87,8.84,11.4,11.4,1,0,1,47.0,True,False
67ae36e6472072f99199d636,4,Random,0,OnlyBlueLH_0706,NoRedLH1_0612,8.84,10.87,7.4,10.2,1,1,1,11.0,True,True
67ae36e6472072f99199d636,5,Random,0,NoRedLH1_0612,OnlyBlueLH_0706,10.87,8.84,12.9,11.4,0,1,1,11.0,False,False
5fec594488f057dbd3bdec07,2,Same,1,AllColorsLL1_0526,AllColorsLH_0617,6.48,9.39,4.4,13.2,1,1,1,39.0,True,True
5fec594488f057dbd3bdec07,3,Same,1,AllColorsLH_0617,NoRedLH1_0612,9.39,10.87,9.3,9.5,0,0,0,13.0,True,True
5fec594488f057dbd3bdec07,4,Same,1,AllColorsLH_0617,NoRedLH1_0612,9.39,10.87,7.8,9.3,1,1,1,25.0,True,True
5aad226f811b2000016f6be2,1,Salient-Contrast,0,AllColorsLL1_0526,OnlyGreenLL_0429,6.48,1.88,9.3,7.0,0,1,1,30.0,False,False
5aad226f811b2000016f6be2,2,Salient-Contrast,0,AllColorsLL1_0526,OnlyBlueLH_0706,6.48,8.84,2.9,3.8,1,1,1,34.0,True,True
5aad226f811b2000016f6be2,4,Salient-Contrast,0,OnlyBlueLH_0706,OnlyBlueLL_0625,8.84,7.49,10.4,10.4,0,1,1,11.0,True,False
5aad226f811b2000016f6be2,5,Salient-Contrast,0,OnlyBlueLH_0706,OnlyBlueLL_0625,8.84,7.49,6.5,6.7,0,1,0,21.0,True,False
64d901edd0bcbd2cf64d560f,4,Control,1,AllColorsLL1_0526,OnlyGreenLL_0429,6.48,1.88,5.6,-3.4,1,0,0,0.0,False,False
64d901edd0bcbd2cf64d560f,5,Control,1,OnlyGreenLL_0429,OnlyGreenLL_0429,1.88,9.39,4.4,9.8,1,1,1,0.0,True,True
5f51947ba90f9b3ea1d2fe61,2,Random,0,AllColorsLL1_0526,OnlyBlueLL_0625,6.48,7.49,3.5,7.5,1,1,1,36.0,True,True
5f51947ba90f9b3ea1d2fe61,3,Random,0,OnlyBlueLL_0625,AllColorsLH_0617,7.49,9.39,6.7,11.0,1,1,1,32.0,True,True
5f51947ba90f9b3ea1d2fe61,4,Random,0,AllColorsLH_0617,NoRedLH1_0612,9.39,10.87,10.9,13.4,1,1,1,46.0,True,True
