user_id,episode,similarity_level,Trust_the_agent,feedback_score,prev_agent,update_agent,prev_agent_mean_score,update_agent_mean_score,prev_agent_last_score,update_agent_last_score,choice,good_choice,good_choice_last,choice_time,examples_shown,feedback_board_index,demo_board_index,good_choice_demo,improved_from_base,improved_from_base_last,improved_from_prev_last,improved_from_prev_mean,final_agent,final_agent_score
61523aaa256db1e1d5a6f734,1,0,1,,AllColorsLL1_0526,OnlyBlueLH_0706,6.48,8.84,10.4,10.4,1,1,1,0.0,0.0,19,,0.0,1,1,True,True,OnlyBlueLL_0625,4.7
61523aaa256db1e1d5a6f734,4,0,1,,OnlyBlueLH_0706,OnlyBlueLL_0625,8.84,7.49,8.6,10.2,1,0,1,0.0,0.0,18,,0.0,1,1,True,False,OnlyBlueLL_0625,4.7
61523aaa256db1e1d5a6f734,5,0,1,,OnlyBlueLL_0625,OnlyBlueLL_0625,7.49,8.84,8.6,11.4,1,1,1,0.0,0.0,17,,,1,1,True,True,OnlyBlueLL_0625,4.7
5a5d060ee0cf3d0001269471,1,1,1,2.0,AllColorsLL1_0526,AllColorsLH_0617,6.48,9.39,2.9,5.7,1,1,1,24.0,1.0,1,1.0,1.0,1,1,True,True,AllColorsLH_0617,13.2
5a5d060ee0cf3d0001269471,4,1,1,1.0,AllColorsLH_0617,NoRedLH1_0612,9.39,10.87,9.8,10.2,1,1,1,22.0,1.0,14,14.0,1.0,1,1,True,True,AllColorsLH_0617,13.2
5a5d060ee0cf3d0001269471,5,1,1,1.0,NoRedLH1_0612,AllColorsLH_0617,10.87,9.39,9.9,11.0,1,0,1,29.0,1.0,11,11.0,1.0,1,1,True,False,AllColorsLH_0617,13.2
55a1d8e2fdf99b1c103f2660,2,0,1,,AllColorsLL1_0526,AllColorsLH_0617,6.48,9.39,5.6,11.4,1,1,1,0.0,0.0,6,,0.0,1,1,True,True,NoRedLH1_0612,14.2
55a1d8e2fdf99b1c103f2660,4,0,1,,AllColorsLH_0617,NoRedLH1_0612,9.39,10.87,7.2,11.2,1,1,1,0.0,0.0,10,,0.0,1,1,True,True,NoRedLH1_0612,14.2
681d11acf32ffbb177100579,1,3,1,2.0,AllColorsLL1_0526,OnlyGreenLL_0429,6.48,1.88,8.2,5.6,1,0,0,38.0,1.0,7,9.0,0.0,-1,-1,False,False,OnlyGreenLL_0429,-5.3
681d11acf32ffbb177100579,2,3,1,1.0,OnlyGreenLL_0429,AllColorsLL1_0526,1.88,6.48,2.4,10.4,1,1,1,25.0,1.0,19,10.0,1.0,0,0,True,True,OnlyGreenLL_0429,-5.3
681d11acf32ffbb177100579,3,3,1,1.0,AllColorsLL1_0526,AllColorsLH_0617,6.48,9.39,7.6,10.8,0,0,0,17.0,1.0,8,16.0,0.0,1,1,True,True,OnlyGreenLL_0429,-5.3
681d11acf32ffbb177100579,4,3,1,1.0,AllColorsLL1_0526,OnlyBlueLH_0706,6.48,8.84,6.7,9.7,0,0,0,17.0,1.0,12,1.0,0.0,1,1,True,True,OnlyGreenLL_0429,-5.3
681d11acf32ffbb177100579,5,3,1,2.0,AllColorsLL1_0526,OnlyGreenLL_0429,6.48,1.88,8.2,-0.5,1,0,0,14.0,1.0,15,2.0,0.0,-1,-1,False,False,OnlyGreenLL_0429,-5.3
669177c66d14fd83c2a18125,1,2,1,3.0,AllColorsLL1_0526,AllColorsLH_0617,6.48,9.39,4.9,7.2,1,1,1,15.0,1.0,10,17.0,1.0,1,1,True,True,NoRedLH1_0612,14.2
669177c66d14fd83c2a18125,3,2,1,1.0,AllColorsLH_0617,NoRedLH1_0612,9.39,10.87,10.9,13.4,1,1,1,19.0,1.0,13,9.0,1.0,1,1,True,True,NoRedLH1_0612,14.2
66323da1523d26e305334df8,1,1,0,8.0,AllColorsLL1_0526,AllColorsLH_0617,6.48,9.39,4.9,7.2,0,0,0,29.0,1.0,10,10.0,0.0,1,1,True,True,OnlyBlueLL_0625,4.7
66323da1523d26e305334df8,2,1,0,4.0,AllColorsLL1_0526,OnlyBlueLL_0625,6.48,7.49,7.6,2.7,1,1,0,20.0,1.0,16,16.0,0.0,1,-1,False,True,OnlyBlueLL_0625,4.7
5ecd36302b4d3c05d4cc1ba2,2,2,0,6.0,AllColorsLL1_0526,AllColorsLH_0617,6.48,9.39,5.6,11.4,1,1,1,16.0,1.0,6,3.0,1.0,1,1,True,True,AllColorsLH_0617,13.2
655b901b23209ae4a194a402,1,3,1,4.0,AllColorsLL1_0526,AllColorsLH_0617,6.48,9.39,3.5,6.1,1,1,1,37.0,1.0,9,4.0,1.0,1,1,True,True,NoRedLH1_0612,14.2
655b901b23209ae4a194a402,2,3,1,2.0,AllColorsLH_0617,OnlyBlueLL_0625,9.39,7.49,9.3,9.7,1,0,1,10.0,1.0,12,10.0,1.0,1,1,True,False,NoRedLH1_0612,14.2
655b901b23209ae4a194a402,3,3,1,0.0,OnlyBlueLL_0625,OnlyGreenLL_0429,7.49,1.88,11.6,5.6,1,0,0,8.0,1.0,7,2.0,0.0,-1,-1,False,False,NoRedLH1_0612,14.2
655b901b23209ae4a194a402,4,3,1,2.0,OnlyGreenLL_0429,AllColorsLH_0617,1.88,9.39,2.5,5.7,1,1,1,6.0,1.0,1,14.0,1.0,1,1,True,True,NoRedLH1_0612,14.2
655b901b23209ae4a194a402,5,3,1,2.0,AllColorsLH_0617,NoRedLH1_0612,9.39,10.87,7.8,9.3,1,1,1,10.0,1.0,15,6.0,1.0,1,1,True,True,NoRedLH1_0612,14.2
5cbe00898f939c0017c0b9d8,2,2,0,1.0,AllColorsLL1_0526,AllColorsLH_0617,6.48,9.39,7.6,7.8,1,1,1,15.0,1.0,16,3.0,1.0,1,1,True,True,OnlyBlueLH_0706,13.4
5cbe00898f939c0017c0b9d8,3,2,0,0.0,AllColorsLH_0617,NoRedLH1_0612,9.39,10.87,7.2,11.2,1,1,1,9.0,1.0,10,8.0,1.0,1,1,True,True,OnlyBlueLH_0706,13.4
5cbe00898f939c0017c0b9d8,5,2,0,2.0,NoRedLH1_0612,OnlyBlueLH_0706,10.87,8.84,12.2,8.6,1,0,0,10.0,1.0,18,11.0,0.0,1,1,False,False,OnlyBlueLH_0706,13.4
5c5d36bc034e280001644c3b,1,2,1,0.0,AllColorsLL1_0526,OnlyBlueLH_0706,6.48,8.84,7.3,7.7,1,1,1,46.0,1.0,4,17.0,1.0,1,1,True,True,OnlyBlueLH_0706,13.4
62ff3d3ee03b44e79bb2d479,1,2,0,1.0,AllColorsLL1_0526,OnlyBlueLH_0706,6.48,8.84,6.7,9.7,1,1,1,30.0,1.0,12,17.0,1.0,1,1,True,True,OnlyBlueLH_0706,13.4
62ff3d3ee03b44e79bb2d479,3,2,0,1.0,OnlyBlueLH_0706,AllColorsLL1_0526,8.84,6.48,12.8,11.9,0,1,1,27.0,1.0,5,3.0,1.0,0,0,False,False,OnlyBlueLH_0706,13.4
62ff3d3ee03b44e79bb2d479,5,2,0,1.0,OnlyBlueLH_0706,OnlyBlueLL_0625,8.84,7.49,7.4,4.7,0,1,1,31.0,1.0,14,5.0,1.0,1,1,False,False,OnlyBlueLH_0706,13.4
5e47a5ae418f6125620ee944,1,2,1,1.0,AllColorsLL1_0526,OnlyGreenLL_0429,6.48,1.88,8.2,-0.5,0,1,1,39.0,1.0,15,6.0,1.0,-1,-1,False,False,AllColorsLH_0617,13.2
5e47a5ae418f6125620ee944,2,2,1,4.0,AllColorsLL1_0526,OnlyBlueLH_0706,6.48,8.84,10.9,11.5,1,1,1,20.0,1.0,13,3.0,1.0,1,1,True,True,AllColorsLH_0617,13.2
5e47a5ae418f6125620ee944,3,2,1,1.0,OnlyBlueLH_0706,AllColorsLH_0617,8.84,9.39,7.7,9.3,1,1,1,28.0,1.0,4,14.0,1.0,1,1,True,True,AllColorsLH_0617,13.2
5e47a5ae418f6125620ee944,4,2,1,1.0,AllColorsLH_0617,OnlyBlueLH_0706,9.39,8.84,6.1,9.5,0,1,0,18.0,1.0,9,11.0,1.0,1,1,True,False,AllColorsLH_0617,13.2
5dd59fe0a6438056ac397382,1,1,0,2.0,AllColorsLL1_0526,AllColorsLH_0617,6.48,9.39,8.2,11.9,1,1,1,22.0,1.0,7,7.0,1.0,1,1,True,True,NoRedLH1_0612,14.2
5dd59fe0a6438056ac397382,2,1,0,8.0,AllColorsLH_0617,OnlyBlueLH_0706,9.39,8.84,10.9,11.5,1,0,1,7.0,1.0,13,13.0,1.0,1,1,True,False,NoRedLH1_0612,14.2
5dd59fe0a6438056ac397382,3,1,0,1.0,OnlyBlueLH_0706,NoRedLH1_0612,8.84,10.87,7.7,9.5,1,1,1,5.0,1.0,4,4.0,1.0,1,1,True,True,NoRedLH1_0612,14.2
6659ca3aede1cd81f25f5d46,1,0,0,,AllColorsLL1_0526,OnlyBlueLH_0706,6.48,8.84,5.6,11.4,1,1,1,0.0,0.0,6,,0.0,1,1,True,True,NoRedLH1_0612,14.2
6659ca3aede1cd81f25f5d46,2,0,0,,OnlyBlueLH_0706,AllColorsLL1_0526,8.84,6.48,12.8,11.9,1,0,0,0.0,0.0,5,,0.0,1,1,False,False,NoRedLH1_0612,14.2
6659ca3aede1cd81f25f5d46,3,0,0,,AllColorsLL1_0526,OnlyBlueLH_0706,6.48,8.84,4.3,8.6,1,1,1,0.0,0.0,18,,0.0,1,1,True,True,NoRedLH1_0612,14.2
6659ca3aede1cd81f25f5d46,4,0,0,,OnlyBlueLH_0706,NoRedLH1_0612,8.84,10.87,11.1,14.4,1,1,1,0.0,0.0,3,,0.0,1,1,True,True,NoRedLH1_0612,14.2
59d3ef2c078dbe000195117f,1,1,0,8.0,AllColorsLL1_0526,OnlyGreenLL_0429,6.48,1.88,4.3,5.7,1,0,1,14.0,1.0,18,18.0,1.0,-1,1,True,False,NoRedLH1_0612,14.2
59d3ef2c078dbe000195117f,2,1,0,1.0,OnlyGreenLL_0429,AllColorsLL1_0526,1.88,6.48,2.5,2.9,1,1,1,13.0,1.0,1,1.0,1.0,0,0,True,True,NoRedLH1_0612,14.2
59d3ef2c078dbe000195117f,3,1,0,1.0,AllColorsLL1_0526,OnlyBlueLH_0706,6.48,8.84,8.0,6.5,1,1,0,7.0,1.0,11,11.0,0.0,1,-1,False,True,NoRedLH1_0612,14.2
59d3ef2c078dbe000195117f,5,1,0,0.0,OnlyBlueLH_0706,NoRedLH1_0612,8.84,10.87,11.1,14.4,1,1,1,15.0,1.0,3,3.0,1.0,1,1,True,True,NoRedLH1_0612,14.2
5eaecb0824839e59ed3523eb,1,3,0,1.0,AllColorsLL1_0526,OnlyBlueLL_0625,6.48,7.49,3.5,7.5,1,1,1,49.0,1.0,9,13.0,1.0,1,1,True,True,NoRedLH1_0612,14.2
5eaecb0824839e59ed3523eb,2,3,0,3.0,OnlyBlueLL_0625,OnlyBlueLH_0706,7.49,8.84,10.4,10.4,1,1,1,40.0,1.0,19,6.0,1.0,1,0,True,True,NoRedLH1_0612,14.2
5eaecb0824839e59ed3523eb,3,3,0,1.0,OnlyBlueLH_0706,NoRedLH1_0612,8.84,10.87,12.8,14.7,1,1,1,31.0,1.0,8,11.0,1.0,1,1,True,True,NoRedLH1_0612,14.2
63ed50df25d0ea08696b393f,3,2,1,1.0,AllColorsLL1_0526,AllColorsLH_0617,6.48,9.39,3.5,6.1,0,0,0,33.0,1.0,9,17.0,0.0,1,1,True,True,AllColorsLH_0617,13.2
63ed50df25d0ea08696b393f,5,2,1,0.0,AllColorsLL1_0526,AllColorsLH_0617,6.48,9.39,9.3,8.9,1,1,0,37.0,1.0,2,6.0,1.0,1,-1,False,True,AllColorsLH_0617,13.2
58cd0bc2a47dbb000171dc8b,1,0,0,,AllColorsLL1_0526,OnlyBlueLH_0706,6.48,8.84,4.4,11.1,1,1,1,0.0,0.0,3,,0.0,1,1,True,True,AllColorsLH_0617,13.2
58cd0bc2a47dbb000171dc8b,3,0,0,,OnlyBlueLH_0706,AllColorsLH_0617,8.84,9.39,11.4,11.4,1,1,1,0.0,0.0,6,,0.0,1,1,True,True,AllColorsLH_0617,13.2
604a4755d62e5590404b5426,1,2,0,2.0,AllColorsLL1_0526,AllColorsLH_0617,6.48,9.39,11.9,15.1,1,1,1,26.0,1.0,5,3.0,1.0,1,1,True,True,NoRedLH1_0612,14.2
604a4755d62e5590404b5426,3,2,0,0.0,AllColorsLH_0617,NoRedLH1_0612,9.39,10.87,7.2,11.2,1,1,1,18.0,1.0,10,8.0,1.0,1,1,True,True,NoRedLH1_0612,14.2
66ef36768bc403140fa01e35,1,0,0,,AllColorsLL1_0526,AllColorsLH_0617,6.48,9.39,8.2,11.9,1,1,1,0.0,0.0,7,,0.0,1,1,True,True,NoRedLH1_0612,14.2
66ef36768bc403140fa01e35,2,0,0,,AllColorsLH_0617,NoRedLH1_0612,9.39,10.87,11.0,11.4,1,1,1,0.0,0.0,17,,0.0,1,1,True,True,NoRedLH1_0612,14.2
66ef36768bc403140fa01e35,5,0,0,,NoRedLH1_0612,NoRedLH1_0612,10.87,6.48,9.1,7.6,1,0,0,0.0,0.0,16,,,0,0,False,False,NoRedLH1_0612,14.2
5f61023f891bb903b975dbee,1,1,0,0.0,AllColorsLL1_0526,OnlyBlueLH_0706,6.48,8.84,3.5,9.5,0,0,0,34.0,1.0,9,9.0,0.0,1,1,True,True,AllColorsLH_0617,13.2
5f61023f891bb903b975dbee,2,1,0,3.0,AllColorsLL1_0526,OnlyBlueLL_0625,6.48,7.49,10.9,14.1,0,0,0,16.0,1.0,13,13.0,0.0,1,1,True,True,AllColorsLH_0617,13.2
5f61023f891bb903b975dbee,4,1,0,4.0,AllColorsLL1_0526,AllColorsLH_0617,6.48,9.39,4.3,9.1,1,1,1,26.0,1.0,18,18.0,1.0,1,1,True,True,AllColorsLH_0617,13.2
660ea65b18972d0e6a14a896,1,3,0,1.0,AllColorsLL1_0526,AllColorsLH_0617,6.48,9.39,5.6,11.4,1,1,1,42.0,1.0,6,3.0,1.0,1,1,True,True,NoRedLH1_0612,14.2
660ea65b18972d0e6a14a896,3,3,0,1.0,AllColorsLH_0617,NoRedLH1_0612,9.39,10.87,8.9,10.0,1,1,1,18.0,1.0,2,9.0,1.0,1,1,True,True,NoRedLH1_0612,14.2
660ea65b18972d0e6a14a896,4,3,0,1.0,NoRedLH1_0612,OnlyBlueLL_0625,10.87,7.49,13.4,14.1,0,1,0,11.0,1.0,13,16.0,1.0,1,1,True,False,NoRedLH1_0612,14.2
5e7b6486b704ac034e3f01c8,1,2,0,1.0,AllColorsLL1_0526,OnlyBlueLL_0625,6.48,7.49,4.1,4.7,1,1,1,14.0,1.0,14,17.0,1.0,1,1,True,True,OnlyBlueLL_0625,4.7
5e7b6486b704ac034e3f01c8,5,2,0,0.0,OnlyBlueLL_0625,OnlyGreenLL_0429,7.49,1.88,7.5,2.6,0,1,1,32.0,1.0,9,10.0,1.0,-1,-1,False,False,OnlyBlueLL_0625,4.7
648353f2886c3c0072018e4a,1,3,1,5.0,AllColorsLL1_0526,OnlyBlueLH_0706,6.48,8.84,10.9,11.5,1,1,1,43.0,1.0,13,3.0,1.0,1,1,True,True,OnlyBlueLH_0706,13.4
648353f2886c3c0072018e4a,2,3,1,1.0,OnlyBlueLH_0706,AllColorsLH_0617,8.84,9.39,7.4,9.8,0,0,0,27.0,1.0,14,18.0,0.0,1,1,True,True,OnlyBlueLH_0706,13.4
6717d0f52cc5e0a7f13b596a,1,0,0,,AllColorsLL1_0526,OnlyBlueLH_0706,6.48,8.84,7.6,7.6,1,1,1,0.0,0.0,16,,0.0,1,1,True,True,AllColorsLH_0617,13.2
6717d0f52cc5e0a7f13b596a,3,0,0,,OnlyBlueLH_0706,AllColorsLH_0617,8.84,9.39,7.4,9.8,1,1,1,0.0,0.0,14,,0.0,1,1,True,True,AllColorsLH_0617,13.2
6717d0f52cc5e0a7f13b596a,5,0,0,,AllColorsLH_0617,AllColorsLH_0617,9.39,10.87,11.4,12.9,1,1,1,0.0,0.0,6,,,1,1,True,True,AllColorsLH_0617,13.2
62e7357284e65421d8f8b10f,1,3,0,1.0,AllColorsLL1_0526,AllColorsLH_0617,6.48,9.39,7.6,10.8,1,1,1,76.0,1.0,8,9.0,1.0,1,1,True,True,NoRedLH1_0612,14.2
62e7357284e65421d8f8b10f,2,3,0,2.0,AllColorsLH_0617,OnlyBlueLL_0625,9.39,7.49,7.2,7.8,0,1,0,70.0,1.0,10,19.0,1.0,1,1,True,False,NoRedLH1_0612,14.2
62e7357284e65421d8f8b10f,4,3,0,1.0,AllColorsLH_0617,NoRedLH1_0612,9.39,10.87,13.2,14.4,1,1,1,73.0,1.0,3,1.0,1.0,1,1,True,True,NoRedLH1_0612,14.2
62e7357284e65421d8f8b10f,5,3,0,1.0,NoRedLH1_0612,OnlyBlueLL_0625,10.87,7.49,12.2,10.2,0,1,1,55.0,1.0,18,5.0,1.0,1,1,False,False,NoRedLH1_0612,14.2
677c4ec6bf1d6e16cf3d3055,1,0,0,,AllColorsLL1_0526,OnlyGreenLL_0429,6.48,1.88,4.3,5.7,1,0,1,0.0,0.0,18,,0.0,-1,1,True,False,NoRedLH1_0612,14.2
677c4ec6bf1d6e16cf3d3055,2,0,0,,OnlyGreenLL_0429,AllColorsLH_0617,1.88,9.39,8.4,11.0,1,1,1,0.0,0.0,11,,0.0,1,1,True,True,NoRedLH1_0612,14.2
677c4ec6bf1d6e16cf3d3055,3,0,0,,AllColorsLH_0617,NoRedLH1_0612,9.39,10.87,9.8,10.2,1,1,1,0.0,0.0,14,,0.0,1,1,True,True,NoRedLH1_0612,14.2
672f488089b8f59064c010fc,1,3,1,2.0,AllColorsLL1_0526,AllColorsLH_0617,6.48,9.39,8.0,11.0,1,1,1,30.0,1.0,11,17.0,1.0,1,1,True,True,OnlyBlueLH_0706,13.4
672f488089b8f59064c010fc,3,3,1,0.0,AllColorsLH_0617,OnlyBlueLH_0706,9.39,8.84,9.3,7.7,1,0,0,22.0,1.0,4,5.0,0.0,1,1,False,False,OnlyBlueLH_0706,13.4
672f488089b8f59064c010fc,5,3,1,0.0,OnlyBlueLH_0706,AllColorsLL1_0526,8.84,6.48,11.6,8.2,0,1,1,12.0,1.0,7,1.0,1.0,0,0,False,False,OnlyBlueLH_0706,13.4
6156fef09d1ab07148870099,1,3,0,7.0,AllColorsLL1_0526,AllColorsLH_0617,6.48,9.39,5.6,11.4,1,1,1,20.0,1.0,6,1.0,1.0,1,1,True,True,OnlyBlueLH_0706,13.4
6156fef09d1ab07148870099,2,3,0,5.0,AllColorsLH_0617,AllColorsLL1_0526,9.39,6.48,7.8,7.6,0,1,1,33.0,1.0,16,14.0,1.0,0,0,False,False,OnlyBlueLH_0706,13.4
6156fef09d1ab07148870099,3,3,0,3.0,AllColorsLH_0617,OnlyBlueLH_0706,9.39,8.84,9.3,9.7,0,1,0,20.0,1.0,12,11.0,1.0,1,1,True,False,OnlyBlueLH_0706,13.4
6156fef09d1ab07148870099,4,3,0,2.0,AllColorsLH_0617,OnlyBlueLH_0706,9.39,8.84,13.2,11.1,1,0,0,110.0,1.0,3,7.0,0.0,1,1,False,False,OnlyBlueLH_0706,13.4
577a3dfd92c50c0001c9488f,1,2,1,4.0,AllColorsLL1_0526,OnlyBlueLH_0706,6.48,8.84,2.9,3.8,1,1,1,52.0,1.0,1,9.0,1.0,1,1,True,True,NoRedLH1_0612,14.2
577a3dfd92c50c0001c9488f,2,2,1,2.0,OnlyBlueLH_0706,NoRedLH1_0612,8.84,10.87,11.1,14.4,1,1,1,56.0,1.0,3,18.0,1.0,1,1,True,True,NoRedLH1_0612,14.2
660453c9877e571d12b555f7,1,3,0,2.0,AllColorsLL1_0526,OnlyBlueLH_0706,6.48,8.84,2.9,3.8,1,1,1,72.0,1.0,1,13.0,1.0,1,1,True,True,NoRedLH1_0612,14.2
660453c9877e571d12b555f7,3,3,0,1.0,OnlyBlueLH_0706,NoRedLH1_0612,8.84,10.87,12.8,14.7,1,1,1,57.0,1.0,8,6.0,1.0,1,1,True,True,NoRedLH1_0612,14.2
660453c9877e571d12b555f7,4,3,0,1.0,NoRedLH1_0612,AllColorsLL1_0526,10.87,6.48,10.0,9.3,0,1,1,13.0,1.0,2,4.0,1.0,0,0,False,False,NoRedLH1_0612,14.2
660453c9877e571d12b555f7,5,3,0,1.0,NoRedLH1_0612,OnlyBlueLL_0625,10.87,7.49,9.9,6.7,0,1,1,58.0,1.0,11,10.0,1.0,1,-1,False,False,NoRedLH1_0612,14.2
665f461d043d90dd77710aa3,1,3,1,1.0,AllColorsLL1_0526,AllColorsLH_0617,6.48,9.39,11.9,15.1,1,1,1,23.0,1.0,5,1.0,1.0,1,1,True,True,NoRedLH1_0612,14.2
665f461d043d90dd77710aa3,2,3,1,4.0,AllColorsLH_0617,NoRedLH1_0612,9.39,10.87,9.1,12.2,1,1,1,10.0,1.0,18,10.0,1.0,1,1,True,True,NoRedLH1_0612,14.2
5bbb5e3f118c0600013c3202,1,3,0,2.0,AllColorsLL1_0526,OnlyBlueLL_0625,6.48,7.49,8.0,6.7,1,1,0,21.0,1.0,11,17.0,1.0,1,-1,False,True,OnlyBlueLL_0625,4.7
5bbb5e3f118c0600013c3202,2,3,0,1.0,OnlyBlueLL_0625,AllColorsLH_0617,7.49,9.39,9.7,9.3,0,0,1,29.0,1.0,12,10.0,1.0,1,1,False,True,OnlyBlueLL_0625,4.7
63d13d12c35a12dd05922c69,1,0,0,,AllColorsLL1_0526,OnlyBlueLH_0706,6.48,8.84,10.9,11.5,1,1,1,0.0,0.0,13,,0.0,1,1,True,True,AllColorsLH_0617,13.2
63d13d12c35a12dd05922c69,3,0,0,,AllColorsLH_0617,OnlyBlueLL_0625,9.39,7.49,11.0,6.7,1,0,0,0.0,0.0,11,,0.0,1,-1,False,False,AllColorsLH_0617,13.2
63d13d12c35a12dd05922c69,4,0,0,,OnlyBlueLL_0625,AllColorsLH_0617,7.49,9.39,10.2,11.4,1,1,1,0.0,0.0,6,,0.0,1,1,True,True,AllColorsLH_0617,13.2
63d13d12c35a12dd05922c69,5,0,0,,AllColorsLH_0617,AllColorsLH_0617,9.39,10.87,10.8,14.7,1,1,1,0.0,0.0,8,,,1,1,True,True,AllColorsLH_0617,13.2
545d347afdf99b7f9fca22c7,1,1,0,1.0,AllColorsLL1_0526,OnlyBlueLH_0706,6.48,8.84,6.7,9.7,1,1,1,71.0,1.0,12,12.0,1.0,1,1,True,True,NoRedLH1_0612,14.2
545d347afdf99b7f9fca22c7,2,1,0,1.0,OnlyBlueLH_0706,NoRedLH1_0612,8.84,10.87,8.6,12.2,1,1,1,36.0,1.0,18,18.0,1.0,1,1,True,True,NoRedLH1_0612,14.2
545d347afdf99b7f9fca22c7,5,1,0,1.0,NoRedLH1_0612,AllColorsLH_0617,10.87,9.39,9.5,9.3,0,1,1,34.0,1.0,4,4.0,1.0,1,1,False,False,NoRedLH1_0612,14.2
5ea00d4b1286ee0008405450,2,0,0,,AllColorsLL1_0526,AllColorsLH_0617,6.48,9.39,2.9,5.7,1,1,1,0.0,0.0,1,,0.0,1,1,True,True,AllColorsLH_0617,13.2
677299ebbff623812504a11d,1,0,1,,AllColorsLL1_0526,OnlyBlueLH_0706,6.48,8.84,4.3,8.6,1,1,1,0.0,0.0,18,,0.0,1,1,True,True,AllColorsLH_0617,13.2
677299ebbff623812504a11d,4,0,1,,OnlyBlueLH_0706,AllColorsLH_0617,8.84,9.39,11.4,11.4,1,1,1,0.0,0.0,6,,0.0,1,1,True,True,AllColorsLH_0617,13.2
677299ebbff623812504a11d,5,0,1,,AllColorsLH_0617,AllColorsLH_0617,9.39,10.87,9.3,9.5,1,1,1,0.0,0.0,4,,,1,1,True,True,AllColorsLH_0617,13.2
662190146ef67bab626e48cb,1,0,1,,AllColorsLL1_0526,AllColorsLH_0617,6.48,9.39,3.7,11.0,1,1,1,0.0,0.0,17,,0.0,1,1,True,True,AllColorsLL1_0526,6.9
662190146ef67bab626e48cb,3,0,1,,AllColorsLH_0617,AllColorsLL1_0526,9.39,6.48,7.2,4.9,1,0,0,0.0,0.0,10,,0.0,1,1,False,False,AllColorsLL1_0526,6.9
662190146ef67bab626e48cb,5,0,1,,AllColorsLL1_0526,AllColorsLL1_0526,6.48,9.39,2.9,5.7,1,1,1,0.0,0.0,1,,,1,1,True,True,AllColorsLL1_0526,6.9
66d9cd06e207a93377f7820e,1,2,0,1.0,AllColorsLL1_0526,OnlyBlueLH_0706,6.48,8.84,7.6,7.6,1,1,1,31.0,1.0,16,3.0,1.0,1,0,True,True,OnlyBlueLH_0706,13.4
66d9cd06e207a93377f7820e,2,2,0,1.0,OnlyBlueLH_0706,AllColorsLH_0617,8.84,9.39,3.8,5.7,1,1,1,28.0,1.0,1,11.0,1.0,1,1,True,True,OnlyBlueLH_0706,13.4
66d9cd06e207a93377f7820e,4,2,0,0.0,AllColorsLH_0617,OnlyBlueLH_0706,9.39,8.84,9.3,7.7,1,0,0,17.0,1.0,4,9.0,1.0,1,1,False,False,OnlyBlueLH_0706,13.4
66d9cd06e207a93377f7820e,5,2,0,1.0,OnlyBlueLH_0706,OnlyBlueLL_0625,8.84,7.49,8.6,10.2,0,1,0,89.0,1.0,18,16.0,1.0,1,1,True,False,OnlyBlueLH_0706,13.4
5e7987df47422a5443426cd7,1,0,0,,AllColorsLL1_0526,AllColorsLH_0617,6.48,9.39,8.2,11.9,1,1,1,0.0,0.0,7,,0.0,1,1,True,True,NoRedLH1_0612,14.2
5e7987df47422a5443426cd7,2,0,0,,AllColorsLH_0617,NoRedLH1_0612,9.39,10.87,10.8,14.7,1,1,1,0.0,0.0,8,,0.0,1,1,True,True,NoRedLH1_0612,14.2
5e7987df47422a5443426cd7,3,0,0,,NoRedLH1_0612,AllColorsLH_0617,10.87,9.39,10.0,8.9,1,0,0,0.0,0.0,2,,0.0,1,-1,False,False,NoRedLH1_0612,14.2
5e7987df47422a5443426cd7,4,0,0,,AllColorsLH_0617,NoRedLH1_0612,9.39,10.87,7.8,9.1,1,1,1,0.0,0.0,16,,0.0,1,1,True,True,NoRedLH1_0612,14.2
67a7d4e19fee63cbe222ae02,2,3,0,0.0,AllColorsLL1_0526,OnlyBlueLH_0706,6.48,8.84,8.0,6.5,1,1,0,12.0,1.0,11,3.0,1.0,1,-1,False,True,AllColorsLH_0617,13.2
67a7d4e19fee63cbe222ae02,3,3,0,0.0,OnlyBlueLH_0706,AllColorsLL1_0526,8.84,6.48,7.7,7.3,1,0,0,22.0,1.0,4,10.0,0.0,0,0,False,False,AllColorsLH_0617,13.2
67a7d4e19fee63cbe222ae02,4,3,0,4.0,AllColorsLL1_0526,AllColorsLH_0617,6.48,9.39,4.1,9.8,1,1,1,13.0,1.0,14,18.0,1.0,1,1,True,True,AllColorsLH_0617,13.2
5f3ade361d75be1c1d974926,1,2,0,1.0,AllColorsLL1_0526,OnlyBlueLH_0706,6.48,8.84,10.4,10.4,1,1,1,11.0,1.0,19,17.0,1.0,1,0,True,True,OnlyBlueLH_0706,13.4
5f0cf299c6db5770064402e1,1,3,1,10.0,AllColorsLL1_0526,OnlyGreenLL_0429,6.48,1.88,4.3,5.7,0,1,0,53.0,1.0,18,19.0,1.0,-1,1,True,False,NoRedLH1_0612,14.2
5f0cf299c6db5770064402e1,2,3,1,5.0,AllColorsLL1_0526,AllColorsLH_0617,6.48,9.39,4.9,7.2,1,1,1,40.0,1.0,10,7.0,1.0,1,1,True,True,NoRedLH1_0612,14.2
5f0cf299c6db5770064402e1,4,3,1,3.0,AllColorsLH_0617,NoRedLH1_0612,9.39,10.87,7.8,9.3,0,0,0,35.0,1.0,15,14.0,0.0,1,1,True,True,NoRedLH1_0612,14.2
5f0cf299c6db5770064402e1,5,3,1,0.0,AllColorsLH_0617,NoRedLH1_0612,9.39,10.87,5.7,9.1,1,1,1,47.0,1.0,1,6.0,1.0,1,1,True,True,NoRedLH1_0612,14.2
66549baded520d79543222a4,1,2,0,2.0,AllColorsLL1_0526,AllColorsLH_0617,6.48,9.39,7.3,9.3,0,0,0,30.0,1.0,4,3.0,0.0,1,1,True,True,NoRedLH1_0612,14.2
66549baded520d79543222a4,3,2,0,1.0,AllColorsLL1_0526,OnlyGreenLL_0429,6.48,1.88,10.9,7.3,0,1,1,42.0,1.0,13,17.0,1.0,-1,-1,False,False,NoRedLH1_0612,14.2
66549baded520d79543222a4,5,2,0,1.0,AllColorsLL1_0526,OnlyBlueLH_0706,6.48,8.84,5.6,11.4,1,1,1,19.0,1.0,6,3.0,1.0,1,1,True,True,NoRedLH1_0612,14.2
667a9bdad0e1a943ee3d04bb,1,3,0,2.0,AllColorsLL1_0526,AllColorsLH_0617,6.48,9.39,8.2,11.9,1,1,1,43.0,1.0,7,14.0,1.0,1,1,True,True,NoRedLH1_0612,14.2
667a9bdad0e1a943ee3d04bb,2,3,0,0.0,AllColorsLH_0617,NoRedLH1_0612,9.39,10.87,11.0,11.4,0,0,0,11.0,1.0,17,11.0,1.0,1,1,True,True,NoRedLH1_0612,14.2
667a9bdad0e1a943ee3d04bb,3,3,0,2.0,AllColorsLH_0617,NoRedLH1_0612,9.39,10.87,7.8,9.3,1,1,1,22.0,1.0,15,3.0,1.0,1,1,True,True,NoRedLH1_0612,14.2
667a9bdad0e1a943ee3d04bb,5,3,0,1.0,NoRedLH1_0612,OnlyBlueLL_0625,10.87,7.49,12.2,10.2,0,1,1,17.0,1.0,18,1.0,1.0,1,1,False,False,NoRedLH1_0612,14.2
66a261c8cd2d7a18cbe95b9a,1,2,1,1.0,AllColorsLL1_0526,OnlyBlueLH_0706,6.48,8.84,10.4,10.4,1,1,1,80.0,1.0,19,9.0,1.0,1,0,True,True,NoRedLH1_0612,14.2
66a261c8cd2d7a18cbe95b9a,2,2,1,0.0,OnlyBlueLH_0706,AllColorsLL1_0526,8.84,6.48,7.8,4.9,0,1,1,15.0,1.0,10,9.0,1.0,0,0,False,False,NoRedLH1_0612,14.2
66a261c8cd2d7a18cbe95b9a,3,2,1,1.0,OnlyBlueLH_0706,NoRedLH1_0612,8.84,10.87,7.7,9.5,1,1,1,46.0,1.0,4,18.0,1.0,1,1,True,True,NoRedLH1_0612,14.2
67d47bef1b8777e754726be0,4,0,0,,AllColorsLL1_0526,OnlyGreenLL_0429,6.48,1.88,5.6,-3.4,1,0,0,0.0,0.0,6,,0.0,-1,-1,False,False,OnlyGreenLL_0429,-5.3
67eff0475e43d9a5390ff55e,1,1,1,2.0,AllColorsLL1_0526,AllColorsLH_0617,6.48,9.39,9.3,8.9,0,0,1,32.0,1.0,2,2.0,1.0,1,-1,False,True,NoRedLH1_0612,14.2
67eff0475e43d9a5390ff55e,2,1,1,2.0,AllColorsLL1_0526,AllColorsLH_0617,6.48,9.39,4.1,9.8,1,1,1,27.0,1.0,14,14.0,1.0,1,1,True,True,NoRedLH1_0612,14.2
67eff0475e43d9a5390ff55e,4,1,1,2.0,AllColorsLH_0617,AllColorsLL1_0526,9.39,6.48,7.2,4.9,0,1,1,16.0,1.0,10,10.0,1.0,0,0,False,False,NoRedLH1_0612,14.2
67eff0475e43d9a5390ff55e,5,1,1,1.0,AllColorsLH_0617,NoRedLH1_0612,9.39,10.87,11.0,11.4,1,1,1,76.0,1.0,17,17.0,1.0,1,1,True,True,NoRedLH1_0612,14.2
5e89ec793c01b3685a00bb12,1,1,0,1.0,AllColorsLL1_0526,AllColorsLH_0617,6.48,9.39,11.9,15.1,1,1,1,94.0,1.0,5,5.0,1.0,1,1,True,True,OnlyBlueLH_0706,13.4
5e89ec793c01b3685a00bb12,2,1,0,6.0,AllColorsLH_0617,OnlyBlueLH_0706,9.39,8.84,9.1,8.6,1,0,0,,1.0,18,18.0,0.0,1,1,False,False,OnlyBlueLH_0706,13.4
5e89ec793c01b3685a00bb12,4,1,0,3.0,OnlyBlueLH_0706,NoRedLH1_0612,8.84,10.87,6.5,9.9,0,0,0,13.0,1.0,11,11.0,0.0,1,1,True,True,OnlyBlueLH_0706,13.4
6594bab615de581dcf3c1848,1,0,1,,AllColorsLL1_0526,OnlyBlueLH_0706,6.48,8.84,6.7,9.7,1,1,1,0.0,0.0,12,,0.0,1,1,True,True,NoRedLH1_0612,14.2
6594bab615de581dcf3c1848,2,0,1,,OnlyBlueLH_0706,NoRedLH1_0612,8.84,10.87,7.7,9.5,1,1,1,0.0,0.0,4,,0.0,1,1,True,True,NoRedLH1_0612,14.2
6594bab615de581dcf3c1848,5,0,1,,NoRedLH1_0612,NoRedLH1_0612,10.87,9.39,9.1,5.7,1,0,0,0.0,0.0,1,,,1,1,False,False,NoRedLH1_0612,14.2
5eab170759f5390b776df5a1,1,0,1,,AllColorsLL1_0526,OnlyBlueLH_0706,6.48,8.84,10.9,11.5,1,1,1,0.0,0.0,13,,0.0,1,1,True,True,NoRedLH1_0612,14.2
5eab170759f5390b776df5a1,2,0,1,,OnlyBlueLH_0706,AllColorsLH_0617,8.84,9.39,7.6,8.9,1,1,1,0.0,0.0,2,,0.0,1,-1,True,True,NoRedLH1_0612,14.2
5eab170759f5390b776df5a1,3,0,1,,AllColorsLH_0617,NoRedLH1_0612,9.39,10.87,9.1,12.2,1,1,1,0.0,0.0,18,,0.0,1,1,True,True,NoRedLH1_0612,14.2
680d155019b77b986ff85126,1,1,0,8.0,AllColorsLL1_0526,OnlyGreenLL_0429,6.48,1.88,4.1,4.4,1,0,1,72.0,1.0,14,14.0,1.0,-1,1,True,False,OnlyBlueLL_0625,4.7
680d155019b77b986ff85126,2,1,0,2.0,OnlyGreenLL_0429,OnlyBlueLL_0625,1.88,7.49,5.7,10.2,0,0,0,68.0,1.0,18,18.0,0.0,1,1,True,True,OnlyBlueLL_0625,4.7
680d155019b77b986ff85126,3,1,0,1.0,OnlyGreenLL_0429,AllColorsLH_0617,1.88,9.39,8.4,11.0,1,1,1,60.0,1.0,11,11.0,1.0,1,1,True,True,OnlyBlueLL_0625,4.7
680d155019b77b986ff85126,4,1,0,3.0,AllColorsLH_0617,OnlyBlueLH_0706,9.39,8.84,11.9,11.6,1,0,0,88.0,1.0,7,7.0,0.0,1,1,False,False,OnlyBlueLL_0625,4.7
680d155019b77b986ff85126,5,1,0,0.0,OnlyBlueLH_0706,OnlyBlueLL_0625,8.84,7.49,10.4,10.4,1,0,1,144.0,1.0,19,19.0,1.0,1,0,True,False,OnlyBlueLL_0625,4.7
5aea16d3ff24e0000124b803,1,3,1,4.0,AllColorsLL1_0526,OnlyGreenLL_0429,6.48,1.88,4.1,4.4,1,0,1,97.0,1.0,14,3.0,1.0,-1,1,True,False,NoRedLH1_0612,14.2
5aea16d3ff24e0000124b803,2,3,1,1.0,OnlyGreenLL_0429,AllColorsLL1_0526,1.88,6.48,4.5,11.9,1,1,1,97.0,1.0,5,15.0,1.0,0,0,True,True,NoRedLH1_0612,14.2
5aea16d3ff24e0000124b803,3,3,1,2.0,AllColorsLL1_0526,AllColorsLH_0617,6.48,9.39,7.3,9.3,1,1,1,116.0,1.0,4,6.0,1.0,1,1,True,True,NoRedLH1_0612,14.2
5aea16d3ff24e0000124b803,4,3,1,2.0,AllColorsLH_0617,NoRedLH1_0612,9.39,10.87,10.9,13.4,1,1,1,31.0,1.0,13,9.0,1.0,1,1,True,True,NoRedLH1_0612,14.2
66597efb84cb793eeaa06ef8,1,0,0,,AllColorsLL1_0526,OnlyGreenLL_0429,6.48,1.88,10.9,7.3,1,0,0,0.0,0.0,13,,0.0,-1,-1,False,False,OnlyBlueLL_0625,4.7
66597efb84cb793eeaa06ef8,2,0,0,,OnlyGreenLL_0429,AllColorsLH_0617,1.88,9.39,2.6,6.1,1,1,1,0.0,0.0,9,,0.0,1,1,True,True,OnlyBlueLL_0625,4.7
66597efb84cb793eeaa06ef8,3,0,0,,AllColorsLH_0617,NoRedLH1_0612,9.39,10.87,8.9,10.0,1,1,1,0.0,0.0,2,,0.0,1,1,True,True,OnlyBlueLL_0625,4.7
66597efb84cb793eeaa06ef8,4,0,0,,NoRedLH1_0612,OnlyBlueLL_0625,10.87,7.49,9.7,9.7,1,0,1,0.0,0.0,12,,0.0,1,1,True,False,OnlyBlueLL_0625,4.7
66597efb84cb793eeaa06ef8,5,0,0,,OnlyBlueLL_0625,OnlyBlueLL_0625,7.49,1.88,10.4,2.4,1,0,0,0.0,0.0,19,,,-1,-1,False,False,OnlyBlueLL_0625,4.7
66774233add67a4a8e71398e@email.prolific.com,1,1,1,2.0,AllColorsLL1_0526,AllColorsLH_0617,6.48,9.39,7.6,10.8,1,1,1,26.0,1.0,8,8.0,1.0,1,1,True,True,NoRedLH1_0612,14.2
66774233add67a4a8e71398e@email.prolific.com,3,1,1,1.0,AllColorsLH_0617,NoRedLH1_0612,9.39,10.87,13.2,14.4,1,1,1,11.0,1.0,3,3.0,1.0,1,1,True,True,NoRedLH1_0612,14.2
6772ed74a16a7086a77e5d6e,1,2,0,6.0,AllColorsLL1_0526,OnlyBlueLH_0706,6.48,8.84,4.9,7.8,1,1,1,32.0,1.0,10,9.0,1.0,1,1,True,True,NoRedLH1_0612,14.2
6772ed74a16a7086a77e5d6e,2,2,0,1.0,OnlyBlueLH_0706,AllColorsLH_0617,8.84,9.39,10.4,11.4,0,0,0,33.0,1.0,19,9.0,1.0,1,1,True,True,NoRedLH1_0612,14.2
6772ed74a16a7086a77e5d6e,3,2,0,2.0,OnlyBlueLH_0706,NoRedLH1_0612,8.84,10.87,11.1,14.4,1,1,1,23.0,1.0,3,1.0,1.0,1,1,True,True,NoRedLH1_0612,14.2
5b99663d4cefb60001e7a214,1,0,0,,AllColorsLL1_0526,AllColorsLH_0617,6.48,9.39,7.6,7.8,1,1,1,0.0,0.0,16,,0.0,1,1,True,True,OnlyBlueLH_0706,13.4
5b99663d4cefb60001e7a214,2,0,0,,AllColorsLH_0617,NoRedLH1_0612,9.39,10.87,7.8,9.3,1,1,1,0.0,0.0,15,,0.0,1,1,True,True,OnlyBlueLH_0706,13.4
5b99663d4cefb60001e7a214,3,0,0,,NoRedLH1_0612,OnlyBlueLL_0625,10.87,7.49,10.2,4.7,1,0,0,0.0,0.0,14,,0.0,1,1,False,False,OnlyBlueLH_0706,13.4
5b99663d4cefb60001e7a214,4,0,0,,OnlyBlueLL_0625,OnlyBlueLH_0706,7.49,8.84,10.4,10.4,1,1,1,0.0,0.0,19,,0.0,1,1,True,True,OnlyBlueLH_0706,13.4
5b99663d4cefb60001e7a214,5,0,0,,OnlyBlueLH_0706,OnlyBlueLH_0706,8.84,9.39,11.4,11.4,1,1,1,0.0,0.0,6,,,1,1,True,True,OnlyBlueLH_0706,13.4
59dccd61e75b450001a689b7,1,0,1,,AllColorsLL1_0526,AllColorsLH_0617,6.48,9.39,4.9,7.2,1,1,1,0.0,0.0,10,,0.0,1,1,True,True,AllColorsLH_0617,13.2
59dccd61e75b450001a689b7,4,0,1,,AllColorsLH_0617,AllColorsLL1_0526,9.39,6.48,11.4,5.6,1,0,0,0.0,0.0,6,,0.0,1,1,False,False,AllColorsLH_0617,13.2
59dccd61e75b450001a689b7,5,0,1,-1.0,AllColorsLL1_0526,OnlyBlueLH_0706,6.48,8.84,11.9,12.8,1,1,1,0.0,0.0,5,,0.0,1,1,True,True,AllColorsLH_0617,13.2
616446c54ec10a56f2070911,1,1,0,3.0,AllColorsLL1_0526,AllColorsLH_0617,6.48,9.39,8.2,11.9,1,1,1,47.0,1.0,7,7.0,1.0,1,1,True,True,OnlyBlueLH_0706,13.4
616446c54ec10a56f2070911,2,1,0,3.0,AllColorsLH_0617,OnlyBlueLH_0706,9.39,8.84,6.1,9.5,1,0,1,26.0,1.0,9,9.0,1.0,1,1,True,False,OnlyBlueLH_0706,13.4
616446c54ec10a56f2070911,5,1,0,1.0,OnlyBlueLH_0706,OnlyBlueLL_0625,8.84,7.49,7.4,4.7,0,1,1,147.0,1.0,14,14.0,1.0,1,1,False,False,OnlyBlueLH_0706,13.4
67237e8fe4d32fbb53aabc67,1,3,1,1.0,AllColorsLL1_0526,AllColorsLH_0617,6.48,9.39,8.2,11.9,1,1,1,19.0,1.0,7,8.0,1.0,1,1,True,True,NoRedLH1_0612,14.2
67237e8fe4d32fbb53aabc67,2,3,1,1.0,AllColorsLH_0617,OnlyBlueLH_0706,9.39,8.84,9.3,7.7,1,0,0,40.0,1.0,4,2.0,0.0,1,1,False,False,NoRedLH1_0612,14.2
67237e8fe4d32fbb53aabc67,4,3,1,0.0,OnlyBlueLH_0706,NoRedLH1_0612,8.84,10.87,11.1,14.4,1,1,1,12.0,1.0,3,15.0,1.0,1,1,True,True,NoRedLH1_0612,14.2
67237e8fe4d32fbb53aabc67,5,3,1,1.0,NoRedLH1_0612,OnlyBlueLH_0706,10.87,8.84,13.4,11.5,0,1,1,20.0,1.0,13,6.0,1.0,1,1,False,False,NoRedLH1_0612,14.2
6413a8ae4d8739dd77933117,1,1,0,3.0,AllColorsLL1_0526,OnlyGreenLL_0429,6.48,1.88,5.6,-3.4,0,1,1,17.0,1.0,6,6.0,1.0,-1,-1,False,False,AllColorsLH_0617,13.2
6413a8ae4d8739dd77933117,2,1,0,4.0,AllColorsLL1_0526,OnlyBlueLL_0625,6.48,7.49,4.4,10.4,0,0,0,13.0,1.0,3,3.0,0.0,1,1,True,True,AllColorsLH_0617,13.2
6413a8ae4d8739dd77933117,4,1,0,4.0,AllColorsLL1_0526,AllColorsLH_0617,6.48,9.39,4.3,9.1,1,1,1,12.0,1.0,18,18.0,1.0,1,1,True,True,AllColorsLH_0617,13.2
614e848825ae648282115670,1,1,1,1.0,AllColorsLL1_0526,OnlyBlueLH_0706,6.48,8.84,10.4,10.4,1,1,1,113.0,1.0,19,19.0,1.0,1,0,True,True,NoRedLH1_0612,14.2
614e848825ae648282115670,2,1,1,0.0,OnlyBlueLH_0706,AllColorsLL1_0526,8.84,6.48,11.6,8.2,0,1,1,46.0,1.0,7,7.0,1.0,0,0,False,False,NoRedLH1_0612,14.2
614e848825ae648282115670,3,1,1,1.0,OnlyBlueLH_0706,NoRedLH1_0612,8.84,10.87,8.6,12.2,1,1,1,66.0,1.0,18,18.0,1.0,1,1,True,True,NoRedLH1_0612,14.2
66c4f3cb14cbfc4db836bd4e,1,1,0,4.0,AllColorsLL1_0526,OnlyGreenLL_0429,6.48,1.88,9.3,7.0,1,0,0,72.0,1.0,2,15.0,0.0,-1,-1,False,False,OnlyGreenLL_0429,-5.3
66c4f3cb14cbfc4db836bd4e,3,1,0,2.0,OnlyGreenLL_0429,AllColorsLL1_0526,1.88,6.48,5.6,8.2,0,0,0,17.0,1.0,7,7.0,0.0,0,0,True,True,OnlyGreenLL_0429,-5.3
56b78f11e77ebe000cbefe79,1,3,1,4.0,AllColorsLL1_0526,AllColorsLH_0617,6.48,9.39,4.9,7.2,1,1,1,42.0,1.0,10,15.0,0.0,1,1,True,True,OnlyBlueLH_0706,13.4
56b78f11e77ebe000cbefe79,3,3,1,4.0,AllColorsLH_0617,OnlyBlueLH_0706,9.39,8.84,9.1,8.6,0,1,1,91.0,1.0,18,14.0,1.0,1,1,False,False,OnlyBlueLH_0706,13.4
56b78f11e77ebe000cbefe79,5,3,1,6.0,AllColorsLH_0617,OnlyBlueLH_0706,9.39,8.84,13.2,11.1,1,0,0,69.0,1.0,3,8.0,1.0,1,1,False,False,OnlyBlueLH_0706,13.4
6065f9d75bd3321f0bafa750,1,0,0,,AllColorsLL1_0526,OnlyGreenLL_0429,6.48,1.88,8.0,8.4,1,0,1,0.0,0.0,11,,0.0,-1,1,True,False,OnlyBlueLH_0706,13.4
6065f9d75bd3321f0bafa750,2,0,0,,OnlyGreenLL_0429,AllColorsLL1_0526,1.88,6.48,4.5,11.9,1,1,1,0.0,0.0,5,,0.0,1,1,True,True,OnlyBlueLH_0706,13.4
6065f9d75bd3321f0bafa750,4,0,0,,AllColorsLL1_0526,OnlyBlueLH_0706,6.48,8.84,4.3,8.6,1,1,1,0.0,0.0,18,,0.0,1,1,True,True,OnlyBlueLH_0706,13.4
6065f9d75bd3321f0bafa750,5,0,0,,OnlyBlueLH_0706,OnlyBlueLH_0706,8.84,9.39,11.4,11.4,1,1,1,0.0,0.0,6,,,1,1,True,True,OnlyBlueLH_0706,13.4
6595d2e18750476cd41774f6,1,0,1,,AllColorsLL1_0526,OnlyBlueLH_0706,6.48,8.84,4.3,8.6,1,1,1,0.0,0.0,18,,0.0,1,1,True,True,OnlyBlueLH_0706,13.4
5c849a40a869d400179ab427,1,3,0,1.0,AllColorsLL1_0526,OnlyBlueLH_0706,6.48,8.84,4.4,11.1,1,1,1,26.0,1.0,3,16.0,1.0,1,1,True,True,OnlyBlueLH_0706,13.4
5c849a40a869d400179ab427,2,3,0,1.0,OnlyBlueLH_0706,OnlyBlueLL_0625,8.84,7.49,7.4,4.7,0,1,1,24.0,1.0,14,9.0,1.0,1,1,False,False,OnlyBlueLH_0706,13.4
5c849a40a869d400179ab427,4,3,0,1.0,OnlyBlueLH_0706,NoRedLH1_0612,8.84,10.87,8.6,12.2,0,0,0,42.0,1.0,18,13.0,0.0,1,1,True,True,OnlyBlueLH_0706,13.4
5d542c3a5af5900019bc80c4,1,3,0,1.0,AllColorsLL1_0526,OnlyBlueLH_0706,6.48,8.84,3.7,11.4,0,0,0,62.0,1.0,17,11.0,1.0,1,1,True,True,OnlyBlueLH_0706,13.4
5d542c3a5af5900019bc80c4,2,3,0,1.0,AllColorsLL1_0526,OnlyBlueLH_0706,6.48,8.84,7.6,7.6,1,1,1,26.0,1.0,16,12.0,1.0,1,0,True,True,OnlyBlueLH_0706,13.4
5d542c3a5af5900019bc80c4,3,3,0,0.0,OnlyBlueLH_0706,OnlyBlueLL_0625,8.84,7.49,10.4,10.4,0,1,1,35.0,1.0,19,14.0,1.0,1,0,True,False,OnlyBlueLH_0706,13.4
5d542c3a5af5900019bc80c4,4,3,0,0.0,OnlyBlueLH_0706,AllColorsLL1_0526,8.84,6.48,11.6,8.2,0,1,1,42.0,1.0,7,3.0,1.0,0,0,False,False,OnlyBlueLH_0706,13.4
5d542c3a5af5900019bc80c4,5,3,0,1.0,OnlyBlueLH_0706,AllColorsLH_0617,8.84,9.39,7.6,7.8,0,0,0,28.0,1.0,15,9.0,1.0,1,-1,True,True,OnlyBlueLH_0706,13.4
5c2b9ce5b337310001996c05,1,1,0,2.0,AllColorsLL1_0526,OnlyGreenLL_0429,6.48,1.88,10.9,7.3,0,1,1,30.0,1.0,13,13.0,1.0,-1,-1,False,False,AllColorsLH_0617,13.2
5c2b9ce5b337310001996c05,2,1,0,1.0,AllColorsLL1_0526,AllColorsLH_0617,6.48,9.39,2.9,5.7,1,1,1,16.0,1.0,1,1.0,1.0,1,1,True,True,AllColorsLH_0617,13.2
5c2b9ce5b337310001996c05,4,1,0,4.0,AllColorsLH_0617,OnlyBlueLH_0706,9.39,8.84,9.1,8.6,1,0,0,22.0,1.0,18,18.0,0.0,1,1,False,False,AllColorsLH_0617,13.2
5c2b9ce5b337310001996c05,5,1,0,1.0,OnlyBlueLH_0706,AllColorsLH_0617,8.84,9.39,11.4,11.4,1,1,1,15.0,1.0,6,6.0,1.0,1,1,True,True,AllColorsLH_0617,13.2
60b3950b9a1de417d37bb8d2,1,2,1,2.0,AllColorsLL1_0526,AllColorsLH_0617,6.48,9.39,6.7,9.3,1,1,1,23.0,1.0,12,3.0,1.0,1,1,True,True,AllColorsLH_0617,13.2
60b3950b9a1de417d37bb8d2,2,2,1,2.0,AllColorsLH_0617,NoRedLH1_0612,9.39,10.87,10.9,13.4,1,1,1,16.0,1.0,13,8.0,1.0,1,1,True,True,AllColorsLH_0617,13.2
60b3950b9a1de417d37bb8d2,5,2,1,0.0,NoRedLH1_0612,AllColorsLH_0617,10.87,9.39,10.2,9.8,1,0,0,40.0,1.0,14,10.0,0.0,1,1,False,False,AllColorsLH_0617,13.2
59142b45ef024b0001c54c33,1,0,1,,AllColorsLL1_0526,OnlyGreenLL_0429,6.48,1.88,4.3,5.7,1,0,1,0.0,0.0,18,,0.0,-1,1,True,False,NoRedLH1_0612,14.2
59142b45ef024b0001c54c33,2,0,1,,OnlyGreenLL_0429,OnlyBlueLL_0625,1.88,7.49,5.6,11.6,1,1,1,0.0,0.0,7,,0.0,1,1,True,True,NoRedLH1_0612,14.2
59142b45ef024b0001c54c33,3,0,1,,OnlyBlueLL_0625,AllColorsLH_0617,7.49,9.39,7.7,9.3,1,1,1,0.0,0.0,4,,0.0,1,1,True,True,NoRedLH1_0612,14.2
59142b45ef024b0001c54c33,4,0,1,,AllColorsLH_0617,NoRedLH1_0612,9.39,10.87,5.7,9.1,1,1,1,0.0,0.0,1,,0.0,1,1,True,True,NoRedLH1_0612,14.2
6777f3e9760d3844217b5ea8,1,0,0,,AllColorsLL1_0526,AllColorsLH_0617,6.48,9.39,3.7,11.0,1,1,1,0.0,0.0,17,,0.0,1,1,True,True,NoRedLH1_0612,14.2
6777f3e9760d3844217b5ea8,2,0,0,,AllColorsLH_0617,NoRedLH1_0612,9.39,10.87,9.3,9.7,1,1,1,0.0,0.0,12,,0.0,1,1,True,True,NoRedLH1_0612,14.2
6777f3e9760d3844217b5ea8,3,0,0,,NoRedLH1_0612,AllColorsLH_0617,10.87,9.39,9.9,11.0,1,0,1,0.0,0.0,11,,0.0,1,1,True,False,NoRedLH1_0612,14.2
6777f3e9760d3844217b5ea8,4,0,0,,AllColorsLH_0617,NoRedLH1_0612,9.39,10.87,7.8,9.1,1,1,1,0.0,0.0,16,,0.0,1,1,True,True,NoRedLH1_0612,14.2
66a90c2263a2823be078178e,1,3,1,2.0,AllColorsLL1_0526,OnlyBlueLH_0706,6.48,8.84,8.0,6.5,1,1,0,54.0,1.0,11,14.0,1.0,1,-1,False,True,AllColorsLH_0617,13.2
66a90c2263a2823be078178e,2,3,1,1.0,OnlyBlueLH_0706,AllColorsLH_0617,8.84,9.39,11.4,11.4,0,0,1,47.0,1.0,6,7.0,0.0,1,1,True,True,AllColorsLH_0617,13.2
66a90c2263a2823be078178e,3,3,1,1.0,OnlyBlueLH_0706,NoRedLH1_0612,8.84,10.87,11.5,13.4,0,0,0,51.0,1.0,13,9.0,1.0,1,1,True,True,AllColorsLH_0617,13.2
66a90c2263a2823be078178e,4,3,1,0.0,OnlyBlueLH_0706,AllColorsLH_0617,8.84,9.39,7.6,8.9,0,0,0,38.0,1.0,2,3.0,0.0,1,-1,True,True,AllColorsLH_0617,13.2
66a90c2263a2823be078178e,5,3,1,2.0,OnlyBlueLH_0706,AllColorsLH_0617,8.84,9.39,3.8,5.7,1,1,1,29.0,1.0,1,15.0,1.0,1,1,True,True,AllColorsLH_0617,13.2
6630fcae418bde6a9e7c3b47,1,0,0,,AllColorsLL1_0526,AllColorsLH_0617,6.48,9.39,9.3,8.9,1,1,0,0.0,0.0,2,,0.0,1,-1,False,True,AllColorsLH_0617,13.2
6630fcae418bde6a9e7c3b47,2,0,0,,AllColorsLH_0617,NoRedLH1_0612,9.39,10.87,11.4,13.0,1,1,1,0.0,0.0,19,,0.0,1,1,True,True,AllColorsLH_0617,13.2
6630fcae418bde6a9e7c3b47,3,0,0,,NoRedLH1_0612,OnlyBlueLL_0625,10.87,7.49,9.7,9.7,1,0,1,0.0,0.0,12,,0.0,1,1,True,False,AllColorsLH_0617,13.2
6630fcae418bde6a9e7c3b47,4,0,0,,OnlyBlueLL_0625,AllColorsLH_0617,7.49,9.39,2.7,7.8,1,1,1,0.0,0.0,16,,0.0,1,1,True,True,AllColorsLH_0617,13.2
6630fcae418bde6a9e7c3b47,5,0,0,,AllColorsLH_0617,AllColorsLH_0617,9.39,10.87,9.3,9.5,1,1,1,0.0,0.0,4,,,1,1,True,True,AllColorsLH_0617,13.2
59bc25620ac77f0001f05574,1,1,1,0.0,AllColorsLL1_0526,OnlyBlueLH_0706,6.48,8.84,5.6,11.4,1,1,1,45.0,1.0,6,6.0,1.0,1,1,True,True,OnlyBlueLH_0706,13.4
66799043863669170269eedf,1,2,1,4.0,AllColorsLL1_0526,OnlyBlueLL_0625,6.48,7.49,8.2,11.6,0,0,0,29.0,1.0,7,18.0,0.0,1,1,True,True,NoRedLH1_0612,14.2
66799043863669170269eedf,2,2,1,2.0,AllColorsLL1_0526,OnlyBlueLL_0625,6.48,7.49,4.9,7.8,1,1,1,31.0,1.0,10,17.0,1.0,1,1,True,True,NoRedLH1_0612,14.2
66799043863669170269eedf,3,2,1,4.0,OnlyBlueLL_0625,AllColorsLH_0617,7.49,9.39,10.4,13.2,1,1,1,20.0,1.0,3,14.0,1.0,1,1,True,True,NoRedLH1_0612,14.2
66799043863669170269eedf,4,2,1,6.0,AllColorsLH_0617,NoRedLH1_0612,9.39,10.87,9.3,9.5,1,1,1,25.0,1.0,4,9.0,1.0,1,1,True,True,NoRedLH1_0612,14.2
67aa34015d2def3278e3ee41,2,1,0,3.0,AllColorsLL1_0526,AllColorsLH_0617,6.48,9.39,11.9,15.1,1,1,1,13.0,1.0,5,5.0,1.0,1,1,True,True,AllColorsLH_0617,13.2
60fd310fff5b2600c9d95554,1,3,0,1.0,AllColorsLL1_0526,OnlyBlueLH_0706,6.48,8.84,7.6,7.6,1,1,1,77.0,1.0,16,4.0,1.0,1,0,True,True,NoRedLH1_0612,14.2
60fd310fff5b2600c9d95554,2,3,0,1.0,OnlyBlueLH_0706,AllColorsLL1_0526,8.84,6.48,11.5,10.9,0,1,1,46.0,1.0,13,7.0,1.0,0,0,False,False,NoRedLH1_0612,14.2
60fd310fff5b2600c9d95554,3,3,0,1.0,OnlyBlueLH_0706,AllColorsLH_0617,8.84,9.39,7.6,7.8,1,1,1,72.0,1.0,15,5.0,1.0,1,-1,True,True,NoRedLH1_0612,14.2
60fd310fff5b2600c9d95554,4,3,0,1.0,AllColorsLH_0617,NoRedLH1_0612,9.39,10.87,11.4,13.0,1,1,1,52.0,1.0,19,12.0,1.0,1,1,True,True,NoRedLH1_0612,14.2
66a63df6388e9adeb75e857d,1,2,1,1.0,AllColorsLL1_0526,OnlyBlueLH_0706,6.48,8.84,10.4,10.4,1,1,1,21.0,1.0,19,9.0,1.0,1,0,True,True,NoRedLH1_0612,14.2
66a63df6388e9adeb75e857d,2,2,1,1.0,OnlyBlueLH_0706,AllColorsLL1_0526,8.84,6.48,12.8,11.9,0,1,1,46.0,1.0,5,17.0,1.0,0,0,False,False,NoRedLH1_0612,14.2
66a63df6388e9adeb75e857d,3,2,1,1.0,OnlyBlueLH_0706,AllColorsLH_0617,8.84,9.39,7.4,9.8,1,1,1,29.0,1.0,14,14.0,1.0,1,1,True,True,NoRedLH1_0612,14.2
66a63df6388e9adeb75e857d,4,2,1,1.0,AllColorsLH_0617,NoRedLH1_0612,9.39,10.87,7.8,9.3,1,1,1,43.0,1.0,15,8.0,1.0,1,1,True,True,NoRedLH1_0612,14.2
6747603ffa5c374fa8cfbe30,2,1,1,1.0,AllColorsLL1_0526,OnlyBlueLH_0706,6.48,8.84,8.2,11.6,1,1,1,53.0,1.0,7,7.0,1.0,1,1,True,True,OnlyBlueLH_0706,13.4
66894af85d486bf277cfa44b,1,1,0,3.0,AllColorsLL1_0526,OnlyGreenLL_0429,6.48,1.88,8.0,8.4,1,0,1,38.0,1.0,11,11.0,1.0,-1,1,True,False,OnlyBlueLL_0625,4.7
66894af85d486bf277cfa44b,2,1,0,3.0,OnlyGreenLL_0429,AllColorsLH_0617,1.88,9.39,-8.6,11.0,1,1,1,23.0,1.0,17,17.0,1.0,1,1,True,True,OnlyBlueLL_0625,4.7
66894af85d486bf277cfa44b,3,1,0,1.0,AllColorsLH_0617,NoRedLH1_0612,9.39,10.87,9.3,9.7,1,1,1,34.0,1.0,12,12.0,1.0,1,1,True,True,OnlyBlueLL_0625,4.7
66894af85d486bf277cfa44b,4,1,0,1.0,NoRedLH1_0612,AllColorsLL1_0526,10.87,6.48,9.1,7.6,0,1,1,26.0,1.0,16,16.0,1.0,0,0,False,False,OnlyBlueLL_0625,4.7
66894af85d486bf277cfa44b,5,1,0,1.0,NoRedLH1_0612,OnlyBlueLL_0625,10.87,7.49,13.4,14.1,1,0,1,34.0,1.0,13,13.0,1.0,1,1,True,False,OnlyBlueLL_0625,4.7
5e7d2f16e863ba0d96dc610f,1,1,0,1.0,AllColorsLL1_0526,OnlyBlueLH_0706,6.48,8.84,7.6,7.6,1,1,1,60.0,1.0,16,16.0,1.0,1,0,True,True,AllColorsLH_0617,13.2
5e7d2f16e863ba0d96dc610f,2,1,0,1.0,OnlyBlueLH_0706,AllColorsLH_0617,8.84,9.39,7.6,7.8,1,1,1,43.0,1.0,15,15.0,1.0,1,-1,True,True,AllColorsLH_0617,13.2
5e7d2f16e863ba0d96dc610f,3,1,0,8.0,AllColorsLH_0617,OnlyBlueLL_0625,9.39,7.49,6.1,7.5,1,0,1,37.0,1.0,9,9.0,1.0,1,1,True,False,AllColorsLH_0617,13.2
5e7d2f16e863ba0d96dc610f,5,1,0,1.0,OnlyBlueLL_0625,AllColorsLH_0617,7.49,9.39,7.7,9.3,1,1,1,36.0,1.0,4,4.0,1.0,1,1,True,True,AllColorsLH_0617,13.2
5bb62f1a3e969700019bd44d,1,1,0,2.0,AllColorsLL1_0526,OnlyBlueLH_0706,6.48,8.84,10.9,11.5,1,1,1,32.0,1.0,13,13.0,1.0,1,1,True,True,NoRedLH1_0612,14.2
5bb62f1a3e969700019bd44d,3,1,0,1.0,OnlyBlueLH_0706,AllColorsLH_0617,8.84,9.39,7.7,9.3,1,1,1,66.0,1.0,4,4.0,1.0,1,1,True,True,NoRedLH1_0612,14.2
5bb62f1a3e969700019bd44d,5,1,0,1.0,AllColorsLH_0617,NoRedLH1_0612,9.39,10.87,10.8,14.7,1,1,1,19.0,1.0,8,8.0,1.0,1,1,True,True,NoRedLH1_0612,14.2
5f98099d48060d0450394002,1,2,0,1.0,AllColorsLL1_0526,AllColorsLH_0617,6.48,9.39,11.9,15.1,1,1,1,21.0,1.0,5,17.0,1.0,1,1,True,True,OnlyBlueLH_0706,13.4
5f98099d48060d0450394002,2,2,0,5.0,AllColorsLH_0617,OnlyBlueLH_0706,9.39,8.84,9.1,8.6,1,0,0,12.0,1.0,18,11.0,0.0,1,1,False,False,OnlyBlueLH_0706,13.4
5e1b795dc799223a3b447ada,1,1,1,1.0,AllColorsLL1_0526,OnlyBlueLH_0706,6.48,8.84,4.4,11.1,1,1,1,8.0,1.0,3,3.0,1.0,1,1,True,True,OnlyBlueLH_0706,13.4
6763911a202c7db0ad8d5790,1,3,1,1.0,AllColorsLL1_0526,AllColorsLH_0617,6.48,9.39,5.6,11.4,1,1,1,29.0,1.0,6,3.0,1.0,1,1,True,True,NoRedLH1_0612,14.2
6763911a202c7db0ad8d5790,2,3,1,2.0,AllColorsLH_0617,NoRedLH1_0612,9.39,10.87,11.0,11.4,0,0,0,13.0,1.0,17,13.0,0.0,1,1,True,True,NoRedLH1_0612,14.2
6763911a202c7db0ad8d5790,5,3,1,1.0,AllColorsLH_0617,NoRedLH1_0612,9.39,10.87,9.8,10.2,1,1,1,29.0,1.0,14,9.0,1.0,1,1,True,True,NoRedLH1_0612,14.2
663e1aba0afad079dae41953,1,0,1,,AllColorsLL1_0526,AllColorsLH_0617,6.48,9.39,11.9,15.1,1,1,1,0.0,0.0,5,,0.0,1,1,True,True,NoRedLH1_0612,14.2
663e1aba0afad079dae41953,2,0,1,,AllColorsLH_0617,NoRedLH1_0612,9.39,10.87,11.0,11.4,1,1,1,0.0,0.0,17,,0.0,1,1,True,True,NoRedLH1_0612,14.2
559b8c79fdf99b5ae13fd3d1,1,2,1,1.0,AllColorsLL1_0526,OnlyGreenLL_0429,6.48,1.88,8.0,8.4,0,1,0,26.0,1.0,11,17.0,1.0,-1,1,True,False,AllColorsLH_0617,13.2
559b8c79fdf99b5ae13fd3d1,2,2,1,1.0,AllColorsLL1_0526,AllColorsLH_0617,6.48,9.39,7.3,9.3,1,1,1,19.0,1.0,4,6.0,1.0,1,1,True,True,AllColorsLH_0617,13.2
559b8c79fdf99b5ae13fd3d1,4,2,1,1.0,AllColorsLH_0617,NoRedLH1_0612,9.39,10.87,11.9,12.8,0,0,0,19.0,1.0,7,8.0,0.0,1,1,True,True,AllColorsLH_0617,13.2
634d7250f674c11a71d1b88e,1,3,0,1.0,AllColorsLL1_0526,OnlyGreenLL_0429,6.48,1.88,8.0,8.4,0,1,0,66.0,1.0,11,15.0,1.0,-1,1,True,False,NoRedLH1_0612,14.2
634d7250f674c11a71d1b88e,2,3,0,2.0,AllColorsLL1_0526,AllColorsLH_0617,6.48,9.39,8.2,11.9,1,1,1,16.0,1.0,7,19.0,1.0,1,1,True,True,NoRedLH1_0612,14.2
634d7250f674c11a71d1b88e,3,3,0,0.0,AllColorsLH_0617,NoRedLH1_0612,9.39,10.87,5.7,9.1,1,1,1,21.0,1.0,1,12.0,1.0,1,1,True,True,NoRedLH1_0612,14.2
634d7250f674c11a71d1b88e,5,3,0,1.0,NoRedLH1_0612,OnlyBlueLL_0625,10.87,7.49,12.2,10.2,0,1,1,20.0,1.0,18,17.0,1.0,1,1,False,False,NoRedLH1_0612,14.2
5e38397719e44f0244389781,1,0,0,,AllColorsLL1_0526,OnlyGreenLL_0429,6.48,1.88,8.2,-0.5,1,0,0,0.0,0.0,15,,0.0,-1,-1,False,False,AllColorsLH_0617,13.2
5e38397719e44f0244389781,2,0,0,,OnlyGreenLL_0429,AllColorsLH_0617,1.88,9.39,7.0,8.9,1,1,1,0.0,0.0,2,,0.0,1,-1,True,True,AllColorsLH_0617,13.2
5e38397719e44f0244389781,3,0,0,,AllColorsLH_0617,NoRedLH1_0612,9.39,10.87,13.2,14.4,1,1,1,0.0,0.0,3,,0.0,1,1,True,True,AllColorsLH_0617,13.2
5e38397719e44f0244389781,4,0,0,,NoRedLH1_0612,AllColorsLH_0617,10.87,9.39,10.2,9.8,1,0,0,0.0,0.0,14,,0.0,1,1,False,False,AllColorsLH_0617,13.2
5e38397719e44f0244389781,5,0,0,,AllColorsLH_0617,AllColorsLH_0617,9.39,8.84,9.1,8.6,1,0,0,0.0,0.0,18,,,1,1,False,False,AllColorsLH_0617,13.2
5d41925ef7b99500012b960e,1,3,0,0.0,AllColorsLL1_0526,AllColorsLH_0617,6.48,9.39,9.3,8.9,1,1,0,27.0,1.0,2,9.0,1.0,1,-1,False,True,AllColorsLH_0617,13.2
5d41925ef7b99500012b960e,2,3,0,1.0,AllColorsLH_0617,NoRedLH1_0612,9.39,10.87,10.9,13.4,0,0,0,49.0,1.0,13,14.0,0.0,1,1,True,True,AllColorsLH_0617,13.2
5d41925ef7b99500012b960e,4,3,0,2.0,AllColorsLH_0617,NoRedLH1_0612,9.39,10.87,9.3,9.5,0,0,0,30.0,1.0,4,11.0,1.0,1,1,True,True,AllColorsLH_0617,13.2
5d41925ef7b99500012b960e,5,3,0,2.0,AllColorsLH_0617,OnlyBlueLL_0625,9.39,7.49,9.3,9.7,0,1,0,10.0,1.0,12,8.0,1.0,1,1,True,False,AllColorsLH_0617,13.2
67e6e99634be5e57bbd2553f,2,0,0,,AllColorsLL1_0526,AllColorsLH_0617,6.48,9.39,11.9,15.1,1,1,1,0.0,0.0,5,,0.0,1,1,True,True,AllColorsLH_0617,13.2
67e6e99634be5e57bbd2553f,5,0,0,,AllColorsLH_0617,AllColorsLH_0617,9.39,6.48,5.7,2.9,1,0,0,0.0,0.0,1,,,0,0,False,False,AllColorsLH_0617,13.2
68423451060859f8ce31ee5a,2,2,0,1.0,AllColorsLL1_0526,OnlyGreenLL_0429,6.48,1.88,7.3,-11.0,1,0,0,58.0,1.0,4,17.0,0.0,-1,-1,False,False,AllColorsLH_0617,13.2
68423451060859f8ce31ee5a,3,2,0,0.0,OnlyGreenLL_0429,AllColorsLH_0617,1.88,9.39,7.0,8.9,1,1,1,40.0,1.0,2,6.0,1.0,1,-1,True,True,AllColorsLH_0617,13.2
68423451060859f8ce31ee5a,4,2,0,1.0,AllColorsLH_0617,NoRedLH1_0612,9.39,10.87,9.3,9.7,0,0,0,22.0,1.0,12,10.0,0.0,1,1,True,True,AllColorsLH_0617,13.2
5f720be956c0ef0dc307426f,1,1,0,1.0,AllColorsLL1_0526,OnlyBlueLH_0706,6.48,8.84,4.4,11.1,1,1,1,9.0,1.0,3,3.0,1.0,1,1,True,True,NoRedLH1_0612,14.2
5f720be956c0ef0dc307426f,2,1,0,1.0,OnlyBlueLH_0706,AllColorsLH_0617,8.84,9.39,7.6,7.8,1,1,1,13.0,1.0,15,15.0,1.0,1,-1,True,True,NoRedLH1_0612,14.2
5f720be956c0ef0dc307426f,3,1,0,1.0,AllColorsLH_0617,NoRedLH1_0612,9.39,10.87,10.9,13.4,1,1,1,16.0,1.0,13,13.0,1.0,1,1,True,True,NoRedLH1_0612,14.2
63af557b3d4f219c3226b7d6,1,2,0,4.0,AllColorsLL1_0526,OnlyGreenLL_0429,6.48,1.88,10.9,7.3,1,0,0,28.0,1.0,13,6.0,0.0,-1,-1,False,False,AllColorsLH_0617,13.2
63af557b3d4f219c3226b7d6,2,2,0,0.0,OnlyGreenLL_0429,OnlyBlueLL_0625,1.88,7.49,7.5,3.6,1,1,0,24.0,1.0,8,17.0,1.0,1,-1,False,True,AllColorsLH_0617,13.2
63af557b3d4f219c3226b7d6,4,2,0,1.0,OnlyBlueLL_0625,AllColorsLH_0617,7.49,9.39,7.5,6.1,1,1,0,20.0,1.0,9,5.0,1.0,1,1,False,True,AllColorsLH_0617,13.2
63af557b3d4f219c3226b7d6,5,2,0,1.0,AllColorsLH_0617,OnlyBlueLH_0706,9.39,8.84,9.8,7.4,0,1,1,47.0,1.0,14,14.0,1.0,1,1,False,False,AllColorsLH_0617,13.2
5f2f8574ff256b37b1970220,1,1,0,1.0,AllColorsLL1_0526,AllColorsLH_0617,6.48,9.39,7.6,10.8,1,1,1,88.0,1.0,8,8.0,1.0,1,1,True,True,NoRedLH1_0612,14.2
5f2f8574ff256b37b1970220,2,1,0,1.0,AllColorsLH_0617,NoRedLH1_0612,9.39,10.87,11.4,13.0,1,1,1,63.0,1.0,19,19.0,1.0,1,1,True,True,NoRedLH1_0612,14.2
5f2f8574ff256b37b1970220,4,1,0,1.0,NoRedLH1_0612,AllColorsLH_0617,10.87,9.39,9.9,11.0,1,0,1,54.0,1.0,11,11.0,1.0,1,1,True,False,NoRedLH1_0612,14.2
5f2f8574ff256b37b1970220,5,1,0,1.0,AllColorsLH_0617,NoRedLH1_0612,9.39,10.87,7.8,9.3,1,1,1,86.0,1.0,15,15.0,1.0,1,1,True,True,NoRedLH1_0612,14.2
5978f6f009bdcf000153f43d,1,3,0,1.0,AllColorsLL1_0526,OnlyBlueLH_0706,6.48,8.84,6.7,9.7,1,1,1,29.0,1.0,12,9.0,1.0,1,1,True,True,OnlyBlueLH_0706,13.4
5978f6f009bdcf000153f43d,3,3,0,0.0,OnlyBlueLH_0706,AllColorsLL1_0526,8.84,6.48,12.8,7.6,1,0,0,18.0,1.0,8,18.0,0.0,0,0,False,False,OnlyBlueLH_0706,13.4
5978f6f009bdcf000153f43d,4,3,0,1.0,AllColorsLL1_0526,OnlyBlueLH_0706,6.48,8.84,4.9,7.8,1,1,1,14.0,1.0,10,16.0,1.0,1,1,True,True,OnlyBlueLH_0706,13.4
5978f6f009bdcf000153f43d,5,3,0,0.0,OnlyBlueLH_0706,AllColorsLL1_0526,8.84,6.48,10.4,10.4,0,1,1,25.0,1.0,19,5.0,1.0,0,0,True,False,OnlyBlueLH_0706,13.4
61705235c277934df17055e6,1,3,0,1.0,AllColorsLL1_0526,AllColorsLH_0617,6.48,9.39,3.7,11.0,0,0,0,12.0,1.0,17,4.0,0.0,1,1,True,True,OnlyBlueLH_0706,13.4
61705235c277934df17055e6,4,3,0,1.0,AllColorsLL1_0526,OnlyBlueLH_0706,6.48,8.84,4.3,8.6,1,1,1,55.0,1.0,18,7.0,1.0,1,1,True,True,OnlyBlueLH_0706,13.4
615838a2d65d6be56cc96091,2,2,1,3.0,AllColorsLL1_0526,AllColorsLH_0617,6.48,9.39,4.3,9.1,1,1,1,21.0,1.0,18,6.0,1.0,1,1,True,True,AllColorsLH_0617,13.2
615838a2d65d6be56cc96091,4,2,1,1.0,AllColorsLH_0617,NoRedLH1_0612,9.39,10.87,11.4,13.0,0,0,0,21.0,1.0,19,10.0,0.0,1,1,True,True,AllColorsLH_0617,13.2
671fe3978b9b0b5d4b9a1265,1,0,0,,AllColorsLL1_0526,OnlyBlueLH_0706,6.48,8.84,7.6,12.8,1,1,1,0.0,0.0,8,,0.0,1,1,True,True,OnlyBlueLL_0625,4.7
671fe3978b9b0b5d4b9a1265,2,0,0,,OnlyBlueLH_0706,AllColorsLL1_0526,8.84,6.48,3.8,2.9,1,0,0,0.0,0.0,1,,0.0,1,1,False,False,OnlyBlueLL_0625,4.7
671fe3978b9b0b5d4b9a1265,3,0,0,,AllColorsLL1_0526,OnlyBlueLH_0706,6.48,8.84,3.7,11.4,1,1,1,0.0,0.0,17,,0.0,1,1,True,True,OnlyBlueLL_0625,4.7
671fe3978b9b0b5d4b9a1265,4,0,0,,OnlyBlueLH_0706,OnlyBlueLL_0625,8.84,7.49,11.6,11.6,1,0,1,0.0,0.0,7,,0.0,1,1,True,False,OnlyBlueLL_0625,4.7
671fe3978b9b0b5d4b9a1265,5,0,0,,OnlyBlueLL_0625,OnlyBlueLL_0625,7.49,8.84,7.6,7.6,1,1,1,0.0,0.0,2,,,1,-1,True,True,OnlyBlueLL_0625,4.7
5ee5defbfe74a3000d106f51,1,3,0,4.0,AllColorsLL1_0526,OnlyGreenLL_0429,6.48,1.88,10.9,7.3,1,0,0,24.0,1.0,13,7.0,0.0,-1,-1,False,False,OnlyBlueLL_0625,4.7
5ee5defbfe74a3000d106f51,3,3,0,5.0,OnlyGreenLL_0429,OnlyBlueLL_0625,1.88,7.49,7.0,7.6,1,1,1,8.0,1.0,2,19.0,1.0,1,-1,True,True,OnlyBlueLL_0625,4.7
5ee5defbfe74a3000d106f51,5,3,0,2.0,OnlyBlueLL_0625,OnlyBlueLH_0706,7.49,8.84,10.4,11.1,0,0,0,9.0,1.0,3,18.0,1.0,1,1,True,True,OnlyBlueLL_0625,4.7
669eba3ad8d7d49177bc50d0,1,3,0,0.0,AllColorsLL1_0526,OnlyGreenLL_0429,6.48,1.88,8.2,5.6,0,1,1,49.0,1.0,7,16.0,1.0,-1,-1,False,False,OnlyBlueLL_0625,4.7
669eba3ad8d7d49177bc50d0,2,3,0,1.0,AllColorsLL1_0526,OnlyGreenLL_0429,6.48,1.88,9.3,7.0,1,0,0,27.0,1.0,2,18.0,1.0,-1,-1,False,False,OnlyBlueLL_0625,4.7
669eba3ad8d7d49177bc50d0,3,3,0,1.0,OnlyGreenLL_0429,AllColorsLH_0617,1.88,9.39,7.5,10.8,1,1,1,28.0,1.0,8,5.0,1.0,1,1,True,True,OnlyBlueLL_0625,4.7
669eba3ad8d7d49177bc50d0,4,3,0,3.0,AllColorsLH_0617,OnlyBlueLL_0625,9.39,7.49,7.2,7.8,1,0,1,13.0,1.0,10,13.0,1.0,1,1,True,False,OnlyBlueLL_0625,4.7
669eba3ad8d7d49177bc50d0,5,3,0,1.0,OnlyBlueLL_0625,AllColorsLL1_0526,7.49,6.48,7.7,7.3,0,1,1,22.0,1.0,4,6.0,1.0,0,0,False,False,OnlyBlueLL_0625,4.7
5e5a96f5a2f2c528edf70f6e,1,0,0,,AllColorsLL1_0526,AllColorsLH_0617,6.48,9.39,11.9,15.1,1,1,1,0.0,0.0,5,,0.0,1,1,True,True,AllColorsLH_0617,13.2
5e5a96f5a2f2c528edf70f6e,2,0,0,,AllColorsLH_0617,OnlyBlueLL_0625,9.39,7.49,7.2,7.8,1,0,1,0.0,0.0,10,,0.0,1,1,True,False,AllColorsLH_0617,13.2
5e5a96f5a2f2c528edf70f6e,3,0,0,,OnlyBlueLL_0625,OnlyGreenLL_0429,7.49,1.88,11.6,5.6,1,0,0,0.0,0.0,7,,0.0,-1,-1,False,False,AllColorsLH_0617,13.2
5e5a96f5a2f2c528edf70f6e,4,0,0,,OnlyGreenLL_0429,AllColorsLH_0617,1.88,9.39,7.0,8.9,1,1,1,0.0,0.0,2,,0.0,1,-1,True,True,AllColorsLH_0617,13.2
5e5a96f5a2f2c528edf70f6e,5,0,0,,AllColorsLH_0617,AllColorsLH_0617,9.39,10.87,11.4,13.0,1,1,1,0.0,0.0,19,,,1,1,True,True,AllColorsLH_0617,13.2
6544fd514964fea23051c3b7,1,3,0,7.0,AllColorsLL1_0526,AllColorsLH_0617,6.48,9.39,7.3,9.3,1,1,1,27.0,1.0,4,6.0,1.0,1,1,True,True,AllColorsLL1_0526,6.9
6544fd514964fea23051c3b7,3,3,0,3.0,AllColorsLH_0617,OnlyBlueLL_0625,9.39,7.49,9.8,4.7,1,0,0,7.0,1.0,14,2.0,0.0,1,1,False,False,AllColorsLL1_0526,6.9
6544fd514964fea23051c3b7,5,3,0,4.0,OnlyBlueLL_0625,AllColorsLL1_0526,7.49,6.48,10.2,4.3,1,0,0,8.0,1.0,18,12.0,0.0,0,0,False,False,AllColorsLL1_0526,6.9
6730f965beb7513190d2be93,1,0,0,,AllColorsLL1_0526,AllColorsLH_0617,6.48,9.39,3.5,6.1,1,1,1,0.0,0.0,9,,0.0,1,1,True,True,AllColorsLL1_0526,6.9
6730f965beb7513190d2be93,2,0,0,,AllColorsLH_0617,AllColorsLL1_0526,9.39,6.48,10.8,7.6,1,0,0,0.0,0.0,8,,0.0,1,1,False,False,AllColorsLL1_0526,6.9
6730f965beb7513190d2be93,3,0,0,,AllColorsLL1_0526,AllColorsLH_0617,6.48,9.39,4.4,13.2,1,1,1,0.0,0.0,3,,0.0,1,1,True,True,AllColorsLL1_0526,6.9
6730f965beb7513190d2be93,4,0,0,,AllColorsLH_0617,AllColorsLL1_0526,9.39,6.48,5.7,2.9,1,0,0,0.0,0.0,1,,0.0,1,1,False,False,AllColorsLL1_0526,6.9
58954e2dc88c680001dd4b7e,1,0,0,,AllColorsLL1_0526,AllColorsLH_0617,6.48,9.39,4.9,7.2,1,1,1,0.0,0.0,10,,0.0,1,1,True,True,OnlyBlueLH_0706,13.4
58954e2dc88c680001dd4b7e,2,0,0,,AllColorsLH_0617,AllColorsLL1_0526,9.39,6.48,11.4,5.6,1,0,0,0.0,0.0,6,,0.0,1,1,False,False,OnlyBlueLH_0706,13.4
58954e2dc88c680001dd4b7e,3,0,0,,AllColorsLL1_0526,OnlyGreenLL_0429,6.48,1.88,4.3,5.7,1,0,1,0.0,0.0,18,,0.0,-1,1,True,False,OnlyBlueLH_0706,13.4
58954e2dc88c680001dd4b7e,4,0,0,,OnlyGreenLL_0429,OnlyBlueLH_0706,1.88,8.84,4.4,7.4,1,1,1,0.0,0.0,14,,0.0,1,1,True,True,OnlyBlueLH_0706,13.4
58954e2dc88c680001dd4b7e,5,0,0,,OnlyBlueLH_0706,OnlyBlueLH_0706,8.84,6.48,7.6,9.3,1,0,1,0.0,0.0,2,,,0,0,True,False,OnlyBlueLH_0706,13.4
67e48fe0292eb135e6a513d8,1,2,1,2.0,AllColorsLL1_0526,OnlyGreenLL_0429,6.48,1.88,9.3,7.0,1,0,0,133.0,1.0,2,10.0,0.0,-1,-1,False,False,NoRedLH1_0612,14.2
67e48fe0292eb135e6a513d8,2,2,1,2.0,OnlyGreenLL_0429,AllColorsLH_0617,1.88,9.39,2.5,5.7,1,1,1,114.0,1.0,1,6.0,1.0,1,1,True,True,NoRedLH1_0612,14.2
67e48fe0292eb135e6a513d8,3,2,1,2.0,AllColorsLH_0617,OnlyBlueLL_0625,9.39,7.49,9.3,9.7,0,1,0,109.0,1.0,12,14.0,1.0,1,1,True,False,NoRedLH1_0612,14.2
67e48fe0292eb135e6a513d8,4,2,1,0.0,AllColorsLH_0617,NoRedLH1_0612,9.39,10.87,11.0,11.4,1,1,1,48.0,1.0,17,9.0,1.0,1,1,True,True,NoRedLH1_0612,14.2
5da09f733c3367001a72dec6,1,3,0,4.0,AllColorsLL1_0526,OnlyGreenLL_0429,6.48,1.88,7.3,-11.0,1,0,0,42.0,1.0,4,3.0,1.0,-1,-1,False,False,OnlyBlueLL_0625,4.7
5da09f733c3367001a72dec6,2,3,0,3.0,OnlyGreenLL_0429,OnlyBlueLL_0625,1.88,7.49,7.0,7.6,1,1,1,24.0,1.0,2,14.0,1.0,1,-1,True,True,OnlyBlueLL_0625,4.7
5da09f733c3367001a72dec6,3,3,0,12.0,OnlyBlueLL_0625,OnlyGreenLL_0429,7.49,1.88,3.6,7.5,1,0,1,13.0,1.0,8,18.0,0.0,-1,-1,True,False,OnlyBlueLL_0625,4.7
5da09f733c3367001a72dec6,4,3,0,1.0,OnlyGreenLL_0429,OnlyBlueLL_0625,1.88,7.49,4.5,9.9,1,1,1,8.0,1.0,5,15.0,1.0,1,-1,True,True,OnlyBlueLL_0625,4.7
572faa2cad131600100169b5,1,2,1,10.0,AllColorsLL1_0526,OnlyBlueLL_0625,6.48,7.49,4.9,7.8,1,1,1,54.0,1.0,10,18.0,1.0,1,1,True,True,NoRedLH1_0612,14.2
572faa2cad131600100169b5,2,2,1,1.0,OnlyBlueLL_0625,AllColorsLH_0617,7.49,9.39,2.7,7.8,1,1,1,42.0,1.0,16,8.0,1.0,1,1,True,True,NoRedLH1_0612,14.2
572faa2cad131600100169b5,3,2,1,3.0,AllColorsLH_0617,NoRedLH1_0612,9.39,10.87,8.9,10.0,1,1,1,40.0,1.0,2,8.0,1.0,1,1,True,True,NoRedLH1_0612,14.2
5ea1dc176205ad0c7c941ca1,1,3,0,1.0,AllColorsLL1_0526,AllColorsLH_0617,6.48,9.39,7.3,9.3,0,0,0,29.0,1.0,4,15.0,1.0,1,1,True,True,OnlyBlueLH_0706,13.4
5ea1dc176205ad0c7c941ca1,2,3,0,3.0,AllColorsLL1_0526,OnlyBlueLL_0625,6.48,7.49,7.6,2.7,0,0,1,9.0,1.0,16,2.0,1.0,1,-1,False,True,OnlyBlueLH_0706,13.4
5ea1dc176205ad0c7c941ca1,4,3,0,2.0,AllColorsLL1_0526,OnlyGreenLL_0429,6.48,1.88,3.5,2.6,1,0,0,10.0,1.0,9,13.0,0.0,-1,-1,False,False,OnlyBlueLH_0706,13.4
5ea1dc176205ad0c7c941ca1,5,3,0,1.0,OnlyGreenLL_0429,OnlyBlueLH_0706,1.88,8.84,8.4,6.5,1,1,0,25.0,1.0,11,18.0,1.0,1,-1,False,True,OnlyBlueLH_0706,13.4
6670e05a65d32df6fa3e7560,1,2,1,2.0,AllColorsLL1_0526,AllColorsLH_0617,6.48,9.39,6.7,9.3,1,1,1,11.0,1.0,12,3.0,1.0,1,1,True,True,AllColorsLH_0617,13.2
6670e05a65d32df6fa3e7560,2,2,1,3.0,AllColorsLH_0617,AllColorsLL1_0526,9.39,6.48,11.4,5.6,0,1,1,14.0,1.0,6,17.0,1.0,0,0,False,False,AllColorsLH_0617,13.2
66f75098a075cf5f392deaab,1,3,0,1.0,AllColorsLL1_0526,AllColorsLH_0617,6.48,9.39,2.9,5.7,1,1,1,54.0,1.0,1,4.0,1.0,1,1,True,True,NoRedLH1_0612,14.2
66f75098a075cf5f392deaab,3,3,0,1.0,AllColorsLH_0617,OnlyBlueLH_0706,9.39,8.84,11.0,11.4,1,0,1,30.0,1.0,17,13.0,1.0,1,1,True,False,NoRedLH1_0612,14.2
66f75098a075cf5f392deaab,4,3,0,1.0,OnlyBlueLH_0706,AllColorsLL1_0526,8.84,6.48,11.6,8.2,0,1,1,27.0,1.0,7,14.0,1.0,0,0,False,False,NoRedLH1_0612,14.2
66f75098a075cf5f392deaab,5,3,0,1.0,OnlyBlueLH_0706,NoRedLH1_0612,8.84,10.87,11.1,14.4,1,1,1,23.0,1.0,3,6.0,1.0,1,1,True,True,NoRedLH1_0612,14.2
6400f14b24ac2b910c9f2d93,2,2,0,1.0,AllColorsLL1_0526,AllColorsLH_0617,6.48,9.39,10.9,10.9,1,1,1,52.0,1.0,13,3.0,1.0,1,0,True,True,AllColorsLH_0617,13.2
5ab8c3fb9534ba0001c6b60d,1,0,1,,AllColorsLL1_0526,AllColorsLH_0617,6.48,9.39,4.9,7.2,1,1,1,0.0,0.0,10,,0.0,1,1,True,True,AllColorsLH_0617,13.2
5ab8c3fb9534ba0001c6b60d,2,0,1,,AllColorsLH_0617,NoRedLH1_0612,9.39,10.87,9.3,9.7,1,1,1,0.0,0.0,12,,0.0,1,1,True,True,AllColorsLH_0617,13.2
5ab8c3fb9534ba0001c6b60d,3,0,1,,NoRedLH1_0612,OnlyBlueLL_0625,10.87,7.49,13.4,14.1,1,0,1,0.0,0.0,13,,0.0,1,1,True,False,AllColorsLH_0617,13.2
5ab8c3fb9534ba0001c6b60d,4,0,1,,OnlyBlueLL_0625,AllColorsLH_0617,7.49,9.39,7.5,6.1,1,1,0,0.0,0.0,9,,0.0,1,1,False,True,AllColorsLH_0617,13.2
66107a3619b2031a5256b327,5,2,1,7.0,AllColorsLL1_0526,AllColorsLH_0617,6.48,9.39,3.5,6.1,1,1,1,33.0,1.0,9,6.0,1.0,1,1,True,True,AllColorsLH_0617,13.2
6100105892a2248ae5d48498,1,3,0,3.0,AllColorsLL1_0526,OnlyGreenLL_0429,6.48,1.88,10.9,7.3,0,1,1,38.0,1.0,13,2.0,1.0,-1,-1,False,False,OnlyBlueLH_0706,13.4
6100105892a2248ae5d48498,2,3,0,5.0,AllColorsLL1_0526,AllColorsLH_0617,6.48,9.39,5.6,11.4,1,1,1,25.0,1.0,6,5.0,1.0,1,1,True,True,OnlyBlueLH_0706,13.4
6100105892a2248ae5d48498,3,3,0,2.0,AllColorsLH_0617,OnlyBlueLH_0706,9.39,8.84,13.2,11.1,1,0,0,31.0,1.0,3,4.0,0.0,1,1,False,False,OnlyBlueLH_0706,13.4
6100105892a2248ae5d48498,4,3,0,2.0,OnlyBlueLH_0706,AllColorsLH_0617,8.84,9.39,3.8,5.7,0,0,0,44.0,1.0,1,14.0,0.0,1,1,True,True,OnlyBlueLH_0706,13.4
6100105892a2248ae5d48498,5,3,0,0.0,OnlyBlueLH_0706,OnlyBlueLL_0625,8.84,7.49,7.6,2.7,0,1,1,26.0,1.0,16,9.0,1.0,1,-1,False,False,OnlyBlueLH_0706,13.4
66703e9ca0e67f0864687e47,1,1,0,1.0,AllColorsLL1_0526,AllColorsLH_0617,6.48,9.39,8.2,11.9,1,1,1,24.0,1.0,7,7.0,1.0,1,1,True,True,NoRedLH1_0612,14.2
66703e9ca0e67f0864687e47,2,1,0,2.0,AllColorsLH_0617,NoRedLH1_0612,9.39,10.87,13.2,14.4,0,0,0,38.0,1.0,3,3.0,0.0,1,1,True,True,NoRedLH1_0612,14.2
66703e9ca0e67f0864687e47,3,1,0,1.0,AllColorsLH_0617,NoRedLH1_0612,9.39,10.87,11.4,13.0,1,1,1,19.0,1.0,19,19.0,1.0,1,1,True,True,NoRedLH1_0612,14.2
63d16bb09fbf6b74afb1a010,3,3,0,1.0,AllColorsLL1_0526,AllColorsLH_0617,6.48,9.39,8.2,11.9,1,1,1,15.0,1.0,7,12.0,1.0,1,1,True,True,AllColorsLH_0617,13.2
63d16bb09fbf6b74afb1a010,5,3,0,2.0,AllColorsLH_0617,NoRedLH1_0612,9.39,10.87,10.9,13.4,0,0,0,45.0,1.0,13,8.0,0.0,1,1,True,True,AllColorsLH_0617,13.2
5b10527374db8f00013fdc57,1,2,0,7.0,AllColorsLL1_0526,AllColorsLH_0617,6.48,9.39,5.6,11.4,1,1,1,24.0,1.0,6,6.0,1.0,1,1,True,True,OnlyBlueLH_0706,13.4
5b10527374db8f00013fdc57,2,2,0,4.0,AllColorsLH_0617,AllColorsLL1_0526,9.39,6.48,8.9,9.3,0,1,0,14.0,1.0,2,3.0,1.0,0,0,True,False,OnlyBlueLH_0706,13.4
5b10527374db8f00013fdc57,3,2,0,7.0,AllColorsLH_0617,OnlyBlueLL_0625,9.39,7.49,6.1,7.5,0,1,0,20.0,1.0,9,8.0,1.0,1,1,True,False,OnlyBlueLH_0706,13.4
5b10527374db8f00013fdc57,4,2,0,4.0,AllColorsLH_0617,OnlyBlueLH_0706,9.39,8.84,10.9,11.5,1,0,1,21.0,1.0,13,11.0,0.0,1,1,True,False,OnlyBlueLH_0706,13.4
58a1fe40ea3d11000170d9b9,1,1,1,1.0,AllColorsLL1_0526,OnlyBlueLH_0706,6.48,8.84,11.9,12.8,1,1,1,14.0,1.0,5,5.0,1.0,1,1,True,True,NoRedLH1_0612,14.2
58a1fe40ea3d11000170d9b9,2,1,1,0.0,OnlyBlueLH_0706,AllColorsLL1_0526,8.84,6.48,7.8,4.9,0,1,1,12.0,1.0,10,10.0,1.0,0,0,False,False,NoRedLH1_0612,14.2
58a1fe40ea3d11000170d9b9,3,1,1,1.0,OnlyBlueLH_0706,OnlyBlueLL_0625,8.84,7.49,7.6,2.7,0,1,1,11.0,1.0,16,16.0,1.0,1,-1,False,False,NoRedLH1_0612,14.2
58a1fe40ea3d11000170d9b9,4,1,1,1.0,OnlyBlueLH_0706,NoRedLH1_0612,8.84,10.87,7.7,9.5,1,1,1,8.0,1.0,4,4.0,1.0,1,1,True,True,NoRedLH1_0612,14.2
62ceeffea6d9872b4adeee6f,2,1,1,1.0,AllColorsLL1_0526,OnlyGreenLL_0429,6.48,1.88,9.3,7.0,0,1,1,45.0,1.0,2,2.0,1.0,-1,-1,False,False,AllColorsLH_0617,13.2
62ceeffea6d9872b4adeee6f,3,1,1,1.0,AllColorsLL1_0526,OnlyBlueLH_0706,6.48,8.84,10.9,11.5,1,1,1,67.0,1.0,13,13.0,1.0,1,1,True,True,AllColorsLH_0617,13.2
62ceeffea6d9872b4adeee6f,4,1,1,1.0,OnlyBlueLH_0706,OnlyBlueLL_0625,8.84,7.49,7.6,2.7,0,1,1,90.0,1.0,16,16.0,1.0,1,-1,False,False,AllColorsLH_0617,13.2
62ceeffea6d9872b4adeee6f,5,1,1,1.0,OnlyBlueLH_0706,AllColorsLH_0617,8.84,9.39,7.4,9.8,1,1,1,34.0,1.0,14,14.0,1.0,1,1,True,True,AllColorsLH_0617,13.2
62a4c0b7a811ed5b57009081,1,1,0,1.0,AllColorsLL1_0526,OnlyBlueLH_0706,6.48,8.84,8.2,11.6,1,1,1,111.0,1.0,7,16.0,1.0,1,1,True,True,OnlyBlueLH_0706,13.4
62a4c0b7a811ed5b57009081,3,1,0,1.0,OnlyBlueLH_0706,AllColorsLH_0617,8.84,9.39,7.8,7.2,0,0,1,110.0,1.0,10,10.0,1.0,1,1,False,True,OnlyBlueLH_0706,13.4
5de3d4fc1d61c93cd498bb92,1,2,1,1.0,AllColorsLL1_0526,OnlyBlueLH_0706,6.48,8.84,2.9,3.8,1,1,1,41.0,1.0,1,9.0,1.0,1,1,True,True,NoRedLH1_0612,14.2
5de3d4fc1d61c93cd498bb92,2,2,1,0.0,OnlyBlueLH_0706,AllColorsLH_0617,8.84,9.39,11.5,10.9,1,1,0,95.0,1.0,13,14.0,1.0,1,0,False,True,NoRedLH1_0612,14.2
5de3d4fc1d61c93cd498bb92,3,2,1,1.0,AllColorsLH_0617,NoRedLH1_0612,9.39,10.87,11.0,11.4,1,1,1,75.0,1.0,17,9.0,1.0,1,1,True,True,NoRedLH1_0612,14.2
5f818c9c145bf623caf8d14b,1,3,0,5.0,AllColorsLL1_0526,AllColorsLH_0617,6.48,9.39,4.1,9.8,1,1,1,49.0,1.0,14,15.0,0.0,1,1,True,True,AllColorsLL1_0526,6.9
5f818c9c145bf623caf8d14b,2,3,0,2.0,AllColorsLH_0617,NoRedLH1_0612,9.39,10.87,11.0,11.4,1,1,1,32.0,1.0,17,10.0,1.0,1,1,True,True,AllColorsLL1_0526,6.9
5f818c9c145bf623caf8d14b,5,3,0,2.0,NoRedLH1_0612,AllColorsLL1_0526,10.87,6.48,9.1,7.6,1,0,0,22.0,1.0,16,11.0,0.0,0,0,False,False,AllColorsLL1_0526,6.9
677302ad15f7e3d0c1725fef,1,3,0,4.0,AllColorsLL1_0526,AllColorsLH_0617,6.48,9.39,7.3,9.3,1,1,1,24.0,1.0,4,11.0,1.0,1,1,True,True,OnlyBlueLL_0625,4.7
677302ad15f7e3d0c1725fef,2,3,0,2.0,AllColorsLH_0617,OnlyBlueLH_0706,9.39,8.84,11.0,11.4,1,0,1,28.0,1.0,17,13.0,1.0,1,1,True,False,OnlyBlueLL_0625,4.7
677302ad15f7e3d0c1725fef,4,3,0,1.0,OnlyBlueLH_0706,AllColorsLH_0617,8.84,9.39,7.6,7.8,1,1,1,16.0,1.0,15,5.0,1.0,1,-1,True,True,OnlyBlueLL_0625,4.7
677302ad15f7e3d0c1725fef,5,3,0,0.0,AllColorsLH_0617,OnlyBlueLL_0625,9.39,7.49,10.8,3.6,1,0,0,10.0,1.0,8,19.0,0.0,1,-1,False,False,OnlyBlueLL_0625,4.7
6773dea609f77d473900997a,1,0,1,0.0,AllColorsLL1_0526,OnlyBlueLL_0625,6.48,7.49,8.2,4.8,1,1,0,0.0,0.0,15,,0.0,1,-1,False,True,NoRedLH1_0612,14.2
6773dea609f77d473900997a,2,0,1,3.0,OnlyGreenLL_0429,AllColorsLH_0617,1.88,9.39,0.8,9.3,1,1,1,0.0,0.0,12,,0.0,1,1,True,True,NoRedLH1_0612,14.2
6773dea609f77d473900997a,3,0,1,1.0,AllColorsLH_0617,OnlyBlueLL_0625,9.39,7.49,7.8,2.7,1,0,0,0.0,0.0,16,,0.0,1,-1,False,False,NoRedLH1_0612,14.2
6773dea609f77d473900997a,4,0,1,1.0,NoRedLH1_0612,OnlyBlueLH_0706,10.87,8.84,12.2,8.6,1,0,0,0.0,0.0,18,,0.0,1,1,False,False,NoRedLH1_0612,14.2
5e3d57c40d3a26000edff2e1,1,2,0,2.0,AllColorsLL1_0526,AllColorsLH_0617,6.48,9.39,3.7,11.0,0,0,0,15.0,1.0,17,3.0,0.0,1,1,True,True,OnlyBlueLH_0706,13.4
5e3d57c40d3a26000edff2e1,2,2,0,1.0,AllColorsLL1_0526,OnlyGreenLL_0429,6.48,1.88,8.2,-0.5,0,1,1,18.0,1.0,15,6.0,1.0,-1,-1,False,False,OnlyBlueLH_0706,13.4
5e3d57c40d3a26000edff2e1,3,2,0,1.0,AllColorsLL1_0526,OnlyBlueLH_0706,6.48,8.84,10.4,10.4,1,1,1,15.0,1.0,19,9.0,1.0,1,0,True,True,OnlyBlueLH_0706,13.4
5e3d57c40d3a26000edff2e1,4,2,0,1.0,OnlyBlueLH_0706,AllColorsLL1_0526,8.84,6.48,6.5,8.0,0,1,0,10.0,1.0,11,9.0,1.0,0,0,True,False,OnlyBlueLH_0706,13.4
5e3d57c40d3a26000edff2e1,5,2,0,0.0,OnlyBlueLH_0706,AllColorsLL1_0526,8.84,6.48,12.8,11.9,0,1,1,6.0,1.0,5,17.0,1.0,0,0,False,False,OnlyBlueLH_0706,13.4
66e7381b679a09a5e859d755,1,2,0,1.0,AllColorsLL1_0526,OnlyBlueLH_0706,6.48,8.84,6.7,9.7,1,1,1,41.0,1.0,12,3.0,1.0,1,1,True,True,NoRedLH1_0612,14.2
66e7381b679a09a5e859d755,2,2,0,1.0,OnlyBlueLH_0706,AllColorsLH_0617,8.84,9.39,7.4,9.8,0,0,0,30.0,1.0,14,9.0,1.0,1,1,True,True,NoRedLH1_0612,14.2
66e7381b679a09a5e859d755,3,2,0,1.0,OnlyBlueLH_0706,OnlyBlueLL_0625,8.84,7.49,7.6,2.7,0,1,1,30.0,1.0,16,16.0,1.0,1,-1,False,False,NoRedLH1_0612,14.2
66e7381b679a09a5e859d755,4,2,0,1.0,OnlyBlueLH_0706,AllColorsLH_0617,8.84,9.39,7.6,7.8,1,1,1,41.0,1.0,15,11.0,1.0,1,-1,True,True,NoRedLH1_0612,14.2
66e7381b679a09a5e859d755,5,2,0,2.0,AllColorsLH_0617,NoRedLH1_0612,9.39,10.87,10.9,13.4,1,1,1,24.0,1.0,13,9.0,1.0,1,1,True,True,NoRedLH1_0612,14.2
5eac3c1950fecd25d2d6d5ed,1,0,1,,AllColorsLL1_0526,AllColorsLH_0617,6.48,9.39,7.3,9.3,1,1,1,0.0,0.0,4,,0.0,1,1,True,True,NoRedLH1_0612,14.2
5eac3c1950fecd25d2d6d5ed,2,0,1,,AllColorsLH_0617,NoRedLH1_0612,9.39,10.87,9.8,10.2,1,1,1,0.0,0.0,14,,0.0,1,1,True,True,NoRedLH1_0612,14.2
66be3ed60ce8896e4feb1003,1,3,0,2.0,AllColorsLL1_0526,OnlyBlueLH_0706,6.48,8.84,2.9,3.8,1,1,1,17.0,1.0,1,18.0,1.0,1,1,True,True,NoRedLH1_0612,14.2
66be3ed60ce8896e4feb1003,2,3,0,1.0,OnlyBlueLH_0706,AllColorsLH_0617,8.84,9.39,7.6,7.8,1,1,1,11.0,1.0,15,9.0,0.0,1,-1,True,True,NoRedLH1_0612,14.2
66be3ed60ce8896e4feb1003,3,3,0,0.0,AllColorsLH_0617,OnlyBlueLL_0625,9.39,7.49,7.8,2.7,1,0,0,9.0,1.0,16,17.0,0.0,1,-1,False,False,NoRedLH1_0612,14.2
66be3ed60ce8896e4feb1003,4,3,0,2.0,OnlyBlueLL_0625,AllColorsLH_0617,7.49,9.39,10.4,11.4,1,1,1,8.0,1.0,19,14.0,1.0,1,1,True,True,NoRedLH1_0612,14.2
66be3ed60ce8896e4feb1003,5,3,0,0.0,AllColorsLH_0617,NoRedLH1_0612,9.39,10.87,8.9,10.0,1,1,1,9.0,1.0,2,3.0,1.0,1,1,True,True,NoRedLH1_0612,14.2
66b73f9ba035651170b94c76,1,2,0,2.0,AllColorsLL1_0526,OnlyGreenLL_0429,6.48,1.88,8.0,8.4,1,0,1,15.0,1.0,11,10.0,0.0,-1,1,True,False,NoRedLH1_0612,14.2
66b73f9ba035651170b94c76,4,2,0,5.0,OnlyGreenLL_0429,AllColorsLH_0617,1.88,9.39,-8.6,11.0,1,1,1,10.0,1.0,17,6.0,1.0,1,1,True,True,NoRedLH1_0612,14.2
66b73f9ba035651170b94c76,5,2,0,1.0,AllColorsLH_0617,NoRedLH1_0612,9.39,10.87,9.8,10.2,1,1,1,4.0,1.0,14,9.0,1.0,1,1,True,True,NoRedLH1_0612,14.2
56b3edf12bac74000d89e452,1,2,0,1.0,AllColorsLL1_0526,OnlyBlueLH_0706,6.48,8.84,10.4,10.4,1,1,1,25.0,1.0,19,17.0,1.0,1,0,True,True,NoRedLH1_0612,14.2
56b3edf12bac74000d89e452,3,2,0,1.0,OnlyBlueLH_0706,AllColorsLH_0617,8.84,9.39,3.8,5.7,1,1,1,18.0,1.0,1,11.0,1.0,1,1,True,True,NoRedLH1_0612,14.2
56b3edf12bac74000d89e452,4,2,0,1.0,AllColorsLH_0617,OnlyBlueLH_0706,9.39,8.84,10.9,11.5,1,0,1,15.0,1.0,13,9.0,1.0,1,1,True,False,NoRedLH1_0612,14.2
56b3edf12bac74000d89e452,5,2,0,1.0,OnlyBlueLH_0706,NoRedLH1_0612,8.84,10.87,12.8,14.7,1,1,1,19.0,1.0,8,11.0,1.0,1,1,True,True,NoRedLH1_0612,14.2
660b46f30e0078173c658320,1,3,0,1.0,AllColorsLL1_0526,OnlyGreenLL_0429,6.48,1.88,8.2,-0.5,0,1,1,11.0,1.0,15,7.0,1.0,-1,-1,False,False,AllColorsLH_0617,13.2
660b46f30e0078173c658320,2,3,0,9.0,AllColorsLL1_0526,OnlyGreenLL_0429,6.48,1.88,4.3,5.7,0,1,0,29.0,1.0,18,10.0,1.0,-1,1,True,False,AllColorsLH_0617,13.2
660b46f30e0078173c658320,4,3,0,1.0,AllColorsLL1_0526,AllColorsLH_0617,6.48,9.39,2.9,5.7,1,1,1,21.0,1.0,1,11.0,1.0,1,1,True,True,AllColorsLH_0617,13.2
660b46f30e0078173c658320,5,3,0,2.0,AllColorsLH_0617,OnlyBlueLH_0706,9.39,8.84,13.2,11.1,1,0,0,33.0,1.0,3,17.0,1.0,1,1,False,False,AllColorsLH_0617,13.2
5aafd9eff69e940001d88bf4,1,1,1,1.0,AllColorsLL1_0526,OnlyBlueLH_0706,6.48,8.84,5.6,11.4,1,1,1,22.0,1.0,6,6.0,1.0,1,1,True,True,OnlyBlueLH_0706,13.4
5aafd9eff69e940001d88bf4,5,1,1,1.0,OnlyBlueLH_0706,AllColorsLH_0617,8.84,9.39,7.4,9.8,0,0,0,41.0,1.0,14,14.0,0.0,1,1,True,True,OnlyBlueLH_0706,13.4
6683f9cded466c62ba631d9e,1,1,1,1.0,AllColorsLL1_0526,AllColorsLH_0617,6.48,9.39,3.7,11.0,1,1,1,17.0,1.0,17,17.0,1.0,1,1,True,True,NoRedLH1_0612,14.2
6683f9cded466c62ba631d9e,2,1,1,0.0,AllColorsLH_0617,AllColorsLL1_0526,9.39,6.48,11.9,8.2,1,0,0,24.0,1.0,7,7.0,0.0,0,0,False,False,NoRedLH1_0612,14.2
6683f9cded466c62ba631d9e,3,1,1,1.0,AllColorsLL1_0526,OnlyBlueLH_0706,6.48,8.84,8.2,7.6,1,1,0,17.0,1.0,15,15.0,0.0,1,-1,False,True,NoRedLH1_0612,14.2
6683f9cded466c62ba631d9e,4,1,1,1.0,OnlyBlueLH_0706,OnlyBlueLL_0625,8.84,7.49,7.6,2.7,0,1,1,24.0,1.0,16,16.0,1.0,1,-1,False,False,NoRedLH1_0612,14.2
6683f9cded466c62ba631d9e,5,1,1,1.0,OnlyBlueLH_0706,NoRedLH1_0612,8.84,10.87,11.5,13.4,1,1,1,13.0,1.0,13,13.0,1.0,1,1,True,True,NoRedLH1_0612,14.2
5e1829a4388ec910efd56602,1,1,0,1.0,AllColorsLL1_0526,AllColorsLH_0617,6.48,9.39,7.6,10.8,1,1,1,32.0,1.0,8,8.0,1.0,1,1,True,True,OnlyBlueLH_0706,13.4
5e1829a4388ec910efd56602,2,1,0,2.0,AllColorsLH_0617,OnlyBlueLH_0706,9.39,8.84,9.3,7.7,1,0,0,21.0,1.0,4,4.0,0.0,1,1,False,False,OnlyBlueLH_0706,13.4
5e1829a4388ec910efd56602,4,1,0,1.0,OnlyBlueLH_0706,AllColorsLH_0617,8.84,9.39,3.8,5.7,1,1,1,17.0,1.0,1,1.0,1.0,1,1,True,True,OnlyBlueLH_0706,13.4
5e1829a4388ec910efd56602,5,1,0,1.0,AllColorsLH_0617,OnlyBlueLH_0706,9.39,8.84,10.9,11.5,1,0,1,26.0,1.0,13,13.0,1.0,1,1,True,False,OnlyBlueLH_0706,13.4
5eea9efc609f0d1ad38199bd,1,1,1,1.0,AllColorsLL1_0526,OnlyBlueLH_0706,6.48,8.84,10.4,10.4,1,1,1,12.0,1.0,19,19.0,1.0,1,0,True,True,AllColorsLH_0617,13.2
5eea9efc609f0d1ad38199bd,2,1,1,1.0,OnlyBlueLH_0706,AllColorsLL1_0526,8.84,6.48,11.5,10.9,1,0,0,13.0,1.0,13,13.0,0.0,0,0,False,False,AllColorsLH_0617,13.2
5eea9efc609f0d1ad38199bd,4,1,1,1.0,AllColorsLL1_0526,OnlyBlueLH_0706,6.48,8.84,4.4,11.1,1,1,1,11.0,1.0,3,3.0,1.0,1,1,True,True,AllColorsLH_0617,13.2
5eea9efc609f0d1ad38199bd,5,1,1,1.0,OnlyBlueLH_0706,AllColorsLH_0617,8.84,9.39,3.8,5.7,1,1,1,16.0,1.0,1,1.0,1.0,1,1,True,True,AllColorsLH_0617,13.2
613e495d5991ed54f860fe9d,1,3,0,11.0,AllColorsLL1_0526,OnlyGreenLL_0429,6.48,1.88,4.3,5.7,0,1,0,25.0,1.0,18,1.0,1.0,-1,1,True,False,NoRedLH1_0612,14.2
613e495d5991ed54f860fe9d,2,3,0,3.0,AllColorsLL1_0526,AllColorsLH_0617,6.48,9.39,8.2,11.9,1,1,1,24.0,1.0,7,5.0,1.0,1,1,True,True,NoRedLH1_0612,14.2
613e495d5991ed54f860fe9d,3,3,0,4.0,AllColorsLH_0617,NoRedLH1_0612,9.39,10.87,7.8,9.3,1,1,1,13.0,1.0,15,16.0,1.0,1,1,True,True,NoRedLH1_0612,14.2
665a2ec0103f8c77303c4a83,3,1,0,3.0,AllColorsLL1_0526,AllColorsLH_0617,6.48,9.39,4.1,9.8,1,1,1,13.0,1.0,14,14.0,1.0,1,1,True,True,AllColorsLH_0617,13.2
609ab94f178ec843226336a7,1,0,1,,AllColorsLL1_0526,AllColorsLH_0617,6.48,9.39,8.2,11.9,1,1,1,0.0,0.0,7,,0.0,1,1,True,True,NoRedLH1_0612,14.2
609ab94f178ec843226336a7,2,0,1,,AllColorsLH_0617,NoRedLH1_0612,9.39,10.87,10.8,14.7,1,1,1,0.0,0.0,8,,0.0,1,1,True,True,NoRedLH1_0612,14.2
5b985404a15058000124e508,1,0,0,,AllColorsLL1_0526,OnlyBlueLH_0706,6.48,8.84,3.7,11.4,1,1,1,0.0,0.0,17,,0.0,1,1,True,True,AllColorsLL1_0526,6.9
5b985404a15058000124e508,2,0,0,,OnlyBlueLH_0706,NoRedLH1_0612,8.84,10.87,11.1,14.4,1,1,1,0.0,0.0,3,,0.0,1,1,True,True,AllColorsLL1_0526,6.9
5b985404a15058000124e508,4,0,0,,NoRedLH1_0612,AllColorsLL1_0526,10.87,6.48,9.1,7.6,1,0,0,0.0,0.0,16,,0.0,1,1,False,False,AllColorsLL1_0526,6.9
5b985404a15058000124e508,5,0,0,,AllColorsLL1_0526,AllColorsLL1_0526,6.48,9.39,7.6,10.8,1,1,1,0.0,0.0,8,,,1,1,True,True,AllColorsLL1_0526,6.9
6100906e671b8294f9ea93d8,1,0,1,,AllColorsLL1_0526,AllColorsLH_0617,6.48,9.39,7.3,9.3,1,1,1,0.0,0.0,4,,0.0,1,1,True,True,NoRedLH1_0612,14.2
6100906e671b8294f9ea93d8,2,0,1,,AllColorsLH_0617,NoRedLH1_0612,9.39,10.87,13.2,14.4,1,1,1,0.0,0.0,3,,0.0,1,1,True,True,NoRedLH1_0612,14.2
6100906e671b8294f9ea93d8,3,0,1,,NoRedLH1_0612,AllColorsLH_0617,10.87,9.39,14.7,10.8,1,0,0,0.0,0.0,8,,0.0,1,1,False,False,NoRedLH1_0612,14.2
6100906e671b8294f9ea93d8,4,0,1,,AllColorsLH_0617,NoRedLH1_0612,9.39,10.87,7.2,11.2,1,1,1,0.0,0.0,10,,0.0,1,1,True,True,NoRedLH1_0612,14.2
6100906e671b8294f9ea93d8,5,0,1,,NoRedLH1_0612,NoRedLH1_0612,10.87,9.39,10.2,9.8,1,0,0,0.0,0.0,14,,,1,1,False,False,NoRedLH1_0612,14.2
5e2be3d254c76b227de0b72f,1,2,1,4.0,AllColorsLL1_0526,AllColorsLH_0617,6.48,9.39,2.9,5.7,1,1,1,56.0,1.0,1,6.0,1.0,1,1,True,True,OnlyBlueLH_0706,13.4
5e2be3d254c76b227de0b72f,2,2,1,2.0,AllColorsLH_0617,OnlyBlueLL_0625,9.39,7.49,11.0,8.6,0,1,1,26.0,1.0,17,5.0,1.0,1,1,False,False,OnlyBlueLH_0706,13.4
5e2be3d254c76b227de0b72f,3,2,1,4.0,AllColorsLH_0617,OnlyBlueLH_0706,9.39,8.84,9.1,8.6,1,0,0,20.0,1.0,18,9.0,1.0,1,1,False,False,OnlyBlueLH_0706,13.4
62029a55ef1cb18a1337c61a,1,2,0,1.0,AllColorsLL1_0526,AllColorsLH_0617,6.48,9.39,4.1,9.8,1,1,1,36.0,1.0,14,6.0,1.0,1,1,True,True,NoRedLH1_0612,14.2
62029a55ef1cb18a1337c61a,2,2,0,1.0,AllColorsLH_0617,NoRedLH1_0612,9.39,10.87,10.8,14.7,1,1,1,21.0,1.0,8,10.0,1.0,1,1,True,True,NoRedLH1_0612,14.2
62029a55ef1cb18a1337c61a,5,2,0,1.0,NoRedLH1_0612,OnlyBlueLL_0625,10.87,7.49,12.2,10.2,0,1,1,28.0,1.0,18,8.0,1.0,1,1,False,False,NoRedLH1_0612,14.2
67a577bd526d53b904219c1d,1,0,1,,AllColorsLL1_0526,OnlyBlueLL_0625,6.48,7.49,4.1,4.7,1,1,1,0.0,0.0,14,,0.0,1,1,True,True,NoRedLH1_0612,14.2
67a577bd526d53b904219c1d,2,0,1,,OnlyBlueLL_0625,AllColorsLL1_0526,7.49,6.48,7.6,9.3,1,0,1,0.0,0.0,2,,0.0,1,1,True,False,NoRedLH1_0612,14.2
67a577bd526d53b904219c1d,3,0,1,,AllColorsLL1_0526,OnlyBlueLH_0706,6.48,8.84,11.9,12.8,1,1,1,0.0,0.0,5,,0.0,1,1,True,True,NoRedLH1_0612,14.2
67a577bd526d53b904219c1d,4,0,1,,OnlyBlueLH_0706,NoRedLH1_0612,8.84,10.87,11.6,12.8,1,1,1,0.0,0.0,7,,0.0,1,1,True,True,NoRedLH1_0612,14.2
67a577bd526d53b904219c1d,5,0,1,,NoRedLH1_0612,NoRedLH1_0612,10.87,7.49,9.5,7.5,1,0,0,0.0,0.0,9,,,1,1,False,False,NoRedLH1_0612,14.2
5be9e07b887ea400012b46e6,1,3,0,6.0,AllColorsLL1_0526,AllColorsLH_0617,6.48,9.39,5.6,11.4,1,1,1,74.0,1.0,6,15.0,0.0,1,1,True,True,NoRedLH1_0612,14.2
5be9e07b887ea400012b46e6,3,3,0,1.0,AllColorsLH_0617,NoRedLH1_0612,9.39,10.87,9.8,10.2,1,1,1,33.0,1.0,14,18.0,1.0,1,1,True,True,NoRedLH1_0612,14.2
5be9e07b887ea400012b46e6,5,3,0,4.0,NoRedLH1_0612,OnlyBlueLL_0625,10.87,7.49,9.9,6.7,0,1,1,35.0,1.0,11,3.0,1.0,1,-1,False,False,NoRedLH1_0612,14.2
6678a6336d90a3a9973585c3,1,2,0,2.0,AllColorsLL1_0526,AllColorsLH_0617,6.48,9.39,7.3,9.3,1,1,1,20.0,1.0,4,3.0,1.0,1,1,True,True,AllColorsLH_0617,13.2
6678a6336d90a3a9973585c3,3,2,0,1.0,AllColorsLH_0617,NoRedLH1_0612,9.39,10.87,11.0,11.4,1,1,1,31.0,1.0,17,8.0,1.0,1,1,True,True,AllColorsLH_0617,13.2
6678a6336d90a3a9973585c3,4,2,0,0.0,NoRedLH1_0612,AllColorsLH_0617,10.87,9.39,13.4,10.9,1,0,0,27.0,1.0,13,10.0,0.0,1,0,False,False,AllColorsLH_0617,13.2
671d3690dc5df6d004cfb65e,1,3,0,2.0,AllColorsLL1_0526,OnlyBlueLL_0625,6.48,7.49,10.4,10.4,1,1,1,11.0,1.0,19,8.0,0.0,1,0,True,True,OnlyBlueLH_0706,13.4
671d3690dc5df6d004cfb65e,2,3,0,2.0,OnlyBlueLL_0625,OnlyBlueLH_0706,7.49,8.84,10.2,8.6,1,1,0,9.0,1.0,18,5.0,1.0,1,1,False,True,OnlyBlueLH_0706,13.4
66b37344796f45313433abc8,1,3,0,1.0,AllColorsLL1_0526,AllColorsLH_0617,6.48,9.39,8.0,11.0,1,1,1,17.0,1.0,11,7.0,1.0,1,1,True,True,NoRedLH1_0612,14.2
66b37344796f45313433abc8,2,3,0,1.0,AllColorsLH_0617,NoRedLH1_0612,9.39,10.87,7.2,11.2,1,1,1,22.0,1.0,10,3.0,1.0,1,1,True,True,NoRedLH1_0612,14.2
66b37344796f45313433abc8,3,3,0,1.0,NoRedLH1_0612,OnlyBlueLH_0706,10.87,8.84,13.4,11.5,0,1,1,28.0,1.0,13,4.0,1.0,1,1,False,False,NoRedLH1_0612,14.2
66b37344796f45313433abc8,5,3,0,1.0,NoRedLH1_0612,OnlyBlueLL_0625,10.87,7.49,12.2,10.2,0,1,1,14.0,1.0,18,16.0,1.0,1,1,False,False,NoRedLH1_0612,14.2
5caf6864971a7b0012dc7562,1,2,0,1.0,AllColorsLL1_0526,AllColorsLH_0617,6.48,9.39,2.9,5.7,1,1,1,50.0,1.0,1,6.0,1.0,1,1,True,True,NoRedLH1_0612,14.2
5caf6864971a7b0012dc7562,2,2,0,2.0,AllColorsLH_0617,OnlyBlueLH_0706,9.39,8.84,10.9,11.5,0,1,0,12.0,1.0,13,11.0,1.0,1,1,True,False,NoRedLH1_0612,14.2
5caf6864971a7b0012dc7562,4,2,0,1.0,AllColorsLH_0617,OnlyBlueLL_0625,9.39,7.49,7.2,7.8,0,1,0,24.0,1.0,10,8.0,1.0,1,1,True,False,NoRedLH1_0612,14.2
5caf6864971a7b0012dc7562,5,2,0,1.0,AllColorsLH_0617,NoRedLH1_0612,9.39,10.87,8.9,10.0,1,1,1,16.0,1.0,2,9.0,1.0,1,1,True,True,NoRedLH1_0612,14.2
605fbc12c61d8d10250f6e51,1,1,1,1.0,AllColorsLL1_0526,AllColorsLH_0617,6.48,9.39,11.9,15.1,1,1,1,26.0,1.0,5,5.0,1.0,1,1,True,True,NoRedLH1_0612,14.2
605fbc12c61d8d10250f6e51,2,1,1,3.0,AllColorsLH_0617,AllColorsLL1_0526,9.39,6.48,7.8,8.2,1,0,1,19.0,1.0,15,15.0,1.0,0,0,True,False,NoRedLH1_0612,14.2
605fbc12c61d8d10250f6e51,3,1,1,4.0,AllColorsLL1_0526,AllColorsLH_0617,6.48,9.39,4.9,7.2,1,1,1,41.0,1.0,10,10.0,1.0,1,1,True,True,NoRedLH1_0612,14.2
605fbc12c61d8d10250f6e51,4,1,1,1.0,AllColorsLH_0617,NoRedLH1_0612,9.39,10.87,8.9,10.0,1,1,1,18.0,1.0,2,2.0,1.0,1,1,True,True,NoRedLH1_0612,14.2
561cdc083d7fe800050f591a,1,1,1,2.0,AllColorsLL1_0526,OnlyBlueLL_0625,6.48,7.49,6.7,9.7,1,1,1,48.0,1.0,12,12.0,1.0,1,1,True,True,NoRedLH1_0612,14.2
561cdc083d7fe800050f591a,2,1,1,1.0,OnlyBlueLL_0625,AllColorsLH_0617,7.49,9.39,6.7,11.0,1,1,1,39.0,1.0,11,11.0,1.0,1,1,True,True,NoRedLH1_0612,14.2
561cdc083d7fe800050f591a,3,1,1,0.0,AllColorsLH_0617,NoRedLH1_0612,9.39,10.87,5.7,9.1,1,1,1,36.0,1.0,1,1.0,1.0,1,1,True,True,NoRedLH1_0612,14.2
6723a12849796982b39f3c28,1,0,0,,AllColorsLL1_0526,OnlyBlueLH_0706,6.48,8.84,10.9,11.5,1,1,1,0.0,0.0,13,,0.0,1,1,True,True,NoRedLH1_0612,14.2
6723a12849796982b39f3c28,2,0,0,,OnlyBlueLH_0706,NoRedLH1_0612,8.84,10.87,11.1,14.4,1,1,1,0.0,0.0,3,,0.0,1,1,True,True,NoRedLH1_0612,14.2
57aa0bdb9ff3e900014135d9,1,3,1,2.0,AllColorsLL1_0526,OnlyGreenLL_0429,6.48,1.88,8.2,-0.5,1,0,0,33.0,1.0,15,3.0,1.0,-1,-1,False,False,AllColorsLH_0617,13.2
57aa0bdb9ff3e900014135d9,2,3,1,2.0,OnlyGreenLL_0429,AllColorsLL1_0526,1.88,6.48,4.5,11.9,1,1,1,22.0,1.0,5,6.0,1.0,0,0,True,True,AllColorsLH_0617,13.2
57aa0bdb9ff3e900014135d9,3,3,1,3.0,AllColorsLL1_0526,AllColorsLH_0617,6.48,9.39,7.3,9.3,1,1,1,6.0,1.0,4,16.0,1.0,1,1,True,True,AllColorsLH_0617,13.2
64f9db6943940e98c173b596,1,3,1,3.0,AllColorsLL1_0526,OnlyBlueLH_0706,6.48,8.84,10.9,11.5,1,1,1,22.0,1.0,13,4.0,1.0,1,1,True,True,NoRedLH1_0612,14.2
64f9db6943940e98c173b596,2,3,1,1.0,OnlyBlueLH_0706,AllColorsLH_0617,8.84,9.39,12.8,15.1,0,0,0,22.0,1.0,5,7.0,0.0,1,1,True,True,NoRedLH1_0612,14.2
64f9db6943940e98c173b596,4,3,1,2.0,OnlyBlueLH_0706,AllColorsLH_0617,8.84,9.39,3.8,5.7,1,1,1,13.0,1.0,1,19.0,1.0,1,1,True,True,NoRedLH1_0612,14.2
64f9db6943940e98c173b596,5,3,1,2.0,AllColorsLH_0617,NoRedLH1_0612,9.39,10.87,11.4,12.9,1,1,1,12.0,1.0,6,3.0,1.0,1,1,True,True,NoRedLH1_0612,14.2
6578943bda60b06de1ba4628,1,2,1,1.0,AllColorsLL1_0526,OnlyGreenLL_0429,6.48,1.88,8.2,-0.5,1,0,0,74.0,1.0,15,10.0,0.0,-1,-1,False,False,NoRedLH1_0612,14.2
6578943bda60b06de1ba4628,2,2,1,2.0,OnlyGreenLL_0429,AllColorsLH_0617,1.88,9.39,2.5,5.7,1,1,1,14.0,1.0,1,17.0,1.0,1,1,True,True,NoRedLH1_0612,14.2
6578943bda60b06de1ba4628,3,2,1,0.0,AllColorsLH_0617,OnlyBlueLL_0625,9.39,7.49,7.8,2.7,0,1,1,18.0,1.0,16,14.0,1.0,1,-1,False,False,NoRedLH1_0612,14.2
6578943bda60b06de1ba4628,4,2,1,1.0,AllColorsLH_0617,NoRedLH1_0612,9.39,10.87,13.2,14.4,1,1,1,12.0,1.0,3,9.0,1.0,1,1,True,True,NoRedLH1_0612,14.2
6578943bda60b06de1ba4628,5,2,1,1.0,NoRedLH1_0612,OnlyBlueLL_0625,10.87,7.49,13.4,14.1,0,1,0,13.0,1.0,13,16.0,1.0,1,1,True,False,NoRedLH1_0612,14.2
6773d6d84f06b14a316648aa,1,2,1,1.0,AllColorsLL1_0526,AllColorsLH_0617,6.48,9.39,3.7,11.0,1,1,1,34.0,1.0,17,17.0,1.0,1,1,True,True,AllColorsLH_0617,13.2
64137cf15dfe79e9ff198054,1,2,0,1.0,AllColorsLL1_0526,OnlyBlueLH_0706,6.48,8.84,2.9,3.8,0,0,0,9.0,1.0,1,3.0,0.0,1,1,True,True,AllColorsLL1_0526,6.9
6658c56f3d9230d99c3e6752,1,0,1,,AllColorsLL1_0526,AllColorsLH_0617,6.48,9.39,6.7,9.3,1,1,1,0.0,0.0,12,,0.0,1,1,True,True,OnlyGreenLL_0429,-5.3
6658c56f3d9230d99c3e6752,2,0,1,,AllColorsLH_0617,NoRedLH1_0612,9.39,10.87,9.3,9.5,1,1,1,0.0,0.0,4,,0.0,1,1,True,True,OnlyGreenLL_0429,-5.3
6658c56f3d9230d99c3e6752,3,0,1,,NoRedLH1_0612,OnlyBlueLL_0625,10.87,7.49,9.9,6.7,1,0,0,0.0,0.0,11,,0.0,1,-1,False,False,OnlyGreenLL_0429,-5.3
6658c56f3d9230d99c3e6752,4,0,1,,OnlyBlueLL_0625,OnlyGreenLL_0429,7.49,1.88,2.7,-0.5,1,0,0,0.0,0.0,16,,0.0,-1,-1,False,False,OnlyGreenLL_0429,-5.3
6658c56f3d9230d99c3e6752,5,0,1,,OnlyGreenLL_0429,OnlyGreenLL_0429,1.88,9.39,5.6,11.9,1,1,1,0.0,0.0,7,,,1,1,True,True,OnlyGreenLL_0429,-5.3
5c59baa95e09ea00015521d9,1,2,0,2.0,AllColorsLL1_0526,OnlyGreenLL_0429,6.48,1.88,8.0,8.4,1,0,1,42.0,1.0,11,6.0,0.0,-1,1,True,False,OnlyBlueLH_0706,13.4
5c59baa95e09ea00015521d9,2,2,0,3.0,OnlyGreenLL_0429,OnlyBlueLL_0625,1.88,7.49,-0.5,2.7,1,1,1,16.0,1.0,16,17.0,1.0,1,-1,True,True,OnlyBlueLH_0706,13.4
5c59baa95e09ea00015521d9,3,2,0,1.0,OnlyBlueLL_0625,OnlyBlueLH_0706,7.49,8.84,9.9,12.8,1,1,1,12.0,1.0,5,8.0,1.0,1,1,True,True,OnlyBlueLH_0706,13.4
5c59baa95e09ea00015521d9,5,2,0,1.0,OnlyBlueLH_0706,AllColorsLH_0617,8.84,9.39,7.6,7.8,0,0,0,16.0,1.0,15,9.0,1.0,1,-1,True,True,OnlyBlueLH_0706,13.4
67322550bd5dfa0cd2958366,2,2,0,1.0,AllColorsLL1_0526,AllColorsLH_0617,6.48,9.39,11.9,15.1,1,1,1,35.0,1.0,5,3.0,1.0,1,1,True,True,AllColorsLH_0617,13.2
67322550bd5dfa0cd2958366,3,2,0,2.0,AllColorsLH_0617,OnlyBlueLH_0706,9.39,8.84,10.9,11.5,1,0,1,20.0,1.0,13,9.0,1.0,1,1,True,False,AllColorsLH_0617,13.2
67322550bd5dfa0cd2958366,4,2,0,1.0,OnlyBlueLH_0706,AllColorsLH_0617,8.84,9.39,7.7,9.3,0,0,0,26.0,1.0,4,9.0,1.0,1,1,True,True,AllColorsLH_0617,13.2
67322550bd5dfa0cd2958366,5,2,0,1.0,OnlyBlueLH_0706,OnlyBlueLL_0625,8.84,7.49,8.6,10.2,1,0,1,21.0,1.0,18,16.0,0.0,1,1,True,False,AllColorsLH_0617,13.2
6888fee2d5bd4d7b5582cd31,1,2,0,2.0,AllColorsLL1_0526,OnlyGreenLL_0429,6.48,1.88,8.2,-0.5,1,0,0,73.0,1.0,15,10.0,0.0,-1,-1,False,False,NoRedLH1_0612,14.2
6888fee2d5bd4d7b5582cd31,2,2,0,2.0,OnlyGreenLL_0429,OnlyBlueLL_0625,1.88,7.49,-0.5,2.7,1,1,1,58.0,1.0,16,6.0,1.0,1,-1,True,True,NoRedLH1_0612,14.2
6888fee2d5bd4d7b5582cd31,3,2,0,2.0,OnlyBlueLL_0625,AllColorsLH_0617,7.49,9.39,10.4,13.2,1,1,1,50.0,1.0,3,8.0,1.0,1,1,True,True,NoRedLH1_0612,14.2
6888fee2d5bd4d7b5582cd31,5,2,0,1.0,AllColorsLH_0617,NoRedLH1_0612,9.39,10.87,11.4,13.0,1,1,1,47.0,1.0,19,8.0,1.0,1,1,True,True,NoRedLH1_0612,14.2
66d29886c53f1949f8275cba,1,3,0,2.0,AllColorsLL1_0526,OnlyBlueLL_0625,6.48,7.49,5.6,10.2,1,1,1,32.0,1.0,6,12.0,1.0,1,1,True,True,AllColorsLH_0617,13.2
66d29886c53f1949f8275cba,2,3,0,1.0,OnlyBlueLL_0625,OnlyBlueLH_0706,7.49,8.84,7.5,9.5,1,1,1,19.0,1.0,9,11.0,0.0,1,1,True,True,AllColorsLH_0617,13.2
66d29886c53f1949f8275cba,4,3,0,1.0,OnlyBlueLH_0706,AllColorsLH_0617,8.84,9.39,7.6,7.8,1,1,1,51.0,1.0,15,10.0,0.0,1,-1,True,True,AllColorsLH_0617,13.2
5de30dd39a9da5342d09f2e8,1,0,0,,AllColorsLL1_0526,OnlyBlueLH_0706,6.48,8.84,9.3,7.6,1,1,0,0.0,0.0,2,,0.0,1,-1,False,True,OnlyBlueLH_0706,13.4
63beebaa4c5884797ff00a98,1,1,1,7.0,AllColorsLL1_0526,OnlyGreenLL_0429,6.48,1.88,7.6,7.5,1,0,0,63.0,1.0,8,8.0,0.0,-1,-1,False,False,AllColorsLH_0617,13.2
63beebaa4c5884797ff00a98,2,1,1,8.0,OnlyGreenLL_0429,OnlyBlueLH_0706,1.88,8.84,2.6,9.5,1,1,1,21.0,1.0,9,9.0,1.0,1,1,True,True,AllColorsLH_0617,13.2
63beebaa4c5884797ff00a98,3,1,1,1.0,OnlyBlueLH_0706,NoRedLH1_0612,8.84,10.87,11.5,13.4,0,0,0,30.0,1.0,13,13.0,0.0,1,1,True,True,AllColorsLH_0617,13.2
63beebaa4c5884797ff00a98,4,1,1,0.0,OnlyBlueLH_0706,AllColorsLH_0617,8.84,9.39,7.6,8.9,0,0,0,18.0,1.0,2,2.0,0.0,1,-1,True,True,AllColorsLH_0617,13.2
63beebaa4c5884797ff00a98,5,1,1,2.0,OnlyBlueLH_0706,AllColorsLH_0617,8.84,9.39,7.6,7.8,1,1,1,26.0,1.0,15,15.0,1.0,1,-1,True,True,AllColorsLH_0617,13.2
66928f171518765c5f8cea5b,1,2,0,1.0,AllColorsLL1_0526,OnlyBlueLH_0706,6.48,8.84,8.2,11.6,1,1,1,45.0,1.0,7,3.0,1.0,1,1,True,True,NoRedLH1_0612,14.2
66928f171518765c5f8cea5b,2,2,0,1.0,OnlyBlueLH_0706,NoRedLH1_0612,8.84,10.87,11.5,13.4,1,1,1,41.0,1.0,13,18.0,1.0,1,1,True,True,NoRedLH1_0612,14.2
66928f171518765c5f8cea5b,3,2,0,2.0,NoRedLH1_0612,AllColorsLL1_0526,10.87,6.48,9.5,3.5,0,1,1,87.0,1.0,9,18.0,1.0,0,0,False,False,NoRedLH1_0612,14.2
66928f171518765c5f8cea5b,4,2,0,1.0,NoRedLH1_0612,AllColorsLL1_0526,10.87,6.48,9.1,7.6,0,1,1,27.0,1.0,16,3.0,1.0,0,0,False,False,NoRedLH1_0612,14.2
66928f171518765c5f8cea5b,5,2,0,1.0,NoRedLH1_0612,AllColorsLH_0617,10.87,9.39,10.2,9.8,0,1,1,27.0,1.0,14,10.0,1.0,1,1,False,False,NoRedLH1_0612,14.2
5f68fe5be5cc370c0a0911de,2,0,0,,AllColorsLL1_0526,OnlyGreenLL_0429,6.48,1.88,8.2,-0.5,1,0,0,0.0,0.0,15,,0.0,-1,-1,False,False,OnlyGreenLL_0429,-5.3
5f68fe5be5cc370c0a0911de,3,0,0,,OnlyGreenLL_0429,OnlyBlueLL_0625,1.88,7.49,-0.5,2.7,1,1,1,0.0,0.0,16,,0.0,1,-1,True,True,OnlyGreenLL_0429,-5.3
5f68fe5be5cc370c0a0911de,4,0,0,,OnlyBlueLL_0625,OnlyGreenLL_0429,7.49,1.88,8.6,-8.6,1,0,0,0.0,0.0,17,,0.0,-1,-1,False,False,OnlyGreenLL_0429,-5.3
5f68fe5be5cc370c0a0911de,5,0,0,,OnlyGreenLL_0429,OnlyGreenLL_0429,1.88,9.39,4.5,15.1,1,1,1,0.0,0.0,5,,,1,1,True,True,OnlyGreenLL_0429,-5.3
573dbfc9cc30e7000dc57410,1,1,0,0.0,AllColorsLL1_0526,OnlyBlueLL_0625,6.48,7.49,8.2,11.6,1,1,1,28.0,1.0,7,7.0,1.0,1,1,True,True,AllColorsLH_0617,13.2
573dbfc9cc30e7000dc57410,2,1,0,1.0,OnlyBlueLL_0625,AllColorsLH_0617,7.49,9.39,7.5,6.1,1,1,0,15.0,1.0,9,9.0,0.0,1,1,False,True,AllColorsLH_0617,13.2
573dbfc9cc30e7000dc57410,3,1,0,1.0,AllColorsLH_0617,NoRedLH1_0612,9.39,10.87,5.7,9.1,1,1,1,34.0,1.0,1,1.0,1.0,1,1,True,True,AllColorsLH_0617,13.2
573dbfc9cc30e7000dc57410,4,1,0,0.0,NoRedLH1_0612,OnlyBlueLL_0625,10.87,7.49,9.1,2.7,0,1,1,34.0,1.0,16,16.0,1.0,1,-1,False,False,AllColorsLH_0617,13.2
573dbfc9cc30e7000dc57410,5,1,0,0.0,NoRedLH1_0612,AllColorsLH_0617,10.87,9.39,10.2,9.8,1,0,0,87.0,1.0,14,14.0,0.0,1,1,False,False,AllColorsLH_0617,13.2
5ddce9f0f85b50c4fc1515a4,1,1,0,14.0,AllColorsLL1_0526,OnlyBlueLL_0625,6.48,7.49,4.3,10.2,1,1,1,14.0,1.0,18,18.0,1.0,1,1,True,True,NoRedLH1_0612,14.2
5ddce9f0f85b50c4fc1515a4,2,1,0,4.0,OnlyBlueLL_0625,OnlyGreenLL_0429,7.49,1.88,9.9,4.5,0,1,1,18.0,1.0,5,5.0,1.0,-1,-1,False,False,NoRedLH1_0612,14.2
5ddce9f0f85b50c4fc1515a4,3,1,0,2.0,OnlyBlueLL_0625,AllColorsLL1_0526,7.49,6.48,10.4,10.4,1,0,1,21.0,1.0,19,19.0,1.0,0,0,True,False,NoRedLH1_0612,14.2
5ddce9f0f85b50c4fc1515a4,4,1,0,5.0,AllColorsLL1_0526,AllColorsLH_0617,6.48,9.39,8.0,11.0,1,1,1,16.0,1.0,11,11.0,1.0,1,1,True,True,NoRedLH1_0612,14.2
5ddce9f0f85b50c4fc1515a4,5,1,0,3.0,AllColorsLH_0617,NoRedLH1_0612,9.39,10.87,11.4,12.9,1,1,1,18.0,1.0,6,6.0,1.0,1,1,True,True,NoRedLH1_0612,14.2
6112bab70c61f8247ee7e228,1,0,1,,AllColorsLL1_0526,AllColorsLH_0617,6.48,9.39,4.9,7.2,1,1,1,0.0,0.0,10,,0.0,1,1,True,True,AllColorsLH_0617,13.2
6112bab70c61f8247ee7e228,3,0,1,,AllColorsLH_0617,AllColorsLH_0617,9.39,9.39,5.7,5.7,1,1,1,0.0,0.0,1,,0.0,1,1,True,True,AllColorsLH_0617,13.2
65654bb65a81489784483bf0,2,1,0,1.0,AllColorsLL1_0526,NoRedLH1_0612,6.48,10.87,7.6,9.1,1,1,1,24.0,1.0,16,16.0,1.0,1,1,True,True,NoRedLH1_0612,14.2
65654bb65a81489784483bf0,4,1,0,1.0,NoRedLH1_0612,OnlyBlueLL_0625,10.87,7.49,9.9,6.7,0,1,1,55.0,1.0,11,11.0,1.0,1,-1,False,False,NoRedLH1_0612,14.2
5dd671942b033b5ec8bc97b4,1,1,0,4.0,AllColorsLL1_0526,OnlyBlueLL_0625,6.48,7.49,5.6,10.2,1,1,1,28.0,1.0,6,6.0,1.0,1,1,True,True,OnlyBlueLH_0706,13.4
5dd671942b033b5ec8bc97b4,2,1,0,3.0,OnlyBlueLL_0625,AllColorsLH_0617,7.49,9.39,2.7,7.8,1,1,1,39.0,1.0,16,16.0,1.0,1,1,True,True,OnlyBlueLH_0706,13.4
5dd671942b033b5ec8bc97b4,3,1,0,7.0,AllColorsLH_0617,OnlyBlueLH_0706,9.39,8.84,9.3,9.7,1,0,1,19.0,1.0,12,12.0,1.0,1,1,True,False,OnlyBlueLH_0706,13.4
5dd671942b033b5ec8bc97b4,4,1,0,2.0,OnlyBlueLH_0706,AllColorsLH_0617,8.84,9.39,7.6,7.8,0,0,0,29.0,1.0,15,15.0,0.0,1,-1,True,True,OnlyBlueLH_0706,13.4
67e2b6561ccb8f5bb055cc85,3,3,0,2.0,AllColorsLL1_0526,AllColorsLH_0617,6.48,9.39,4.9,7.2,1,1,1,48.0,1.0,10,17.0,1.0,1,1,True,True,AllColorsLH_0617,13.2
5f048fdc0aea5b0ae3215fc9,1,0,0,,AllColorsLL1_0526,OnlyGreenLL_0429,6.48,1.88,8.2,-0.5,1,0,0,0.0,0.0,15,,0.0,-1,-1,False,False,OnlyBlueLH_0706,13.4
5f048fdc0aea5b0ae3215fc9,4,0,0,,OnlyGreenLL_0429,OnlyBlueLH_0706,1.88,8.84,4.4,7.4,1,1,1,0.0,0.0,14,,0.0,1,1,True,True,OnlyBlueLH_0706,13.4
5e2ac2aa0038f21089a533a4,1,3,0,7.0,AllColorsLL1_0526,AllColorsLH_0617,6.48,9.39,5.6,11.4,1,1,1,32.0,1.0,6,11.0,1.0,1,1,True,True,OnlyBlueLH_0706,13.4
5e2ac2aa0038f21089a533a4,2,3,0,6.0,AllColorsLH_0617,OnlyBlueLH_0706,9.39,8.84,10.9,11.5,1,0,1,48.0,1.0,13,10.0,1.0,1,1,True,False,OnlyBlueLH_0706,13.4
5e2ac2aa0038f21089a533a4,3,3,0,1.0,OnlyBlueLH_0706,OnlyBlueLL_0625,8.84,7.49,7.4,4.7,0,1,1,12.0,1.0,14,15.0,1.0,1,1,False,False,OnlyBlueLH_0706,13.4
672f246d1d67d71960402ef8,1,3,0,1.0,AllColorsLL1_0526,AllColorsLH_0617,6.48,9.39,8.2,11.9,1,1,1,70.0,1.0,7,6.0,1.0,1,1,True,True,AllColorsLH_0617,13.2
672f246d1d67d71960402ef8,3,3,0,2.0,AllColorsLH_0617,AllColorsLL1_0526,9.39,6.48,8.9,9.3,0,1,0,44.0,1.0,2,5.0,1.0,0,0,True,False,AllColorsLH_0617,13.2
672f246d1d67d71960402ef8,4,3,0,0.0,AllColorsLH_0617,NoRedLH1_0612,9.39,10.87,5.7,9.1,0,0,0,49.0,1.0,1,16.0,0.0,1,1,True,True,AllColorsLH_0617,13.2
672f246d1d67d71960402ef8,5,3,0,1.0,AllColorsLH_0617,NoRedLH1_0612,9.39,10.87,6.1,9.5,0,0,0,33.0,1.0,9,12.0,0.0,1,1,True,True,AllColorsLH_0617,13.2
56b10faa6399f90011da710d,5,3,0,3.0,AllColorsLL1_0526,OnlyBlueLL_0625,6.48,7.49,10.9,14.1,1,1,1,24.0,1.0,13,9.0,1.0,1,1,True,True,OnlyBlueLH_0706,13.4
67448035804444614abdcc6c,1,0,0,,AllColorsLL1_0526,OnlyBlueLH_0706,6.48,8.84,5.6,11.4,1,1,1,0.0,0.0,6,,0.0,1,1,True,True,NoRedLH1_0612,14.2
67448035804444614abdcc6c,2,0,0,,OnlyBlueLH_0706,AllColorsLL1_0526,8.84,6.48,7.6,9.3,1,0,1,0.0,0.0,2,,0.0,1,1,True,False,NoRedLH1_0612,14.2
67448035804444614abdcc6c,3,0,0,,AllColorsLL1_0526,OnlyBlueLH_0706,6.48,8.84,2.9,3.8,1,1,1,0.0,0.0,1,,0.0,1,1,True,True,NoRedLH1_0612,14.2
67448035804444614abdcc6c,4,0,0,,OnlyBlueLH_0706,NoRedLH1_0612,8.84,10.87,12.8,14.7,1,1,1,0.0,0.0,8,,0.0,1,1,True,True,NoRedLH1_0612,14.2
67448035804444614abdcc6c,5,0,0,,NoRedLH1_0612,NoRedLH1_0612,10.87,8.84,9.5,9.5,1,0,1,0.0,0.0,9,,,1,1,True,False,NoRedLH1_0612,14.2
668d82d4a86891ad552112b1,1,0,0,,AllColorsLL1_0526,AllColorsLH_0617,6.48,9.39,9.3,8.9,1,1,0,0.0,0.0,2,,0.0,1,-1,False,True,OnlyGreenLL_0429,-5.3
668d82d4a86891ad552112b1,2,0,0,,AllColorsLH_0617,OnlyBlueLH_0706,9.39,8.84,11.4,11.4,1,0,1,0.0,0.0,6,,0.0,1,1,True,False,OnlyGreenLL_0429,-5.3
668d82d4a86891ad552112b1,3,0,0,,OnlyBlueLH_0706,OnlyBlueLL_0625,8.84,7.49,12.8,3.6,1,0,0,0.0,0.0,8,,0.0,1,-1,False,False,OnlyGreenLL_0429,-5.3
668d82d4a86891ad552112b1,4,0,0,,OnlyBlueLL_0625,OnlyGreenLL_0429,7.49,1.88,7.8,-5.4,1,0,0,0.0,0.0,10,,0.0,-1,-1,False,False,OnlyGreenLL_0429,-5.3
668d82d4a86891ad552112b1,5,0,0,,OnlyGreenLL_0429,OnlyGreenLL_0429,1.88,6.48,-0.5,8.2,1,1,1,0.0,0.0,15,,,0,0,True,True,OnlyGreenLL_0429,-5.3
6759cf4aa98832e7c32a61b3,1,2,1,1.0,AllColorsLL1_0526,AllColorsLH_0617,6.48,9.39,2.9,5.7,1,1,1,40.0,1.0,1,3.0,1.0,1,1,True,True,NoRedLH1_0612,14.2
6759cf4aa98832e7c32a61b3,2,2,1,0.0,AllColorsLH_0617,NoRedLH1_0612,9.39,10.87,8.9,10.0,1,1,1,48.0,1.0,2,9.0,1.0,1,1,True,True,NoRedLH1_0612,14.2
62b0a3fa60084743d22ad31c,1,3,1,1.0,AllColorsLL1_0526,AllColorsLH_0617,6.48,9.39,10.4,11.4,1,1,1,73.0,1.0,19,1.0,1.0,1,1,True,True,OnlyBlueLH_0706,13.4
62b0a3fa60084743d22ad31c,3,3,1,0.0,AllColorsLH_0617,AllColorsLL1_0526,9.39,6.48,10.8,7.6,0,1,1,39.0,1.0,8,15.0,0.0,0,0,False,False,OnlyBlueLH_0706,13.4
62b0a3fa60084743d22ad31c,5,3,1,4.0,AllColorsLH_0617,OnlyBlueLH_0706,9.39,8.84,10.9,11.5,1,0,1,10.0,1.0,13,12.0,1.0,1,1,True,False,OnlyBlueLH_0706,13.4
681b781064a5701a5ceee3bc,1,0,0,,AllColorsLL1_0526,AllColorsLH_0617,6.48,9.39,4.9,7.2,1,1,1,0.0,0.0,10,,0.0,1,1,True,True,AllColorsLH_0617,13.2
681b781064a5701a5ceee3bc,2,0,0,,AllColorsLH_0617,AllColorsLH_0617,9.39,6.48,11.4,5.6,1,0,0,0.0,0.0,6,,,0,0,False,False,AllColorsLH_0617,13.2
5f6660dbdd831c230e132024,1,3,0,1.0,AllColorsLL1_0526,OnlyBlueLH_0706,6.48,8.84,6.7,9.7,0,0,0,104.0,1.0,12,15.0,1.0,1,1,True,True,AllColorsLH_0617,13.2
5f6660dbdd831c230e132024,2,3,0,3.0,AllColorsLL1_0526,AllColorsLH_0617,6.48,9.39,2.9,5.7,0,0,0,56.0,1.0,1,10.0,0.0,1,1,True,True,AllColorsLH_0617,13.2
5f6660dbdd831c230e132024,3,3,0,2.0,AllColorsLL1_0526,AllColorsLH_0617,6.48,9.39,7.3,9.3,1,1,1,58.0,1.0,4,18.0,1.0,1,1,True,True,AllColorsLH_0617,13.2
5f6660dbdd831c230e132024,4,3,0,0.0,AllColorsLH_0617,NoRedLH1_0612,9.39,10.87,11.4,12.9,0,0,0,49.0,1.0,6,3.0,0.0,1,1,True,True,AllColorsLH_0617,13.2
5f6660dbdd831c230e132024,5,3,0,4.0,AllColorsLH_0617,NoRedLH1_0612,9.39,10.87,8.9,10.0,0,0,0,57.0,1.0,2,14.0,0.0,1,1,True,True,AllColorsLH_0617,13.2
5b9095901e21c10001e9e8ee,1,2,0,0.0,AllColorsLL1_0526,OnlyBlueLH_0706,6.48,8.84,4.9,7.8,1,1,1,69.0,1.0,10,9.0,1.0,1,1,True,True,AllColorsLH_0617,13.2
5b9095901e21c10001e9e8ee,4,2,0,1.0,OnlyBlueLH_0706,AllColorsLH_0617,8.84,9.39,3.8,5.7,1,1,1,25.0,1.0,1,11.0,1.0,1,1,True,True,AllColorsLH_0617,13.2
5b9095901e21c10001e9e8ee,5,2,0,1.0,AllColorsLH_0617,OnlyBlueLH_0706,9.39,8.84,9.1,8.6,0,1,1,116.0,1.0,18,14.0,1.0,1,1,False,False,AllColorsLH_0617,13.2
674f22af21d6a0d92c657422,1,3,0,3.0,AllColorsLL1_0526,OnlyGreenLL_0429,6.48,1.88,3.5,2.6,1,0,0,23.0,1.0,9,18.0,1.0,-1,-1,False,False,OnlyGreenLL_0429,-5.3
674f22af21d6a0d92c657422,2,3,0,2.0,OnlyGreenLL_0429,AllColorsLL1_0526,1.88,6.48,4.4,4.1,1,1,0,12.0,1.0,14,16.0,1.0,0,0,False,True,OnlyGreenLL_0429,-5.3
674f22af21d6a0d92c657422,5,3,0,1.0,AllColorsLL1_0526,OnlyGreenLL_0429,6.48,1.88,8.2,-0.5,1,0,0,18.0,1.0,15,8.0,0.0,-1,-1,False,False,OnlyGreenLL_0429,-5.3
641a43f78351cc4fefe31190,2,1,0,2.0,AllColorsLL1_0526,AllColorsLH_0617,6.48,9.39,3.7,11.0,1,1,1,27.0,1.0,17,17.0,1.0,1,1,True,True,AllColorsLH_0617,13.2
641a43f78351cc4fefe31190,3,1,0,4.0,AllColorsLH_0617,OnlyBlueLL_0625,9.39,7.49,7.8,2.7,0,1,1,17.0,1.0,16,16.0,1.0,1,-1,False,False,AllColorsLH_0617,13.2
650c3f3a36d72f87324d708f,1,2,1,2.0,AllColorsLL1_0526,OnlyGreenLL_0429,6.48,1.88,9.3,7.0,0,1,1,80.0,1.0,2,2.0,1.0,-1,-1,False,False,OnlyBlueLH_0706,13.4
650c3f3a36d72f87324d708f,2,2,1,6.0,AllColorsLL1_0526,OnlyBlueLH_0706,6.48,8.84,4.9,7.8,1,1,1,61.0,1.0,10,10.0,1.0,1,1,True,True,OnlyBlueLH_0706,13.4
650c3f3a36d72f87324d708f,3,2,1,2.0,OnlyBlueLH_0706,AllColorsLH_0617,8.84,9.39,3.8,5.7,1,1,1,29.0,1.0,1,1.0,1.0,1,1,True,True,OnlyBlueLH_0706,13.4
650c3f3a36d72f87324d708f,4,2,1,6.0,AllColorsLH_0617,OnlyBlueLH_0706,9.39,8.84,9.1,8.6,1,0,0,55.0,1.0,18,18.0,0.0,1,1,False,False,OnlyBlueLH_0706,13.4
607864ca34af93e712224f01,1,0,0,,AllColorsLL1_0526,AllColorsLH_0617,6.48,9.39,8.2,11.9,1,1,1,0.0,0.0,7,,0.0,1,1,True,True,NoRedLH1_0612,14.2
607864ca34af93e712224f01,2,0,0,,AllColorsLH_0617,NoRedLH1_0612,9.39,10.87,8.9,10.0,1,1,1,0.0,0.0,2,,0.0,1,1,True,True,NoRedLH1_0612,14.2
677052c959de45fd60f8d1a9,1,2,0,4.0,AllColorsLL1_0526,AllColorsLH_0617,6.48,9.39,4.9,7.2,1,1,1,19.0,1.0,10,3.0,1.0,1,1,True,True,AllColorsLH_0617,13.2
677bb2c5448379a16cbf0a9e,1,2,1,1.0,AllColorsLL1_0526,OnlyBlueLH_0706,6.48,8.84,6.7,9.7,1,1,1,56.0,1.0,12,9.0,1.0,1,1,True,True,NoRedLH1_0612,14.2
677bb2c5448379a16cbf0a9e,2,2,1,0.0,OnlyBlueLH_0706,AllColorsLL1_0526,8.84,6.48,11.6,8.2,0,1,1,17.0,1.0,7,3.0,1.0,0,0,False,False,NoRedLH1_0612,14.2
677bb2c5448379a16cbf0a9e,3,2,1,1.0,OnlyBlueLH_0706,AllColorsLH_0617,8.84,9.39,7.4,9.8,1,1,1,23.0,1.0,14,11.0,1.0,1,1,True,True,NoRedLH1_0612,14.2
677bb2c5448379a16cbf0a9e,4,2,1,1.0,AllColorsLH_0617,NoRedLH1_0612,9.39,10.87,10.8,14.7,1,1,1,20.0,1.0,8,9.0,1.0,1,1,True,True,NoRedLH1_0612,14.2
67c5998272715aa6a5130741,1,1,1,3.0,AllColorsLL1_0526,AllColorsLH_0617,6.48,9.39,4.1,9.8,1,1,1,37.0,1.0,14,14.0,1.0,1,1,True,True,OnlyBlueLH_0706,13.4
67c5998272715aa6a5130741,2,1,1,2.0,AllColorsLH_0617,OnlyBlueLH_0706,9.39,8.84,10.9,11.5,1,0,1,35.0,1.0,13,13.0,1.0,1,1,True,False,OnlyBlueLH_0706,13.4
67c5998272715aa6a5130741,3,1,1,1.0,OnlyBlueLH_0706,AllColorsLL1_0526,8.84,6.48,7.6,9.3,1,0,1,47.0,1.0,2,2.0,1.0,0,0,True,False,OnlyBlueLH_0706,13.4
67c5998272715aa6a5130741,4,1,1,1.0,AllColorsLL1_0526,OnlyGreenLL_0429,6.48,1.88,8.2,-0.5,0,1,1,19.0,1.0,15,15.0,1.0,-1,-1,False,False,OnlyBlueLH_0706,13.4
67c5998272715aa6a5130741,5,1,1,5.0,AllColorsLL1_0526,OnlyBlueLH_0706,6.48,8.84,4.3,8.6,1,1,1,14.0,1.0,18,18.0,1.0,1,1,True,True,OnlyBlueLH_0706,13.4
5eaec18fbb7b8901200d16dd,1,0,1,,AllColorsLL1_0526,AllColorsLH_0617,6.48,9.39,7.3,9.3,1,1,1,0.0,0.0,4,,0.0,1,1,True,True,NoRedLH1_0612,14.2
5eaec18fbb7b8901200d16dd,3,0,1,,AllColorsLH_0617,NoRedLH1_0612,9.39,10.87,13.2,14.4,1,1,1,0.0,0.0,3,,0.0,1,1,True,True,NoRedLH1_0612,14.2
6078b4ad9006e4f6572dde97,1,0,0,,AllColorsLL1_0526,AllColorsLH_0617,6.48,9.39,6.7,9.3,1,1,1,0.0,0.0,12,,0.0,1,1,True,True,NoRedLH1_0612,14.2
6078b4ad9006e4f6572dde97,2,0,0,,AllColorsLH_0617,NoRedLH1_0612,9.39,10.87,11.9,12.8,1,1,1,0.0,0.0,7,,0.0,1,1,True,True,NoRedLH1_0612,14.2
6078b4ad9006e4f6572dde97,3,0,0,,NoRedLH1_0612,AllColorsLH_0617,10.87,9.39,10.2,9.8,1,0,0,0.0,0.0,14,,0.0,1,1,False,False,NoRedLH1_0612,14.2
6078b4ad9006e4f6572dde97,4,0,0,,AllColorsLH_0617,NoRedLH1_0612,9.39,10.87,7.2,11.2,1,1,1,0.0,0.0,10,,0.0,1,1,True,True,NoRedLH1_0612,14.2
66a641d8eae42f430895d856,2,1,0,2.0,AllColorsLL1_0526,AllColorsLH_0617,6.48,9.39,11.9,15.1,1,1,1,73.0,1.0,5,5.0,1.0,1,1,True,True,NoRedLH1_0612,14.2
66a641d8eae42f430895d856,3,1,0,2.0,AllColorsLH_0617,NoRedLH1_0612,9.39,10.87,13.2,14.4,1,1,1,35.0,1.0,3,3.0,1.0,1,1,True,True,NoRedLH1_0612,14.2
66f87d84fcfe786a13ff1edb,2,3,0,3.0,AllColorsLL1_0526,AllColorsLH_0617,6.48,9.39,3.7,11.0,1,1,1,16.0,1.0,17,1.0,1.0,1,1,True,True,AllColorsLH_0617,13.2
66f87d84fcfe786a13ff1edb,3,3,0,0.0,AllColorsLH_0617,AllColorsLL1_0526,9.39,6.48,7.8,7.6,1,0,0,19.0,1.0,16,10.0,0.0,0,0,False,False,AllColorsLH_0617,13.2
66f87d84fcfe786a13ff1edb,5,3,0,2.0,AllColorsLL1_0526,AllColorsLH_0617,6.48,9.39,8.0,11.0,1,1,1,19.0,1.0,11,19.0,1.0,1,1,True,True,AllColorsLH_0617,13.2
66c2c77d5b9a0a6d850046bb,2,1,0,2.0,AllColorsLL1_0526,OnlyBlueLH_0706,6.48,8.84,4.9,7.8,1,1,1,21.0,1.0,10,10.0,1.0,1,1,True,True,OnlyBlueLH_0706,13.4
5959cf88dd044900012cd375,2,3,0,3.0,AllColorsLL1_0526,OnlyGreenLL_0429,6.48,1.88,9.3,7.0,1,0,0,17.0,1.0,2,12.0,0.0,-1,-1,False,False,OnlyBlueLH_0706,13.4
5959cf88dd044900012cd375,3,3,0,2.0,OnlyGreenLL_0429,AllColorsLH_0617,1.88,9.39,4.4,9.8,0,0,0,39.0,1.0,14,16.0,0.0,1,1,True,True,OnlyBlueLH_0706,13.4
5959cf88dd044900012cd375,4,3,0,3.0,OnlyGreenLL_0429,OnlyBlueLL_0625,1.88,7.49,7.3,14.1,0,0,0,10.0,1.0,13,11.0,1.0,1,1,True,True,OnlyBlueLH_0706,13.4
5959cf88dd044900012cd375,5,3,0,2.0,OnlyGreenLL_0429,OnlyBlueLH_0706,1.88,8.84,5.7,8.6,1,1,1,10.0,1.0,18,5.0,1.0,1,1,True,True,OnlyBlueLH_0706,13.4
599da21f872eec00019569ff,1,3,0,3.0,AllColorsLL1_0526,AllColorsLH_0617,6.48,9.39,2.9,5.7,1,1,1,38.0,1.0,1,5.0,1.0,1,1,True,True,NoRedLH1_0612,14.2
599da21f872eec00019569ff,2,3,0,1.0,AllColorsLH_0617,NoRedLH1_0612,9.39,10.87,11.4,13.0,0,0,0,41.0,1.0,19,10.0,0.0,1,1,True,True,NoRedLH1_0612,14.2
599da21f872eec00019569ff,3,3,0,3.0,AllColorsLH_0617,NoRedLH1_0612,9.39,10.87,6.1,9.5,0,0,0,39.0,1.0,9,11.0,1.0,1,1,True,True,NoRedLH1_0612,14.2
599da21f872eec00019569ff,4,3,0,1.0,AllColorsLH_0617,NoRedLH1_0612,9.39,10.87,9.3,9.5,1,1,1,31.0,1.0,4,16.0,1.0,1,1,True,True,NoRedLH1_0612,14.2
5a198755f2e3460001edc5c9,2,1,0,1.0,AllColorsLL1_0526,OnlyBlueLH_0706,6.48,8.84,10.4,10.4,1,1,1,29.0,1.0,19,19.0,1.0,1,0,True,True,OnlyBlueLH_0706,13.4
5a198755f2e3460001edc5c9,4,1,0,1.0,OnlyBlueLH_0706,AllColorsLL1_0526,8.84,6.48,12.8,11.9,0,1,1,56.0,1.0,5,5.0,1.0,0,0,False,False,OnlyBlueLH_0706,13.4
5d8cef3c28e183001a335ab0,3,3,1,2.0,AllColorsLL1_0526,AllColorsLH_0617,6.48,9.39,11.9,15.1,1,1,1,21.0,1.0,5,18.0,1.0,1,1,True,True,AllColorsLL1_0526,6.9
5d8cef3c28e183001a335ab0,5,3,1,1.0,AllColorsLH_0617,AllColorsLL1_0526,9.39,6.48,8.9,9.3,1,0,1,22.0,1.0,2,16.0,0.0,0,0,True,False,AllColorsLL1_0526,6.9
63469a362ae94cb99d4fd99a,1,0,0,,AllColorsLL1_0526,AllColorsLH_0617,6.48,9.39,4.1,9.8,1,1,1,0.0,0.0,14,,0.0,1,1,True,True,NoRedLH1_0612,14.2
63469a362ae94cb99d4fd99a,2,0,0,,AllColorsLH_0617,NoRedLH1_0612,9.39,10.87,11.4,13.0,1,1,1,0.0,0.0,19,,0.0,1,1,True,True,NoRedLH1_0612,14.2
63469a362ae94cb99d4fd99a,5,0,0,,NoRedLH1_0612,NoRedLH1_0612,10.87,7.49,13.4,14.1,1,0,1,0.0,0.0,13,,,1,1,True,False,NoRedLH1_0612,14.2
65cd90916d6c5ca9f796e9a3,1,2,1,2.0,AllColorsLL1_0526,AllColorsLH_0617,6.48,9.39,7.3,9.3,1,1,1,54.0,1.0,4,17.0,1.0,1,1,True,True,NoRedLH1_0612,14.2
65cd90916d6c5ca9f796e9a3,2,2,1,0.0,AllColorsLH_0617,NoRedLH1_0612,9.39,10.87,5.7,9.1,1,1,1,21.0,1.0,1,10.0,1.0,1,1,True,True,NoRedLH1_0612,14.2
617323e630f3fa36361cb35b,2,1,1,0.0,AllColorsLL1_0526,OnlyGreenLL_0429,6.48,1.88,3.5,2.6,1,0,0,17.0,1.0,9,9.0,0.0,-1,-1,False,False,OnlyGreenLL_0429,-5.3
617323e630f3fa36361cb35b,4,1,1,1.0,OnlyGreenLL_0429,OnlyBlueLL_0625,1.88,7.49,4.4,4.7,0,0,0,35.0,1.0,14,14.0,0.0,1,1,True,True,OnlyGreenLL_0429,-5.3
603b9be389c6cf7d0dd74fd1,1,0,1,,AllColorsLL1_0526,OnlyBlueLH_0706,6.48,8.84,2.9,3.8,1,1,1,0.0,0.0,1,,0.0,1,1,True,True,AllColorsLH_0617,13.2
603b9be389c6cf7d0dd74fd1,2,0,1,,OnlyBlueLH_0706,AllColorsLL1_0526,8.84,6.48,11.5,10.9,1,0,0,0.0,0.0,13,,0.0,1,1,False,False,AllColorsLH_0617,13.2
603b9be389c6cf7d0dd74fd1,3,0,1,,AllColorsLL1_0526,OnlyGreenLL_0429,6.48,1.88,3.5,2.6,1,0,0,0.0,0.0,9,,0.0,-1,-1,False,False,AllColorsLH_0617,13.2
603b9be389c6cf7d0dd74fd1,4,0,1,,OnlyGreenLL_0429,AllColorsLH_0617,1.88,9.39,4.4,9.8,1,1,1,0.0,0.0,14,,0.0,1,1,True,True,AllColorsLH_0617,13.2
603b9be389c6cf7d0dd74fd1,5,0,1,,AllColorsLH_0617,AllColorsLH_0617,9.39,10.87,7.8,9.1,1,1,1,0.0,0.0,16,,,1,1,True,True,AllColorsLH_0617,13.2
66d40c57f897feb5421947d4,1,3,1,1.0,AllColorsLL1_0526,AllColorsLH_0617,6.48,9.39,4.1,9.8,1,1,1,34.0,1.0,14,8.0,1.0,1,1,True,True,NoRedLH1_0612,14.2
66d40c57f897feb5421947d4,2,3,1,2.0,AllColorsLH_0617,OnlyBlueLH_0706,9.39,8.84,11.9,11.6,0,1,1,17.0,1.0,7,18.0,1.0,1,1,False,False,NoRedLH1_0612,14.2
66d40c57f897feb5421947d4,3,3,1,0.0,AllColorsLH_0617,OnlyBlueLH_0706,9.39,8.84,9.3,7.7,1,0,0,12.0,1.0,4,13.0,1.0,1,1,False,False,NoRedLH1_0612,14.2
66d40c57f897feb5421947d4,4,3,1,3.0,OnlyBlueLH_0706,NoRedLH1_0612,8.84,10.87,6.5,9.9,1,1,1,8.0,1.0,11,9.0,1.0,1,1,True,True,NoRedLH1_0612,14.2
571b79495d40840009c448fe,1,1,0,1.0,AllColorsLL1_0526,OnlyBlueLL_0625,6.48,7.49,3.5,7.5,1,1,1,14.0,1.0,9,9.0,1.0,1,1,True,True,AllColorsLH_0617,13.2
571b79495d40840009c448fe,3,1,0,1.0,OnlyBlueLL_0625,AllColorsLL1_0526,7.49,6.48,9.9,11.9,1,0,1,12.0,1.0,5,5.0,1.0,0,0,True,False,AllColorsLH_0617,13.2
571b79495d40840009c448fe,4,1,0,1.0,AllColorsLL1_0526,OnlyGreenLL_0429,6.48,1.88,8.2,-0.5,0,1,1,15.0,1.0,15,15.0,1.0,-1,-1,False,False,AllColorsLH_0617,13.2
571b79495d40840009c448fe,5,1,0,2.0,AllColorsLL1_0526,AllColorsLH_0617,6.48,9.39,6.7,9.3,1,1,1,11.0,1.0,12,12.0,1.0,1,1,True,True,AllColorsLH_0617,13.2
6128279b17af1258eba39ada,1,0,1,,AllColorsLL1_0526,OnlyBlueLH_0706,6.48,8.84,9.3,7.6,1,1,0,0.0,0.0,2,,0.0,1,-1,False,True,OnlyBlueLH_0706,13.4
6128279b17af1258eba39ada,5,0,1,,OnlyBlueLH_0706,OnlyBlueLH_0706,8.84,6.48,7.6,7.6,1,0,1,0.0,0.0,16,,,0,0,True,False,OnlyBlueLH_0706,13.4
669b46825041be036247d1a2,1,2,1,0.0,AllColorsLL1_0526,OnlyBlueLH_0706,6.48,8.84,3.5,9.5,1,1,1,24.0,1.0,9,9.0,1.0,1,1,True,True,AllColorsLH_0617,13.2
669b46825041be036247d1a2,2,2,1,1.0,OnlyBlueLH_0706,NoRedLH1_0612,8.84,10.87,11.4,11.4,1,1,1,34.0,1.0,17,18.0,1.0,1,1,True,True,AllColorsLH_0617,13.2
669b46825041be036247d1a2,5,2,1,0.0,NoRedLH1_0612,AllColorsLH_0617,10.87,9.39,10.0,8.9,1,0,0,36.0,1.0,2,9.0,0.0,1,-1,False,False,AllColorsLH_0617,13.2
65b92135e296f28cb1a093c3,1,2,0,1.0,AllColorsLL1_0526,OnlyBlueLH_0706,6.48,8.84,10.9,11.5,1,1,1,36.0,1.0,13,17.0,1.0,1,1,True,True,OnlyBlueLH_0706,13.4
65b92135e296f28cb1a093c3,3,2,0,3.0,OnlyBlueLH_0706,NoRedLH1_0612,8.84,10.87,6.5,9.9,0,0,0,17.0,1.0,11,18.0,0.0,1,1,True,True,OnlyBlueLH_0706,13.4
5fb551ccab996500099ab1aa,2,3,0,1.0,AllColorsLL1_0526,OnlyBlueLH_0706,6.48,8.84,6.7,9.7,0,0,0,25.0,1.0,12,17.0,0.0,1,1,True,True,OnlyBlueLH_0706,13.4
5fb551ccab996500099ab1aa,3,3,0,1.0,AllColorsLL1_0526,OnlyBlueLH_0706,6.48,8.84,2.9,3.8,1,1,1,14.0,1.0,1,7.0,1.0,1,1,True,True,OnlyBlueLH_0706,13.4
5fb551ccab996500099ab1aa,4,3,0,0.0,OnlyBlueLH_0706,NoRedLH1_0612,8.84,10.87,11.1,14.4,0,0,0,16.0,1.0,3,6.0,0.0,1,1,True,True,OnlyBlueLH_0706,13.4
6694154a46060b3c49b2d6fd,1,0,0,,AllColorsLL1_0526,OnlyGreenLL_0429,6.48,1.88,9.3,7.0,1,0,0,0.0,0.0,2,,0.0,-1,-1,False,False,NoRedLH1_0612,14.2
6694154a46060b3c49b2d6fd,2,0,0,,OnlyGreenLL_0429,AllColorsLH_0617,1.88,9.39,-0.5,7.8,1,1,1,0.0,0.0,15,,0.0,1,-1,True,True,NoRedLH1_0612,14.2
6694154a46060b3c49b2d6fd,3,0,0,,AllColorsLH_0617,NoRedLH1_0612,9.39,10.87,11.4,13.0,1,1,1,0.0,0.0,19,,0.0,1,1,True,True,NoRedLH1_0612,14.2
6694154a46060b3c49b2d6fd,5,0,0,,NoRedLH1_0612,NoRedLH1_0612,10.87,6.48,9.1,7.6,1,0,0,0.0,0.0,16,,,0,0,False,False,NoRedLH1_0612,14.2
6773dfa0391dd47ac7521b5b,1,0,0,,AllColorsLL1_0526,OnlyBlueLH_0706,6.48,8.84,6.7,9.7,1,1,1,0.0,0.0,12,,0.0,1,1,True,True,OnlyBlueLL_0625,4.7
6773dfa0391dd47ac7521b5b,4,0,0,,OnlyBlueLH_0706,OnlyBlueLL_0625,8.84,7.49,7.6,2.7,1,0,0,0.0,0.0,16,,0.0,1,-1,False,False,OnlyBlueLL_0625,4.7
5f0c86cbe4af1361b7158f3e,1,0,0,,AllColorsLL1_0526,OnlyBlueLL_0625,6.48,7.49,6.7,9.7,1,1,1,0.0,0.0,12,,0.0,1,1,True,True,OnlyBlueLH_0706,13.4
5f0c86cbe4af1361b7158f3e,3,0,0,,OnlyBlueLL_0625,OnlyBlueLH_0706,7.49,8.84,10.4,11.1,1,1,1,0.0,0.0,3,,0.0,1,1,True,True,OnlyBlueLH_0706,13.4
5c91fad394f7e600172f9d4a,1,0,0,,AllColorsLL1_0526,AllColorsLH_0617,6.48,9.39,9.3,8.9,1,1,0,0.0,0.0,2,,0.0,1,-1,False,True,AllColorsLH_0617,13.2
5c91fad394f7e600172f9d4a,3,0,0,,AllColorsLH_0617,AllColorsLL1_0526,9.39,6.48,7.8,7.6,1,0,0,0.0,0.0,16,,0.0,1,1,False,False,AllColorsLH_0617,13.2
5c91fad394f7e600172f9d4a,4,0,0,,AllColorsLL1_0526,AllColorsLH_0617,6.48,9.39,4.9,7.2,1,1,1,0.0,0.0,10,,0.0,1,1,True,True,AllColorsLH_0617,13.2
5c91fad394f7e600172f9d4a,5,0,0,,AllColorsLH_0617,AllColorsLH_0617,9.39,6.48,5.7,2.9,1,0,0,0.0,0.0,1,,,0,0,False,False,AllColorsLH_0617,13.2
5e3723a2c0b2896ad554be73,2,2,1,3.0,AllColorsLL1_0526,OnlyGreenLL_0429,6.48,1.88,4.1,4.4,0,1,0,21.0,1.0,14,10.0,1.0,-1,1,True,False,NoRedLH1_0612,14.2
5e3723a2c0b2896ad554be73,3,2,1,4.0,AllColorsLL1_0526,AllColorsLH_0617,6.48,9.39,5.6,11.4,1,1,1,37.0,1.0,6,3.0,1.0,1,1,True,True,NoRedLH1_0612,14.2
5e3723a2c0b2896ad554be73,4,2,1,0.0,AllColorsLH_0617,AllColorsLL1_0526,9.39,6.48,8.9,9.3,0,1,0,39.0,1.0,2,17.0,1.0,0,0,True,False,NoRedLH1_0612,14.2
5e3723a2c0b2896ad554be73,5,2,1,0.0,AllColorsLH_0617,NoRedLH1_0612,9.39,10.87,9.3,9.5,1,1,1,29.0,1.0,4,8.0,1.0,1,1,True,True,NoRedLH1_0612,14.2
5c4d8d706b23ab0001a34af2,1,3,0,13.0,AllColorsLL1_0526,OnlyGreenLL_0429,6.48,1.88,4.3,5.7,0,1,0,0.0,1.0,18,15.0,1.0,-1,1,True,False,NoRedLH1_0612,14.2
5c4d8d706b23ab0001a34af2,2,3,0,6.0,AllColorsLL1_0526,AllColorsLH_0617,6.48,9.39,4.4,13.2,1,1,1,14.0,1.0,3,14.0,1.0,1,1,True,True,NoRedLH1_0612,14.2
5c4d8d706b23ab0001a34af2,5,3,0,6.0,AllColorsLH_0617,NoRedLH1_0612,9.39,10.87,6.1,9.5,1,1,1,39.0,1.0,9,7.0,1.0,1,1,True,True,NoRedLH1_0612,14.2
5ea97d9c3593b80714388e3d,1,0,0,,AllColorsLL1_0526,OnlyBlueLH_0706,6.48,8.84,10.4,10.4,1,1,1,0.0,0.0,19,,0.0,1,1,True,True,AllColorsLL1_0526,6.9
5ea97d9c3593b80714388e3d,2,0,0,,OnlyBlueLH_0706,AllColorsLH_0617,8.84,9.39,7.6,7.8,1,1,1,0.0,0.0,15,,0.0,1,-1,True,True,AllColorsLL1_0526,6.9
5ea97d9c3593b80714388e3d,3,0,0,,AllColorsLH_0617,OnlyBlueLL_0625,9.39,7.49,9.3,9.7,1,0,1,0.0,0.0,12,,0.0,1,1,True,False,AllColorsLL1_0526,6.9
5ea97d9c3593b80714388e3d,4,0,0,,OnlyBlueLL_0625,AllColorsLL1_0526,7.49,6.48,4.7,4.1,1,0,0,0.0,0.0,14,,0.0,1,1,False,False,AllColorsLL1_0526,6.9
5ea97d9c3593b80714388e3d,5,0,0,,AllColorsLL1_0526,AllColorsLL1_0526,6.48,9.39,11.9,15.1,1,1,1,0.0,0.0,5,,,1,1,True,True,AllColorsLL1_0526,6.9
5fc59271971cc91189a1bdf0,1,3,1,0.0,AllColorsLL1_0526,OnlyBlueLH_0706,6.48,8.84,4.9,7.8,1,1,1,86.0,1.0,10,13.0,1.0,1,1,True,True,NoRedLH1_0612,14.2
5fc59271971cc91189a1bdf0,2,3,1,1.0,OnlyBlueLH_0706,AllColorsLH_0617,8.84,9.39,7.6,7.8,1,1,1,125.0,1.0,15,3.0,1.0,1,-1,True,True,NoRedLH1_0612,14.2
5fc59271971cc91189a1bdf0,3,3,1,1.0,AllColorsLH_0617,NoRedLH1_0612,9.39,10.87,11.9,12.8,1,1,1,29.0,1.0,7,16.0,1.0,1,1,True,True,NoRedLH1_0612,14.2
5fc59271971cc91189a1bdf0,4,3,1,0.0,NoRedLH1_0612,OnlyBlueLL_0625,10.87,7.49,14.7,3.6,0,1,1,26.0,1.0,8,14.0,1.0,1,-1,False,False,NoRedLH1_0612,14.2
672d98919cc177d28c204e76,1,2,1,2.0,AllColorsLL1_0526,OnlyBlueLH_0706,6.48,8.84,7.6,12.8,1,1,1,13.0,1.0,8,17.0,1.0,1,1,True,True,OnlyBlueLH_0706,13.4
672d98919cc177d28c204e76,2,2,1,0.0,OnlyBlueLH_0706,OnlyBlueLL_0625,8.84,7.49,7.7,7.7,0,1,1,17.0,1.0,4,8.0,1.0,1,1,True,False,OnlyBlueLH_0706,13.4
672d98919cc177d28c204e76,3,2,1,0.0,OnlyBlueLH_0706,OnlyBlueLL_0625,8.84,7.49,7.6,2.7,0,1,1,19.0,1.0,16,5.0,1.0,1,-1,False,False,OnlyBlueLH_0706,13.4
672d98919cc177d28c204e76,4,2,1,1.0,OnlyBlueLH_0706,AllColorsLL1_0526,8.84,6.48,6.5,8.0,0,1,0,13.0,1.0,11,17.0,1.0,0,0,True,False,OnlyBlueLH_0706,13.4
672d98919cc177d28c204e76,5,2,1,1.0,OnlyBlueLH_0706,NoRedLH1_0612,8.84,10.87,11.1,14.4,0,0,0,16.0,1.0,3,11.0,0.0,1,1,True,True,OnlyBlueLH_0706,13.4
5883d68d300c0b000113db56,1,3,1,1.0,AllColorsLL1_0526,OnlyBlueLH_0706,6.48,8.84,4.3,8.6,1,1,1,37.0,1.0,18,11.0,0.0,1,1,True,True,AllColorsLH_0617,13.2
5883d68d300c0b000113db56,5,3,1,1.0,OnlyBlueLH_0706,AllColorsLH_0617,8.84,9.39,3.8,5.7,1,1,1,43.0,1.0,1,8.0,0.0,1,1,True,True,AllColorsLH_0617,13.2
5fc5b8714f337d14db11f49c,1,2,0,8.0,AllColorsLL1_0526,OnlyGreenLL_0429,6.48,1.88,4.3,5.7,0,1,0,24.0,1.0,18,6.0,1.0,-1,1,True,False,OnlyBlueLL_0625,4.7
5fc5b8714f337d14db11f49c,3,2,0,1.0,AllColorsLL1_0526,OnlyBlueLL_0625,6.48,7.49,7.6,2.7,1,1,0,14.0,1.0,16,17.0,1.0,1,-1,False,True,OnlyBlueLL_0625,4.7
5e29cc3230cf9d03580c34bf,1,1,0,1.0,AllColorsLL1_0526,OnlyBlueLH_0706,6.48,8.84,10.9,11.5,1,1,1,63.0,1.0,13,13.0,1.0,1,1,True,True,NoRedLH1_0612,14.2
5e29cc3230cf9d03580c34bf,2,1,0,1.0,OnlyBlueLH_0706,AllColorsLH_0617,8.84,9.39,3.8,5.7,1,1,1,48.0,1.0,1,1.0,1.0,1,1,True,True,NoRedLH1_0612,14.2
5e29cc3230cf9d03580c34bf,4,1,0,4.0,AllColorsLH_0617,NoRedLH1_0612,9.39,10.87,7.8,9.3,1,1,1,17.0,1.0,15,15.0,1.0,1,1,True,True,NoRedLH1_0612,14.2
5e29cc3230cf9d03580c34bf,5,1,0,1.0,NoRedLH1_0612,AllColorsLL1_0526,10.87,6.48,9.1,7.6,0,1,1,32.0,1.0,16,16.0,1.0,0,0,False,False,NoRedLH1_0612,14.2
654e37a130d94b47675dcebe,1,2,0,7.0,AllColorsLL1_0526,OnlyGreenLL_0429,6.48,1.88,4.3,5.7,0,1,0,14.0,1.0,18,17.0,1.0,-1,1,True,False,NoRedLH1_0612,14.2
654e37a130d94b47675dcebe,2,2,0,2.0,AllColorsLL1_0526,AllColorsLH_0617,6.48,9.39,3.5,6.1,1,1,1,11.0,1.0,9,3.0,1.0,1,1,True,True,NoRedLH1_0612,14.2
654e37a130d94b47675dcebe,3,2,0,3.0,AllColorsLH_0617,NoRedLH1_0612,9.39,10.87,10.9,13.4,1,1,1,15.0,1.0,13,8.0,1.0,1,1,True,True,NoRedLH1_0612,14.2
654e37a130d94b47675dcebe,5,2,0,1.0,NoRedLH1_0612,AllColorsLL1_0526,10.87,6.48,10.0,9.3,0,1,1,8.0,1.0,2,18.0,1.0,0,0,False,False,NoRedLH1_0612,14.2
6108d2066bcc43df291c93f7,1,0,0,,AllColorsLL1_0526,OnlyBlueLL_0625,6.48,7.49,6.7,9.7,1,1,1,0.0,0.0,12,,0.0,1,1,True,True,OnlyBlueLL_0625,4.7
6108d2066bcc43df291c93f7,2,0,0,,OnlyBlueLL_0625,AllColorsLL1_0526,7.49,6.48,7.6,9.3,1,0,1,0.0,0.0,2,,0.0,1,1,True,False,OnlyBlueLL_0625,4.7
6108d2066bcc43df291c93f7,3,0,0,,AllColorsLL1_0526,OnlyGreenLL_0429,6.48,1.88,8.0,8.4,1,0,1,0.0,0.0,11,,0.0,-1,1,True,False,OnlyBlueLL_0625,4.7
6108d2066bcc43df291c93f7,4,0,0,,OnlyGreenLL_0429,OnlyBlueLL_0625,1.88,7.49,2.6,7.5,1,1,1,0.0,0.0,9,,0.0,1,1,True,True,OnlyBlueLL_0625,4.7
6108d2066bcc43df291c93f7,5,0,0,,OnlyBlueLL_0625,OnlyBlueLL_0625,7.49,6.48,8.6,3.7,1,0,0,0.0,0.0,17,,,0,0,False,False,OnlyBlueLL_0625,4.7
66d6376eb15526056851d558,1,1,0,3.0,AllColorsLL1_0526,AllColorsLH_0617,6.48,9.39,6.7,9.3,0,0,0,108.0,1.0,12,12.0,0.0,1,1,True,True,NoRedLH1_0612,14.2
66d6376eb15526056851d558,2,1,0,2.0,AllColorsLL1_0526,AllColorsLH_0617,6.48,9.39,7.6,10.8,1,1,1,65.0,1.0,8,8.0,1.0,1,1,True,True,NoRedLH1_0612,14.2
66d6376eb15526056851d558,3,1,0,2.0,AllColorsLH_0617,NoRedLH1_0612,9.39,10.87,9.1,12.2,1,1,1,31.0,1.0,18,18.0,1.0,1,1,True,True,NoRedLH1_0612,14.2
66d6376eb15526056851d558,5,1,0,1.0,NoRedLH1_0612,AllColorsLH_0617,10.87,9.39,9.5,9.3,0,1,1,40.0,1.0,4,4.0,1.0,1,1,False,False,NoRedLH1_0612,14.2
677b8e386966144d94556597,1,2,1,4.0,AllColorsLL1_0526,OnlyBlueLH_0706,6.48,8.84,10.9,11.5,1,1,1,25.0,1.0,13,9.0,1.0,1,1,True,True,NoRedLH1_0612,14.2
677b8e386966144d94556597,3,2,1,0.0,OnlyBlueLH_0706,AllColorsLL1_0526,8.84,6.48,11.6,8.2,0,1,1,18.0,1.0,7,9.0,1.0,0,0,False,False,NoRedLH1_0612,14.2
677b8e386966144d94556597,4,2,1,0.0,OnlyBlueLH_0706,NoRedLH1_0612,8.84,10.87,11.1,14.4,1,1,1,14.0,1.0,3,1.0,1.0,1,1,True,True,NoRedLH1_0612,14.2
5f5de7ba9a3ef664001fe837,1,3,1,4.0,AllColorsLL1_0526,AllColorsLH_0617,6.48,9.39,4.1,9.8,0,0,0,6.0,1.0,14,8.0,0.0,1,1,True,True,AllColorsLL1_0526,6.9
5f5de7ba9a3ef664001fe837,2,3,1,1.0,AllColorsLL1_0526,AllColorsLH_0617,6.48,9.39,4.3,9.1,0,0,0,9.0,1.0,18,6.0,0.0,1,1,True,True,AllColorsLL1_0526,6.9
5f5de7ba9a3ef664001fe837,3,3,1,0.0,AllColorsLL1_0526,OnlyBlueLL_0625,6.48,7.49,8.2,11.6,0,0,0,6.0,1.0,7,4.0,0.0,1,1,True,True,AllColorsLL1_0526,6.9
5f5de7ba9a3ef664001fe837,4,3,1,1.0,AllColorsLL1_0526,OnlyBlueLL_0625,6.48,7.49,3.7,8.6,0,0,0,5.0,1.0,17,2.0,1.0,1,1,True,True,AllColorsLL1_0526,6.9
5f5de7ba9a3ef664001fe837,5,3,1,1.0,AllColorsLL1_0526,OnlyBlueLH_0706,6.48,8.84,6.7,9.7,0,0,0,5.0,1.0,12,10.0,0.0,1,1,True,True,AllColorsLL1_0526,6.9
676f2ff678d74407b518207d,3,1,0,4.0,AllColorsLL1_0526,OnlyBlueLL_0625,6.48,7.49,3.5,7.5,1,1,1,16.0,1.0,9,9.0,1.0,1,1,True,True,NoRedLH1_0612,14.2
676f2ff678d74407b518207d,4,1,0,2.0,OnlyBlueLL_0625,OnlyGreenLL_0429,7.49,1.88,6.7,8.4,1,0,1,14.0,1.0,11,11.0,1.0,-1,1,True,False,NoRedLH1_0612,14.2
676f2ff678d74407b518207d,5,1,0,4.0,OnlyGreenLL_0429,OnlyBlueLL_0625,1.88,7.49,-5.4,7.8,1,1,1,20.0,1.0,10,10.0,1.0,1,1,True,True,NoRedLH1_0612,14.2
5f149a954d733b51cc1175d2,1,2,1,0.0,AllColorsLL1_0526,OnlyGreenLL_0429,6.48,1.88,8.2,5.6,1,0,0,44.0,1.0,7,10.0,0.0,-1,-1,False,False,OnlyBlueLL_0625,4.7
5f149a954d733b51cc1175d2,4,2,1,1.0,OnlyGreenLL_0429,OnlyBlueLL_0625,1.88,7.49,-3.4,10.2,1,1,1,20.0,1.0,6,10.0,1.0,1,1,True,True,OnlyBlueLL_0625,4.7
666332bdc5b6f8765b5e62f2,3,3,1,2.0,AllColorsLL1_0526,AllColorsLH_0617,6.48,9.39,8.2,11.9,0,0,0,40.0,1.0,7,15.0,1.0,1,1,True,True,OnlyBlueLH_0706,13.4
666332bdc5b6f8765b5e62f2,4,3,1,0.0,AllColorsLL1_0526,OnlyGreenLL_0429,6.48,1.88,3.5,2.6,0,1,1,14.0,1.0,9,19.0,1.0,-1,-1,False,False,OnlyBlueLH_0706,13.4
666332bdc5b6f8765b5e62f2,5,3,1,1.0,AllColorsLL1_0526,OnlyBlueLH_0706,6.48,8.84,5.6,11.4,1,1,1,9.0,1.0,6,12.0,1.0,1,1,True,True,OnlyBlueLH_0706,13.4
6501f7c274092e1270832a17,1,1,0,2.0,AllColorsLL1_0526,AllColorsLH_0617,6.48,9.39,7.3,9.3,1,1,1,16.0,1.0,4,4.0,1.0,1,1,True,True,AllColorsLH_0617,13.2
6501f7c274092e1270832a17,2,1,0,4.0,AllColorsLH_0617,OnlyBlueLH_0706,9.39,8.84,6.1,9.5,1,0,1,48.0,1.0,9,9.0,1.0,1,1,True,False,AllColorsLH_0617,13.2
6501f7c274092e1270832a17,3,1,0,0.0,OnlyBlueLH_0706,NoRedLH1_0612,8.84,10.87,11.1,14.4,1,1,1,59.0,1.0,3,3.0,1.0,1,1,True,True,AllColorsLH_0617,13.2
6501f7c274092e1270832a17,4,1,0,1.0,NoRedLH1_0612,OnlyBlueLL_0625,10.87,7.49,13.4,14.1,1,0,1,37.0,1.0,13,13.0,1.0,1,1,True,False,AllColorsLH_0617,13.2
6501f7c274092e1270832a17,5,1,0,1.0,OnlyBlueLL_0625,AllColorsLH_0617,7.49,9.39,2.7,7.8,1,1,1,51.0,1.0,16,16.0,1.0,1,1,True,True,AllColorsLH_0617,13.2
6658b1b56a1df274ee633fdc,1,0,1,,AllColorsLL1_0526,OnlyBlueLL_0625,6.48,7.49,3.7,8.6,1,1,1,0.0,0.0,17,,0.0,1,1,True,True,NoRedLH1_0612,14.2
6658b1b56a1df274ee633fdc,2,0,1,,OnlyBlueLL_0625,AllColorsLH_0617,7.49,9.39,7.5,6.1,1,1,0,0.0,0.0,9,,0.0,1,1,False,True,NoRedLH1_0612,14.2
6658b1b56a1df274ee633fdc,3,0,1,,AllColorsLH_0617,NoRedLH1_0612,9.39,10.87,13.2,14.4,1,1,1,0.0,0.0,3,,0.0,1,1,True,True,NoRedLH1_0612,14.2
67104c7deff954cb22438402,1,1,1,6.0,AllColorsLL1_0526,OnlyGreenLL_0429,6.48,1.88,9.3,7.0,1,0,0,72.0,1.0,2,2.0,0.0,-1,-1,False,False,AllColorsLH_0617,13.2
67104c7deff954cb22438402,2,1,1,2.0,OnlyGreenLL_0429,AllColorsLH_0617,1.88,9.39,2.5,5.7,1,1,1,28.0,1.0,1,1.0,1.0,1,1,True,True,AllColorsLH_0617,13.2
67104c7deff954cb22438402,4,1,1,2.0,AllColorsLH_0617,OnlyBlueLL_0625,9.39,7.49,9.8,4.7,0,1,1,142.0,1.0,14,14.0,1.0,1,1,False,False,AllColorsLH_0617,13.2
63038a4810d4751896ffcd01,2,0,0,,AllColorsLL1_0526,AllColorsLH_0617,6.48,9.39,4.9,7.2,1,1,1,0.0,0.0,10,,0.0,1,1,True,True,NoRedLH1_0612,14.2
63038a4810d4751896ffcd01,4,0,0,,AllColorsLH_0617,NoRedLH1_0612,9.39,10.87,11.4,12.9,1,1,1,0.0,0.0,6,,0.0,1,1,True,True,NoRedLH1_0612,14.2
6765e5d4ee75be7807670beb,1,2,0,2.0,AllColorsLL1_0526,OnlyBlueLH_0706,6.48,8.84,10.4,10.4,1,1,1,25.0,1.0,19,3.0,1.0,1,0,True,True,NoRedLH1_0612,14.2
6765e5d4ee75be7807670beb,3,2,0,1.0,OnlyBlueLH_0706,NoRedLH1_0612,8.84,10.87,7.6,10.0,1,1,1,12.0,1.0,2,18.0,1.0,1,1,True,True,NoRedLH1_0612,14.2
6765e5d4ee75be7807670beb,4,2,0,1.0,NoRedLH1_0612,OnlyBlueLL_0625,10.87,7.49,13.4,14.1,0,1,0,27.0,1.0,13,1.0,1.0,1,1,True,False,NoRedLH1_0612,14.2
6765e5d4ee75be7807670beb,5,2,0,1.0,NoRedLH1_0612,AllColorsLH_0617,10.87,9.39,9.9,11.0,0,1,0,29.0,1.0,11,8.0,1.0,1,1,True,False,NoRedLH1_0612,14.2
60ff1f78061fc7decaf31f11,1,3,0,1.0,AllColorsLL1_0526,AllColorsLH_0617,6.48,9.39,7.6,10.8,1,1,1,32.0,1.0,8,6.0,1.0,1,1,True,True,NoRedLH1_0612,14.2
60ff1f78061fc7decaf31f11,2,3,0,0.0,AllColorsLH_0617,NoRedLH1_0612,9.39,10.87,5.7,9.1,1,1,1,33.0,1.0,1,13.0,1.0,1,1,True,True,NoRedLH1_0612,14.2
60ff1f78061fc7decaf31f11,3,3,0,1.0,NoRedLH1_0612,AllColorsLL1_0526,10.87,6.48,10.0,9.3,0,1,1,12.0,1.0,2,17.0,1.0,0,0,False,False,NoRedLH1_0612,14.2
5f57be602095072bb238a7ab,1,0,0,,AllColorsLL1_0526,AllColorsLH_0617,6.48,9.39,4.9,7.2,1,1,1,0.0,0.0,10,,0.0,1,1,True,True,OnlyBlueLH_0706,13.4
5f57be602095072bb238a7ab,4,0,0,,AllColorsLH_0617,OnlyBlueLH_0706,9.39,8.84,10.9,11.5,1,0,1,0.0,0.0,13,,0.0,1,1,True,False,OnlyBlueLH_0706,13.4
5f57be602095072bb238a7ab,5,0,0,,OnlyBlueLH_0706,OnlyBlueLH_0706,8.84,9.39,10.4,11.4,1,1,1,0.0,0.0,19,,,1,1,True,True,OnlyBlueLH_0706,13.4
67ca2b138e29010f04934911,2,3,0,1.0,AllColorsLL1_0526,AllColorsLH_0617,6.48,9.39,5.6,11.4,0,0,0,64.0,1.0,6,7.0,0.0,1,1,True,True,NoRedLH1_0612,14.2
67ca2b138e29010f04934911,3,3,0,4.0,AllColorsLL1_0526,OnlyBlueLL_0625,6.48,7.49,4.9,7.8,1,1,1,15.0,1.0,10,2.0,0.0,1,1,True,True,NoRedLH1_0612,14.2
67ca2b138e29010f04934911,4,3,0,1.0,OnlyBlueLL_0625,AllColorsLH_0617,7.49,9.39,7.5,6.1,1,1,0,18.0,1.0,9,8.0,1.0,1,1,False,True,NoRedLH1_0612,14.2
67ca2b138e29010f04934911,5,3,0,4.0,AllColorsLH_0617,OnlyBlueLH_0706,9.39,8.84,9.3,9.7,1,0,1,13.0,1.0,12,13.0,1.0,1,1,True,False,NoRedLH1_0612,14.2
67914a71e31261f2ae882759,1,1,0,2.0,AllColorsLL1_0526,OnlyBlueLL_0625,6.48,7.49,6.7,9.7,1,1,1,46.0,1.0,12,12.0,1.0,1,1,True,True,OnlyBlueLL_0625,4.7
67914a71e31261f2ae882759,2,1,0,2.0,OnlyBlueLL_0625,AllColorsLL1_0526,7.49,6.48,4.8,8.2,1,0,1,45.0,1.0,15,15.0,1.0,0,0,True,False,OnlyBlueLL_0625,4.7
67914a71e31261f2ae882759,3,1,0,1.0,AllColorsLL1_0526,OnlyGreenLL_0429,6.48,1.88,9.3,7.0,1,0,0,61.0,1.0,2,2.0,0.0,-1,-1,False,False,OnlyBlueLL_0625,4.7
67914a71e31261f2ae882759,4,1,0,1.0,OnlyGreenLL_0429,OnlyBlueLL_0625,1.88,7.49,4.4,4.7,1,1,1,69.0,1.0,14,14.0,1.0,1,1,True,True,OnlyBlueLL_0625,4.7
6722478c409070762121307f,1,0,1,,AllColorsLL1_0526,OnlyGreenLL_0429,6.48,1.88,9.3,7.0,1,0,0,0.0,0.0,2,,0.0,-1,-1,False,False,OnlyGreenLL_0429,-5.3
6722478c409070762121307f,2,0,1,,OnlyGreenLL_0429,OnlyBlueLH_0706,1.88,8.84,-5.4,7.8,1,1,1,0.0,0.0,10,,0.0,1,1,True,True,OnlyGreenLL_0429,-5.3
6722478c409070762121307f,3,0,1,,OnlyBlueLH_0706,OnlyBlueLL_0625,8.84,7.49,7.4,4.7,1,0,0,0.0,0.0,14,,0.0,1,1,False,False,OnlyGreenLL_0429,-5.3
6722478c409070762121307f,4,0,1,,OnlyBlueLL_0625,OnlyGreenLL_0429,7.49,1.88,10.2,-3.4,1,0,0,0.0,0.0,6,,0.0,-1,-1,False,False,OnlyGreenLL_0429,-5.3
6722478c409070762121307f,5,0,1,,OnlyGreenLL_0429,OnlyGreenLL_0429,1.88,6.48,2.5,2.9,1,1,1,0.0,0.0,1,,,0,0,True,True,OnlyGreenLL_0429,-5.3
5dbf261c3b89f23ccd3007af,1,2,0,1.0,AllColorsLL1_0526,AllColorsLH_0617,6.48,9.39,3.7,11.0,1,1,1,17.0,1.0,17,6.0,1.0,1,1,True,True,AllColorsLH_0617,13.2
6007421356226920359b5f3e,1,1,0,1.0,AllColorsLL1_0526,AllColorsLH_0617,6.48,9.39,11.9,15.1,1,1,1,27.0,1.0,5,5.0,1.0,1,1,True,True,NoRedLH1_0612,14.2
6007421356226920359b5f3e,2,1,0,1.0,AllColorsLH_0617,OnlyBlueLH_0706,9.39,8.84,9.1,8.6,0,1,1,48.0,1.0,18,18.0,1.0,1,1,False,False,NoRedLH1_0612,14.2
6007421356226920359b5f3e,3,1,0,1.0,AllColorsLH_0617,NoRedLH1_0612,9.39,10.87,11.4,13.0,1,1,1,21.0,1.0,19,19.0,1.0,1,1,True,True,NoRedLH1_0612,14.2
6007421356226920359b5f3e,5,1,0,1.0,NoRedLH1_0612,AllColorsLL1_0526,10.87,6.48,10.0,9.3,0,1,1,38.0,1.0,2,2.0,1.0,0,0,False,False,NoRedLH1_0612,14.2
66c9f523ec6668e0cfab755c,1,0,0,,AllColorsLL1_0526,OnlyGreenLL_0429,6.48,1.88,9.3,7.0,1,0,0,0.0,0.0,2,,0.0,-1,-1,False,False,OnlyBlueLH_0706,13.4
66c9f523ec6668e0cfab755c,2,0,0,,OnlyGreenLL_0429,OnlyBlueLH_0706,1.88,8.84,0.8,9.7,1,1,1,0.0,0.0,12,,0.0,1,1,True,True,OnlyBlueLH_0706,13.4
66c9f523ec6668e0cfab755c,3,0,0,,OnlyBlueLH_0706,AllColorsLL1_0526,8.84,6.48,10.4,10.4,1,0,1,0.0,0.0,19,,0.0,1,1,True,False,OnlyBlueLH_0706,13.4
66c9f523ec6668e0cfab755c,4,0,0,,AllColorsLL1_0526,OnlyBlueLH_0706,6.48,8.84,4.4,11.1,1,1,1,0.0,0.0,3,,0.0,1,1,True,True,OnlyBlueLH_0706,13.4
66c9f523ec6668e0cfab755c,5,0,0,,OnlyBlueLH_0706,OnlyBlueLH_0706,8.84,6.48,11.6,8.2,1,0,0,0.0,0.0,7,,,0,0,False,False,OnlyBlueLH_0706,13.4
5d7fd2a5987f70001602d95b,1,3,0,1.0,AllColorsLL1_0526,AllColorsLH_0617,6.48,9.39,4.1,9.8,1,1,1,284.0,1.0,14,18.0,1.0,1,1,True,True,NoRedLH1_0612,14.2
5d7fd2a5987f70001602d95b,3,3,0,2.0,AllColorsLH_0617,NoRedLH1_0612,9.39,10.87,10.9,13.4,1,1,1,29.0,1.0,13,9.0,1.0,1,1,True,True,NoRedLH1_0612,14.2
6658b1b0d96a48e41e7e971a,2,1,0,2.0,AllColorsLL1_0526,AllColorsLH_0617,6.48,9.39,3.7,11.0,1,1,1,22.0,1.0,17,17.0,1.0,1,1,True,True,OnlyBlueLL_0625,4.7
6658b1b0d96a48e41e7e971a,3,1,0,1.0,AllColorsLH_0617,NoRedLH1_0612,9.39,10.87,8.9,10.0,1,1,1,26.0,1.0,2,2.0,1.0,1,1,True,True,OnlyBlueLL_0625,4.7
6658b1b0d96a48e41e7e971a,5,1,0,0.0,NoRedLH1_0612,OnlyBlueLL_0625,10.87,7.49,12.8,11.6,1,0,0,19.0,1.0,7,7.0,0.0,1,1,False,False,OnlyBlueLL_0625,4.7
66743f920e8215acd55b8eb3,1,2,0,1.0,AllColorsLL1_0526,OnlyGreenLL_0429,6.48,1.88,8.0,8.4,0,1,0,55.0,1.0,11,6.0,1.0,-1,1,True,False,NoRedLH1_0612,14.2
66743f920e8215acd55b8eb3,2,2,0,1.0,AllColorsLL1_0526,OnlyBlueLL_0625,6.48,7.49,3.5,7.5,1,1,1,68.0,1.0,9,3.0,1.0,1,1,True,True,NoRedLH1_0612,14.2
66743f920e8215acd55b8eb3,3,2,0,1.0,OnlyBlueLL_0625,AllColorsLH_0617,7.49,9.39,2.7,7.8,1,1,1,23.0,1.0,16,14.0,1.0,1,1,True,True,NoRedLH1_0612,14.2
66743f920e8215acd55b8eb3,4,2,0,0.0,AllColorsLH_0617,NoRedLH1_0612,9.39,10.87,10.8,14.7,1,1,1,16.0,1.0,8,10.0,1.0,1,1,True,True,NoRedLH1_0612,14.2
6144b21806fb764e5f179bc2,1,2,1,1.0,AllColorsLL1_0526,AllColorsLH_0617,6.48,9.39,7.6,10.8,1,1,1,33.0,1.0,8,17.0,1.0,1,1,True,True,NoRedLH1_0612,14.2
6144b21806fb764e5f179bc2,2,2,1,2.0,AllColorsLH_0617,NoRedLH1_0612,9.39,10.87,8.9,10.0,0,0,0,35.0,1.0,2,10.0,0.0,1,1,True,True,NoRedLH1_0612,14.2
6144b21806fb764e5f179bc2,3,2,1,2.0,AllColorsLH_0617,NoRedLH1_0612,9.39,10.87,9.8,10.2,1,1,1,31.0,1.0,14,8.0,1.0,1,1,True,True,NoRedLH1_0612,14.2
6144b21806fb764e5f179bc2,5,2,1,1.0,NoRedLH1_0612,AllColorsLH_0617,10.87,9.39,9.9,11.0,0,1,0,28.0,1.0,11,8.0,1.0,1,1,True,False,NoRedLH1_0612,14.2
6776c927f9dc484f730bf614,2,3,1,1.0,AllColorsLL1_0526,OnlyBlueLH_0706,6.48,8.84,3.7,11.4,1,1,1,56.0,1.0,17,13.0,1.0,1,1,True,True,AllColorsLL1_0526,6.9
6776c927f9dc484f730bf614,3,3,1,0.0,OnlyBlueLH_0706,AllColorsLL1_0526,8.84,6.48,11.6,8.2,1,0,0,20.0,1.0,7,8.0,0.0,0,0,False,False,AllColorsLL1_0526,6.9
6776c927f9dc484f730bf614,5,3,1,1.0,AllColorsLL1_0526,OnlyBlueLH_0706,6.48,8.84,10.4,10.4,0,0,1,30.0,1.0,19,12.0,0.0,1,0,True,True,AllColorsLL1_0526,6.9
5e39e1e2c8aeb01fe7aca4b6,1,3,0,4.0,AllColorsLL1_0526,AllColorsLH_0617,6.48,9.39,5.6,11.4,1,1,1,16.0,1.0,6,14.0,1.0,1,1,True,True,NoRedLH1_0612,14.2
5e39e1e2c8aeb01fe7aca4b6,2,3,0,0.0,AllColorsLH_0617,AllColorsLL1_0526,9.39,6.48,7.2,4.9,0,1,1,25.0,1.0,10,12.0,1.0,0,0,False,False,NoRedLH1_0612,14.2
5e39e1e2c8aeb01fe7aca4b6,4,3,0,0.0,AllColorsLH_0617,AllColorsLL1_0526,9.39,6.48,6.1,3.5,0,1,1,15.0,1.0,9,15.0,0.0,0,0,False,False,NoRedLH1_0612,14.2
5e39e1e2c8aeb01fe7aca4b6,5,3,0,1.0,AllColorsLH_0617,NoRedLH1_0612,9.39,10.87,11.0,11.4,1,1,1,19.0,1.0,17,8.0,1.0,1,1,True,True,NoRedLH1_0612,14.2
66d31a1b0515fe747830bab9,1,3,1,1.0,AllColorsLL1_0526,OnlyGreenLL_0429,6.48,1.88,8.2,-0.5,1,0,0,21.0,1.0,15,12.0,0.0,-1,-1,False,False,OnlyGreenLL_0429,-5.3
66d31a1b0515fe747830bab9,2,3,1,2.0,OnlyGreenLL_0429,AllColorsLL1_0526,1.88,6.48,2.4,10.4,0,0,0,11.0,1.0,19,11.0,1.0,0,0,True,True,OnlyGreenLL_0429,-5.3
67e461f383bb0fc948ffd5fd,1,1,0,7.0,AllColorsLL1_0526,OnlyGreenLL_0429,6.48,1.88,10.9,7.3,1,0,0,32.0,1.0,13,13.0,0.0,-1,-1,False,False,NoRedLH1_0612,14.2
67e461f383bb0fc948ffd5fd,2,1,0,2.0,OnlyGreenLL_0429,AllColorsLH_0617,1.88,9.39,-0.5,7.8,1,1,1,34.0,1.0,15,15.0,1.0,1,-1,True,True,NoRedLH1_0612,14.2
67e461f383bb0fc948ffd5fd,3,1,0,3.0,AllColorsLH_0617,OnlyBlueLH_0706,9.39,8.84,9.1,8.6,1,0,0,46.0,1.0,18,18.0,0.0,1,1,False,False,NoRedLH1_0612,14.2
67e461f383bb0fc948ffd5fd,4,1,0,1.0,OnlyBlueLH_0706,NoRedLH1_0612,8.84,10.87,7.7,9.5,1,1,1,20.0,1.0,4,4.0,1.0,1,1,True,True,NoRedLH1_0612,14.2
67e461f383bb0fc948ffd5fd,5,1,0,1.0,NoRedLH1_0612,AllColorsLL1_0526,10.87,6.48,10.0,9.3,0,1,1,48.0,1.0,2,2.0,1.0,0,0,False,False,NoRedLH1_0612,14.2
67e069199f5b036960b0cc5f,1,2,0,3.0,AllColorsLL1_0526,OnlyBlueLH_0706,6.48,8.84,7.6,7.6,1,1,1,15.0,1.0,16,9.0,1.0,1,0,True,True,OnlyBlueLH_0706,13.4
67e069199f5b036960b0cc5f,2,2,0,0.0,OnlyBlueLH_0706,OnlyBlueLL_0625,8.84,7.49,10.4,10.4,0,1,1,48.0,1.0,19,5.0,1.0,1,0,True,False,OnlyBlueLH_0706,13.4
649ed52c6deb05c245aa42db,1,0,0,,AllColorsLL1_0526,OnlyBlueLH_0706,6.48,8.84,10.9,11.5,1,1,1,0.0,0.0,13,,0.0,1,1,True,True,OnlyBlueLL_0625,4.7
649ed52c6deb05c245aa42db,2,0,0,,OnlyBlueLH_0706,OnlyBlueLL_0625,8.84,7.49,8.6,10.2,1,0,1,0.0,0.0,18,,0.0,1,1,True,False,OnlyBlueLL_0625,4.7
649ed52c6deb05c245aa42db,3,0,0,,OnlyBlueLL_0625,OnlyBlueLH_0706,7.49,8.84,4.8,7.6,1,1,1,0.0,0.0,15,,0.0,1,-1,True,True,OnlyBlueLL_0625,4.7
649ed52c6deb05c245aa42db,4,0,0,,OnlyBlueLH_0706,OnlyBlueLL_0625,8.84,7.49,7.6,2.7,1,0,0,0.0,0.0,16,,0.0,1,-1,False,False,OnlyBlueLL_0625,4.7
649ed52c6deb05c245aa42db,5,0,0,,OnlyBlueLL_0625,OnlyBlueLL_0625,7.49,8.84,10.4,11.1,1,1,1,0.0,0.0,3,,,1,1,True,True,OnlyBlueLL_0625,4.7
67d01671bd666a9fb9c603fb,1,3,0,2.0,AllColorsLL1_0526,AllColorsLH_0617,6.48,9.39,4.1,9.8,1,1,1,66.0,1.0,14,10.0,1.0,1,1,True,True,OnlyBlueLH_0706,13.4
67d01671bd666a9fb9c603fb,2,3,0,2.0,AllColorsLH_0617,OnlyBlueLH_0706,9.39,8.84,9.3,7.7,1,0,0,64.0,1.0,4,18.0,0.0,1,1,False,False,OnlyBlueLH_0706,13.4
67d01671bd666a9fb9c603fb,3,3,0,1.0,OnlyBlueLH_0706,AllColorsLL1_0526,8.84,6.48,6.5,8.0,0,1,0,29.0,1.0,11,6.0,1.0,0,0,True,False,OnlyBlueLH_0706,13.4
67e1dc9c35b6facf1079fb30,1,2,1,1.0,AllColorsLL1_0526,AllColorsLH_0617,6.48,9.39,8.0,11.0,1,1,1,62.0,1.0,11,17.0,1.0,1,1,True,True,NoRedLH1_0612,14.2
67e1dc9c35b6facf1079fb30,2,2,1,0.0,AllColorsLH_0617,OnlyBlueLL_0625,9.39,7.49,7.8,2.7,0,1,1,31.0,1.0,16,8.0,1.0,1,-1,False,False,NoRedLH1_0612,14.2
67e1dc9c35b6facf1079fb30,3,2,1,1.0,AllColorsLH_0617,NoRedLH1_0612,9.39,10.87,11.9,12.8,1,1,1,14.0,1.0,7,9.0,1.0,1,1,True,True,NoRedLH1_0612,14.2
67e1dc9c35b6facf1079fb30,5,2,1,1.0,NoRedLH1_0612,OnlyBlueLL_0625,10.87,7.49,13.4,14.1,0,1,0,15.0,1.0,13,1.0,1.0,1,1,True,False,NoRedLH1_0612,14.2
676055469b245b53e81358d0,1,1,0,10.0,AllColorsLL1_0526,OnlyBlueLL_0625,6.48,7.49,4.9,7.8,1,1,1,26.0,1.0,10,10.0,1.0,1,1,True,True,NoRedLH1_0612,14.2
676055469b245b53e81358d0,2,1,0,7.0,OnlyBlueLL_0625,OnlyGreenLL_0429,7.49,1.88,4.7,4.4,1,0,0,14.0,1.0,14,14.0,0.0,-1,1,False,False,NoRedLH1_0612,14.2
676055469b245b53e81358d0,3,1,0,2.0,OnlyGreenLL_0429,AllColorsLH_0617,1.88,9.39,2.5,5.7,1,1,1,5.0,1.0,1,1.0,1.0,1,1,True,True,NoRedLH1_0612,14.2
676055469b245b53e81358d0,4,1,0,6.0,AllColorsLH_0617,NoRedLH1_0612,9.39,10.87,6.1,9.5,1,1,1,3.0,1.0,9,9.0,1.0,1,1,True,True,NoRedLH1_0612,14.2
661ec48c618b7a27e5a9077a,1,1,1,1.0,AllColorsLL1_0526,OnlyBlueLH_0706,6.48,8.84,4.3,8.6,1,1,1,76.0,1.0,18,18.0,1.0,1,1,True,True,OnlyBlueLH_0706,13.4
661ec48c618b7a27e5a9077a,2,1,1,1.0,OnlyBlueLH_0706,AllColorsLL1_0526,8.84,6.48,11.1,4.4,0,1,1,51.0,1.0,3,3.0,1.0,0,0,False,False,OnlyBlueLH_0706,13.4
661ec48c618b7a27e5a9077a,3,1,1,0.0,OnlyBlueLH_0706,AllColorsLL1_0526,8.84,6.48,7.7,7.3,0,1,1,45.0,1.0,4,4.0,1.0,0,0,False,False,OnlyBlueLH_0706,13.4
672be724a1f9a800fcbd3d02,4,2,0,1.0,AllColorsLL1_0526,OnlyBlueLH_0706,6.48,8.84,4.3,8.6,1,1,1,60.0,1.0,18,17.0,1.0,1,1,True,True,OnlyBlueLH_0706,13.4
60e526b8c0bb71dce32c3166,1,2,0,5.0,AllColorsLL1_0526,OnlyBlueLH_0706,6.48,8.84,4.3,8.6,1,1,1,52.0,1.0,18,17.0,1.0,1,1,True,True,AllColorsLH_0617,13.2
60e526b8c0bb71dce32c3166,2,2,0,2.0,OnlyBlueLH_0706,AllColorsLL1_0526,8.84,6.48,3.8,2.9,0,1,1,9.0,1.0,1,9.0,1.0,0,0,False,False,AllColorsLH_0617,13.2
60e526b8c0bb71dce32c3166,3,2,0,0.0,OnlyBlueLH_0706,AllColorsLH_0617,8.84,9.39,11.6,11.9,1,1,1,58.0,1.0,7,11.0,1.0,1,1,True,True,AllColorsLH_0617,13.2
60e526b8c0bb71dce32c3166,4,2,0,1.0,AllColorsLH_0617,NoRedLH1_0612,9.39,10.87,11.4,13.0,0,0,0,25.0,1.0,19,9.0,0.0,1,1,True,True,AllColorsLH_0617,13.2
60e526b8c0bb71dce32c3166,5,2,0,0.0,AllColorsLH_0617,OnlyBlueLL_0625,9.39,7.49,7.8,2.7,0,1,1,45.0,1.0,16,8.0,1.0,1,-1,False,False,AllColorsLH_0617,13.2
66f52b5788cb0f542d8b25d5,3,3,1,5.0,AllColorsLL1_0526,OnlyBlueLL_0625,6.48,7.49,4.4,10.4,1,1,1,20.0,1.0,3,11.0,0.0,1,1,True,True,OnlyGreenLL_0429,-5.3
66f52b5788cb0f542d8b25d5,4,3,1,0.0,OnlyBlueLL_0625,OnlyGreenLL_0429,7.49,1.88,7.7,-11.0,1,0,0,12.0,1.0,4,13.0,0.0,-1,-1,False,False,OnlyGreenLL_0429,-5.3
602d1d984787306b190f0b43,2,1,0,1.0,AllColorsLL1_0526,OnlyBlueLH_0706,6.48,8.84,7.6,12.8,1,1,1,13.0,1.0,8,12.0,1.0,1,1,True,True,OnlyBlueLH_0706,13.4
6604906b9c2bd27270e6cc2b,1,0,0,,AllColorsLL1_0526,OnlyBlueLL_0625,6.48,7.49,10.9,14.1,1,1,1,0.0,0.0,13,,0.0,1,1,True,True,AllColorsLH_0617,13.2
6604906b9c2bd27270e6cc2b,2,0,0,,OnlyBlueLL_0625,OnlyGreenLL_0429,7.49,1.88,3.6,7.5,1,0,1,0.0,0.0,8,,0.0,-1,-1,True,False,AllColorsLH_0617,13.2
6604906b9c2bd27270e6cc2b,3,0,0,,OnlyGreenLL_0429,AllColorsLH_0617,1.88,9.39,0.8,9.3,1,1,1,0.0,0.0,12,,0.0,1,1,True,True,AllColorsLH_0617,13.2
6604906b9c2bd27270e6cc2b,4,0,0,,AllColorsLH_0617,AllColorsLH_0617,9.39,7.49,7.2,7.8,1,0,1,0.0,0.0,10,,,1,1,True,False,AllColorsLH_0617,13.2
62b5da77688feb883eba275d,1,0,0,,AllColorsLL1_0526,OnlyBlueLH_0706,6.48,8.84,4.3,8.6,1,1,1,0.0,0.0,18,,0.0,1,1,True,True,OnlyBlueLH_0706,13.4
62b5da77688feb883eba275d,3,0,0,,OnlyBlueLH_0706,AllColorsLH_0617,8.84,9.39,7.7,9.3,1,1,1,0.0,0.0,4,,0.0,1,1,True,True,OnlyBlueLH_0706,13.4
62b5da77688feb883eba275d,4,0,0,,AllColorsLH_0617,OnlyBlueLH_0706,9.39,8.84,10.9,11.5,1,0,1,0.0,0.0,13,,0.0,1,1,True,False,OnlyBlueLH_0706,13.4
62b5da77688feb883eba275d,5,0,0,,OnlyBlueLH_0706,OnlyBlueLH_0706,8.84,9.39,11.4,11.4,1,1,1,0.0,0.0,6,,,1,1,True,True,OnlyBlueLH_0706,13.4
66c0f464e0ff62798027b486,2,3,0,3.0,AllColorsLL1_0526,AllColorsLH_0617,6.48,9.39,7.6,7.8,1,1,1,55.0,1.0,16,15.0,0.0,1,1,True,True,OnlyBlueLL_0625,4.7
66c0f464e0ff62798027b486,3,3,0,6.0,AllColorsLH_0617,NoRedLH1_0612,9.39,10.87,8.9,10.0,1,1,1,66.0,1.0,2,1.0,1.0,1,1,True,True,OnlyBlueLL_0625,4.7
66c0f464e0ff62798027b486,4,3,0,2.0,NoRedLH1_0612,AllColorsLH_0617,10.87,9.39,9.9,11.0,0,1,0,45.0,1.0,11,9.0,1.0,1,1,True,False,OnlyBlueLL_0625,4.7
66c0f464e0ff62798027b486,5,3,0,3.0,NoRedLH1_0612,OnlyBlueLL_0625,10.87,7.49,12.8,11.6,1,0,0,40.0,1.0,7,6.0,0.0,1,1,False,False,OnlyBlueLL_0625,4.7
63469da3cef76cc5b3523b97,1,2,1,1.0,AllColorsLL1_0526,OnlyBlueLH_0706,6.48,8.84,8.0,6.5,1,1,0,26.0,1.0,11,3.0,1.0,1,-1,False,True,AllColorsLH_0617,13.2
63469da3cef76cc5b3523b97,2,2,1,1.0,OnlyBlueLH_0706,AllColorsLH_0617,8.84,9.39,3.8,5.7,1,1,1,23.0,1.0,1,11.0,1.0,1,1,True,True,AllColorsLH_0617,13.2
665cc6c3bc1bea935ccfebbf,1,2,1,1.0,AllColorsLL1_0526,AllColorsLH_0617,6.48,9.39,4.1,9.8,1,1,1,48.0,1.0,14,6.0,1.0,1,1,True,True,NoRedLH1_0612,14.2
665cc6c3bc1bea935ccfebbf,2,2,1,3.0,AllColorsLH_0617,NoRedLH1_0612,9.39,10.87,8.9,10.0,1,1,1,21.0,1.0,2,10.0,1.0,1,1,True,True,NoRedLH1_0612,14.2
665cc6c3bc1bea935ccfebbf,3,2,1,4.0,NoRedLH1_0612,OnlyBlueLL_0625,10.87,7.49,9.9,6.7,0,1,1,22.0,1.0,11,1.0,1.0,1,-1,False,False,NoRedLH1_0612,14.2
66049315b5c325fdaafea8fa,1,1,0,2.0,AllColorsLL1_0526,AllColorsLH_0617,6.48,9.39,7.6,10.8,1,1,1,30.0,1.0,8,8.0,1.0,1,1,True,True,AllColorsLL1_0526,6.9
66049315b5c325fdaafea8fa,2,1,0,2.0,AllColorsLH_0617,OnlyBlueLL_0625,9.39,7.49,9.3,9.7,1,0,1,43.0,1.0,12,12.0,1.0,1,1,True,False,AllColorsLL1_0526,6.9
66049315b5c325fdaafea8fa,3,1,0,2.0,OnlyBlueLL_0625,OnlyBlueLH_0706,7.49,8.84,10.2,8.6,1,1,0,59.0,1.0,18,18.0,0.0,1,1,False,True,AllColorsLL1_0526,6.9
66049315b5c325fdaafea8fa,4,1,0,2.0,OnlyBlueLH_0706,AllColorsLL1_0526,8.84,6.48,11.5,10.9,0,1,1,31.0,1.0,13,13.0,1.0,0,0,False,False,AllColorsLL1_0526,6.9
66049315b5c325fdaafea8fa,5,1,0,1.0,OnlyBlueLH_0706,AllColorsLL1_0526,8.84,6.48,7.6,9.3,1,0,1,20.0,1.0,2,2.0,1.0,0,0,True,False,AllColorsLL1_0526,6.9
6314c1e76c3f71e2127f1976,3,0,0,,AllColorsLL1_0526,AllColorsLH_0617,6.48,9.39,4.9,7.2,1,1,1,0.0,0.0,10,,0.0,1,1,True,True,OnlyBlueLH_0706,13.4
6314c1e76c3f71e2127f1976,4,0,0,,AllColorsLH_0617,OnlyBlueLH_0706,9.39,8.84,10.9,11.5,1,0,1,0.0,0.0,13,,0.0,1,1,True,False,OnlyBlueLH_0706,13.4
655e1678dd2c966d4754ecb4,2,2,0,1.0,AllColorsLL1_0526,OnlyBlueLH_0706,6.48,8.84,10.4,10.4,1,1,1,31.0,1.0,19,17.0,1.0,1,0,True,True,NoRedLH1_0612,14.2
655e1678dd2c966d4754ecb4,3,2,0,4.0,OnlyBlueLH_0706,NoRedLH1_0612,8.84,10.87,7.4,10.2,1,1,1,26.0,1.0,14,18.0,1.0,1,1,True,True,NoRedLH1_0612,14.2
6426cfe964863ee2ff26642f,1,3,0,1.0,AllColorsLL1_0526,AllColorsLH_0617,6.48,9.39,3.5,6.1,1,1,1,21.0,1.0,9,17.0,1.0,1,1,True,True,OnlyBlueLH_0706,13.4
6426cfe964863ee2ff26642f,2,3,0,1.0,AllColorsLH_0617,AllColorsLL1_0526,9.39,6.48,9.8,4.1,1,0,0,19.0,1.0,14,16.0,0.0,0,0,False,False,OnlyBlueLH_0706,13.4
6426cfe964863ee2ff26642f,3,3,0,1.0,AllColorsLL1_0526,OnlyBlueLH_0706,6.48,8.84,8.0,6.5,1,1,0,20.0,1.0,11,5.0,1.0,1,-1,False,True,OnlyBlueLH_0706,13.4
6426cfe964863ee2ff26642f,4,3,0,0.0,OnlyBlueLH_0706,AllColorsLL1_0526,8.84,6.48,11.6,8.2,0,1,1,17.0,1.0,7,6.0,1.0,0,0,False,False,OnlyBlueLH_0706,13.4
673321669f5c5d443040682b,1,0,0,,AllColorsLL1_0526,OnlyBlueLH_0706,6.48,8.84,10.4,10.4,1,1,1,0.0,0.0,19,,0.0,1,1,True,True,AllColorsLL1_0526,6.9
673321669f5c5d443040682b,3,0,0,,OnlyBlueLH_0706,OnlyBlueLL_0625,8.84,7.49,8.6,10.2,1,0,1,0.0,0.0,18,,0.0,1,1,True,False,AllColorsLL1_0526,6.9
673321669f5c5d443040682b,4,0,0,,OnlyBlueLL_0625,AllColorsLL1_0526,7.49,6.48,2.7,7.6,1,0,1,0.0,0.0,16,,0.0,1,1,True,False,AllColorsLL1_0526,6.9
673321669f5c5d443040682b,5,0,0,,AllColorsLL1_0526,AllColorsLL1_0526,6.48,9.39,3.7,11.0,1,1,1,0.0,0.0,17,,,1,1,True,True,AllColorsLL1_0526,6.9
65f0f44f1cae5992a2cc2c8b,1,2,1,3.0,AllColorsLL1_0526,AllColorsLH_0617,6.48,9.39,11.9,15.1,1,1,1,41.0,1.0,5,3.0,1.0,1,1,True,True,NoRedLH1_0612,14.2
65f0f44f1cae5992a2cc2c8b,2,2,1,3.0,AllColorsLH_0617,OnlyBlueLL_0625,9.39,7.49,8.9,7.6,0,1,1,49.0,1.0,2,14.0,1.0,1,-1,False,False,NoRedLH1_0612,14.2
65f0f44f1cae5992a2cc2c8b,3,2,1,4.0,AllColorsLH_0617,NoRedLH1_0612,9.39,10.87,7.8,9.3,1,1,1,30.0,1.0,15,10.0,1.0,1,1,True,True,NoRedLH1_0612,14.2
65f0f44f1cae5992a2cc2c8b,4,2,1,4.0,NoRedLH1_0612,OnlyBlueLL_0625,10.87,7.49,12.2,10.2,0,1,1,20.0,1.0,18,1.0,1.0,1,1,False,False,NoRedLH1_0612,14.2
65f0f44f1cae5992a2cc2c8b,5,2,1,3.0,NoRedLH1_0612,AllColorsLL1_0526,10.87,6.48,9.1,7.6,0,1,1,35.0,1.0,16,18.0,1.0,0,0,False,False,NoRedLH1_0612,14.2
662c0e7a4a4e2b2fc26960f5,1,1,1,3.0,AllColorsLL1_0526,OnlyGreenLL_0429,6.48,1.88,3.5,2.6,1,0,0,56.0,1.0,9,9.0,0.0,-1,-1,False,False,OnlyBlueLH_0706,13.4
662c0e7a4a4e2b2fc26960f5,2,1,1,1.0,OnlyGreenLL_0429,OnlyBlueLL_0625,1.88,7.49,5.7,10.2,1,1,1,103.0,1.0,18,18.0,1.0,1,1,True,True,OnlyBlueLH_0706,13.4
662c0e7a4a4e2b2fc26960f5,3,1,1,1.0,OnlyBlueLL_0625,OnlyGreenLL_0429,7.49,1.88,10.2,-3.4,0,1,1,22.0,1.0,6,6.0,1.0,-1,-1,False,False,OnlyBlueLH_0706,13.4
662c0e7a4a4e2b2fc26960f5,4,1,1,1.0,OnlyBlueLL_0625,AllColorsLH_0617,7.49,9.39,7.8,7.2,0,0,1,158.0,1.0,10,10.0,1.0,1,1,False,True,OnlyBlueLH_0706,13.4
662c0e7a4a4e2b2fc26960f5,5,1,1,1.0,OnlyBlueLL_0625,OnlyBlueLH_0706,7.49,8.84,10.4,11.1,1,1,1,52.0,1.0,3,3.0,1.0,1,1,True,True,OnlyBlueLH_0706,13.4
680008702b9fd50b094a19eb,1,2,1,2.0,AllColorsLL1_0526,OnlyBlueLL_0625,6.48,7.49,5.6,10.2,1,1,1,48.0,1.0,6,18.0,1.0,1,1,True,True,NoRedLH1_0612,14.2
680008702b9fd50b094a19eb,2,2,1,1.0,OnlyBlueLL_0625,AllColorsLH_0617,7.49,9.39,7.5,6.1,1,1,0,22.0,1.0,9,14.0,1.0,1,1,False,True,NoRedLH1_0612,14.2
680008702b9fd50b094a19eb,3,2,1,1.0,AllColorsLH_0617,OnlyBlueLH_0706,9.39,8.84,9.3,7.7,1,0,0,27.0,1.0,4,9.0,1.0,1,1,False,False,NoRedLH1_0612,14.2
680008702b9fd50b094a19eb,4,2,1,1.0,OnlyBlueLH_0706,AllColorsLH_0617,8.84,9.39,7.6,7.8,1,1,1,11.0,1.0,15,9.0,0.0,1,-1,True,True,NoRedLH1_0612,14.2
680008702b9fd50b094a19eb,5,2,1,1.0,AllColorsLH_0617,NoRedLH1_0612,9.39,10.87,8.9,10.0,1,1,1,12.0,1.0,2,9.0,1.0,1,1,True,True,NoRedLH1_0612,14.2
653e666cc034dbb89a5b83ce,1,3,0,1.0,AllColorsLL1_0526,AllColorsLH_0617,6.48,9.39,8.2,11.9,1,1,1,22.0,1.0,7,17.0,1.0,1,1,True,True,OnlyBlueLH_0706,13.4
653e666cc034dbb89a5b83ce,2,3,0,1.0,AllColorsLH_0617,NoRedLH1_0612,9.39,10.87,8.9,10.0,0,0,0,21.0,1.0,2,11.0,1.0,1,1,True,True,OnlyBlueLH_0706,13.4
653e666cc034dbb89a5b83ce,3,3,0,1.0,AllColorsLH_0617,OnlyBlueLH_0706,9.39,8.84,6.1,9.5,1,0,1,38.0,1.0,9,4.0,0.0,1,1,True,False,OnlyBlueLH_0706,13.4
653e666cc034dbb89a5b83ce,5,3,0,0.0,OnlyBlueLH_0706,AllColorsLL1_0526,8.84,6.48,12.8,7.6,0,1,1,22.0,1.0,8,13.0,1.0,0,0,False,False,OnlyBlueLH_0706,13.4
67ae36e6472072f99199d636,1,3,0,4.0,AllColorsLL1_0526,AllColorsLH_0617,6.48,9.39,7.6,7.8,1,1,1,56.0,1.0,16,3.0,1.0,1,1,True,True,NoRedLH1_0612,14.2
67ae36e6472072f99199d636,2,3,0,2.0,AllColorsLH_0617,NoRedLH1_0612,9.39,10.87,8.9,10.0,1,1,1,16.0,1.0,2,4.0,1.0,1,1,True,True,NoRedLH1_0612,14.2
67ae36e6472072f99199d636,3,3,0,0.0,NoRedLH1_0612,OnlyBlueLH_0706,10.87,8.84,11.4,11.4,1,0,1,47.0,1.0,17,9.0,1.0,1,1,True,False,NoRedLH1_0612,14.2
67ae36e6472072f99199d636,4,3,0,3.0,OnlyBlueLH_0706,NoRedLH1_0612,8.84,10.87,7.4,10.2,1,1,1,11.0,1.0,14,15.0,1.0,1,1,True,True,NoRedLH1_0612,14.2
67ae36e6472072f99199d636,5,3,0,0.0,NoRedLH1_0612,OnlyBlueLH_0706,10.87,8.84,12.9,11.4,0,1,1,11.0,1.0,6,1.0,1.0,1,1,False,False,NoRedLH1_0612,14.2
5fec594488f057dbd3bdec07,2,1,1,4.0,AllColorsLL1_0526,AllColorsLH_0617,6.48,9.39,4.4,13.2,1,1,1,39.0,1.0,3,3.0,1.0,1,1,True,True,NoRedLH1_0612,14.2
5fec594488f057dbd3bdec07,3,1,1,3.0,AllColorsLH_0617,NoRedLH1_0612,9.39,10.87,9.3,9.5,0,0,0,13.0,1.0,4,4.0,0.0,1,1,True,True,NoRedLH1_0612,14.2
5fec594488f057dbd3bdec07,4,1,1,3.0,AllColorsLH_0617,NoRedLH1_0612,9.39,10.87,7.8,9.3,1,1,1,25.0,1.0,15,15.0,1.0,1,1,True,True,NoRedLH1_0612,14.2
5aad226f811b2000016f6be2,1,2,0,4.0,AllColorsLL1_0526,OnlyGreenLL_0429,6.48,1.88,9.3,7.0,0,1,1,30.0,1.0,2,6.0,1.0,-1,-1,False,False,OnlyBlueLH_0706,13.4
5aad226f811b2000016f6be2,2,2,0,1.0,AllColorsLL1_0526,OnlyBlueLH_0706,6.48,8.84,2.9,3.8,1,1,1,34.0,1.0,1,9.0,1.0,1,1,True,True,OnlyBlueLH_0706,13.4
5aad226f811b2000016f6be2,4,2,0,0.0,OnlyBlueLH_0706,OnlyBlueLL_0625,8.84,7.49,10.4,10.4,0,1,1,11.0,1.0,19,8.0,1.0,1,0,True,False,OnlyBlueLH_0706,13.4
5aad226f811b2000016f6be2,5,2,0,3.0,OnlyBlueLH_0706,OnlyBlueLL_0625,8.84,7.49,6.5,6.7,0,1,0,21.0,1.0,11,8.0,1.0,1,-1,True,False,OnlyBlueLH_0706,13.4
64d901edd0bcbd2cf64d560f,4,0,1,,AllColorsLL1_0526,OnlyGreenLL_0429,6.48,1.88,5.6,-3.4,1,0,0,0.0,0.0,6,,0.0,-1,-1,False,False,OnlyGreenLL_0429,-5.3
64d901edd0bcbd2cf64d560f,5,0,1,,OnlyGreenLL_0429,OnlyGreenLL_0429,1.88,9.39,4.4,9.8,1,1,1,0.0,0.0,14,,,1,1,True,True,OnlyGreenLL_0429,-5.3
5f51947ba90f9b3ea1d2fe61,2,3,0,1.0,AllColorsLL1_0526,OnlyBlueLL_0625,6.48,7.49,3.5,7.5,1,1,1,36.0,1.0,9,7.0,1.0,1,1,True,True,NoRedLH1_0612,14.2
5f51947ba90f9b3ea1d2fe61,3,3,0,1.0,OnlyBlueLL_0625,AllColorsLH_0617,7.49,9.39,6.7,11.0,1,1,1,32.0,1.0,11,17.0,1.0,1,1,True,True,NoRedLH1_0612,14.2
5f51947ba90f9b3ea1d2fe61,4,3,0,1.0,AllColorsLH_0617,NoRedLH1_0612,9.39,10.87,10.9,13.4,1,1,1,46.0,1.0,13,2.0,1.0,1,1,True,True,NoRedLH1_0612,14.2
